Date Time,SamplePacin,BottleNum,Incr_Flow,AliquotNum,Level_950,Vel_950,Flow_950,Level_PT,Flow_PT
MM/dd/yyyy hh:mm:ss,gal,,gal,ali,in,fps,gpm,in,gpm
03/10/2021 00:00:00,10000,1,2285.80,0,0.00,0.00,0.000,0.18,9.873
03/10/2021 00:01:00,10000,1,2295.67,0,0.00,0.00,0.000,0.18,9.873
03/10/2021 00:02:00,10000,1,2305.00,0,0.00,0.00,0.000,0.17,9.325
03/10/2021 00:03:00,10000,1,2314.32,0,0.00,0.00,0.000,0.17,9.325
03/10/2021 00:04:00,10000,1,2323.65,0,0.00,0.00,0.000,0.17,9.325
03/10/2021 00:05:00,10000,1,2332.42,0,0.00,0.00,0.000,0.16,8.776
03/10/2021 00:06:00,10000,1,2341.20,0,0.00,0.00,0.000,0.16,8.776
03/10/2021 00:07:00,10000,1,2350.52,0,0.00,0.00,0.000,0.17,9.325
03/10/2021 00:08:00,10000,1,2359.30,0,0.00,0.00,0.000,0.16,8.776
03/10/2021 00:09:00,10000,1,2368.07,0,0.00,0.00,0.000,0.16,8.776
03/10/2021 00:10:00,10000,1,2376.85,0,0.00,0.00,0.000,0.16,8.776
03/10/2021 00:11:00,10000,1,2385.63,0,0.00,0.00,0.000,0.16,8.776
03/10/2021 00:12:00,10000,1,2394.40,0,0.00,0.00,0.000,0.16,8.776
03/10/2021 00:13:00,10000,1,2403.18,0,0.00,0.00,0.000,0.16,8.776
03/10/2021 00:14:00,10000,1,2411.95,0,0.00,0.00,0.000,0.16,8.776
03/10/2021 00:15:00,10000,1,2420.18,0,0.00,0.00,0.000,0.15,8.228
03/10/2021 00:16:00,10000,1,2428.41,0,0.00,0.00,0.000,0.15,8.228
03/10/2021 00:17:00,10000,1,2436.64,0,0.00,0.00,0.000,0.15,8.228
03/10/2021 00:18:00,10000,1,2444.86,0,0.00,0.00,0.000,0.15,8.228
03/10/2021 00:19:00,10000,1,2452.54,0,0.00,0.00,0.000,0.14,7.679
03/10/2021 00:20:00,10000,1,2460.22,0,0.00,0.00,0.000,0.14,7.679
03/10/2021 00:21:00,10000,1,2467.90,0,0.00,0.00,0.000,0.14,7.679
03/10/2021 00:22:00,10000,1,2475.58,0,0.00,0.00,0.000,0.14,7.679
03/10/2021 00:23:00,10000,1,2483.26,0,0.00,0.00,0.000,0.14,7.679
03/10/2021 00:24:00,10000,1,2490.94,0,0.00,0.00,0.000,0.14,7.679
03/10/2021 00:25:00,10000,1,2498.62,0,0.00,0.00,0.000,0.14,7.679
03/10/2021 00:26:00,10000,1,2506.30,0,0.00,0.00,0.000,0.14,7.679
03/10/2021 00:27:00,10000,1,2513.43,0,0.00,0.00,0.000,0.13,7.131
03/10/2021 00:28:00,10000,1,2520.01,0,0.00,0.00,0.000,0.12,6.582
03/10/2021 00:29:00,10000,1,2527.14,0,0.00,0.00,0.000,0.13,7.131
03/10/2021 00:30:00,10000,1,2534.27,0,0.00,0.00,0.000,0.13,7.131
03/10/2021 00:31:00,10000,1,2541.40,0,0.00,0.00,0.000,0.13,7.131
03/10/2021 00:32:00,10000,1,2549.08,0,0.00,0.00,0.000,0.14,7.679
03/10/2021 00:33:00,10000,1,2555.66,0,0.00,0.00,0.000,0.12,6.582
03/10/2021 00:34:00,10000,1,2562.79,0,0.00,0.00,0.000,0.13,7.131
03/10/2021 00:35:00,10000,1,2569.37,0,0.00,0.00,0.000,0.12,6.582
03/10/2021 00:36:00,10000,1,2576.50,0,0.00,0.00,0.000,0.13,7.131
03/10/2021 00:37:00,10000,1,2583.63,0,0.00,0.00,0.000,0.13,7.131
03/10/2021 00:38:00,10000,1,2590.22,0,0.00,0.00,0.000,0.12,6.582
03/10/2021 00:39:00,10000,1,2596.80,0,0.00,0.00,0.000,0.12,6.582
03/10/2021 00:40:00,10000,1,2603.93,0,0.00,0.00,0.000,0.13,7.131
03/10/2021 00:41:00,10000,1,2610.51,0,0.00,0.00,0.000,0.12,6.582
03/10/2021 00:42:00,10000,1,2617.64,0,0.00,0.00,0.000,0.13,7.131
03/10/2021 00:43:00,10000,1,2624.22,0,0.00,0.00,0.000,0.12,6.582
03/10/2021 00:44:00,10000,1,2630.81,0,0.00,0.00,0.000,0.12,6.582
03/10/2021 00:45:00,10000,1,2637.39,0,0.00,0.00,0.000,0.12,6.582
03/10/2021 00:46:00,10000,1,2643.97,0,0.00,0.00,0.000,0.12,6.582
03/10/2021 00:47:00,10000,1,2650.55,0,0.00,0.00,0.000,0.12,6.582
03/10/2021 00:48:00,10000,1,2657.13,0,0.00,0.00,0.000,0.12,6.582
03/10/2021 00:49:00,10000,1,2663.72,0,0.00,0.00,0.000,0.12,6.582
03/10/2021 00:50:00,10000,1,2670.30,0,0.00,0.00,0.000,0.12,6.582
03/10/2021 00:51:00,10000,1,2676.88,0,0.00,0.00,0.000,0.12,6.582
03/10/2021 00:52:00,10000,1,2683.46,0,0.00,0.00,0.000,0.12,6.582
03/10/2021 00:53:00,10000,1,2690.04,0,0.00,0.00,0.000,0.12,6.582
03/10/2021 00:54:00,10000,1,2696.08,0,0.00,0.00,0.000,0.11,6.034
03/10/2021 00:55:00,10000,1,2702.66,0,0.00,0.00,0.000,0.12,6.582
03/10/2021 00:56:00,10000,1,2708.69,0,0.00,0.00,0.000,0.11,6.034
03/10/2021 00:57:00,10000,1,2715.27,0,0.00,0.00,0.000,0.12,6.582
03/10/2021 00:58:00,10000,1,2721.86,0,0.00,0.00,0.000,0.12,6.582
03/10/2021 00:59:00,10000,1,2728.44,0,0.00,0.00,0.000,0.12,6.582
03/10/2021 01:00:00,10000,1,2734.47,0,0.00,0.00,0.000,0.11,6.034
03/10/2021 01:01:00,10000,1,2740.51,0,0.00,0.00,0.000,0.11,6.034
03/10/2021 01:02:00,10000,1,2746.54,0,0.00,0.00,0.000,0.11,6.034
03/10/2021 01:03:00,10000,1,2752.57,0,0.00,0.00,0.000,0.11,6.034
03/10/2021 01:04:00,10000,1,2759.15,0,0.00,0.00,0.000,0.12,6.582
03/10/2021 01:05:00,10000,1,2765.19,0,0.00,0.00,0.000,0.11,6.034
03/10/2021 01:06:00,10000,1,2771.77,0,0.00,0.00,0.000,0.12,6.582
03/10/2021 01:07:00,10000,1,2777.80,0,0.00,0.00,0.000,0.11,6.034
03/10/2021 01:08:00,10000,1,2784.39,0,0.00,0.00,0.000,0.12,6.582
03/10/2021 01:09:00,10000,1,2790.42,0,0.00,0.00,0.000,0.11,6.034
03/10/2021 01:10:00,10000,1,2796.45,0,0.00,0.00,0.000,0.11,6.034
03/10/2021 01:11:00,10000,1,2802.49,0,0.00,0.00,0.000,0.11,6.034
03/10/2021 01:12:00,10000,1,2808.52,0,0.00,0.00,0.000,0.11,6.034
03/10/2021 01:13:00,10000,1,2814.55,0,0.00,0.00,0.000,0.11,6.034
03/10/2021 01:14:00,10000,1,2820.59,0,0.00,0.00,0.000,0.11,6.034
03/10/2021 01:15:00,10000,1,2826.62,0,0.00,0.00,0.000,0.11,6.034
03/10/2021 01:16:00,10000,1,2832.65,0,0.00,0.00,0.000,0.11,6.034
03/10/2021 01:17:00,10000,1,2838.69,0,0.00,0.00,0.000,0.11,6.034
03/10/2021 01:18:00,10000,1,2844.72,0,0.00,0.00,0.000,0.11,6.034
03/10/2021 01:19:00,10000,1,2850.75,0,0.00,0.00,0.000,0.11,6.034
03/10/2021 01:20:00,10000,1,2856.24,0,0.00,0.00,0.000,0.10,5.485
03/10/2021 01:21:00,10000,1,2862.27,0,0.00,0.00,0.000,0.11,6.034
03/10/2021 01:22:00,10000,1,2868.31,0,0.00,0.00,0.000,0.11,6.034
03/10/2021 01:23:00,10000,1,2874.34,0,0.00,0.00,0.000,0.11,6.034
03/10/2021 01:24:00,10000,1,2880.37,0,0.00,0.00,0.000,0.11,6.034
03/10/2021 01:25:00,10000,1,2886.41,0,0.00,0.00,0.000,0.11,6.034
03/10/2021 01:26:00,10000,1,2892.44,0,0.00,0.00,0.000,0.11,6.034
03/10/2021 01:27:00,10000,1,2898.47,0,0.00,0.00,0.000,0.11,6.034
03/10/2021 01:28:00,10000,1,2903.96,0,0.00,0.00,0.000,0.10,5.485
03/10/2021 01:29:00,10000,1,2909.99,0,0.00,0.00,0.000,0.11,6.034
03/10/2021 01:30:00,10000,1,2916.03,0,0.00,0.00,0.000,0.11,6.034
03/10/2021 01:31:00,10000,1,2922.06,0,0.00,0.00,0.000,0.11,6.034
03/10/2021 01:32:00,10000,1,2928.09,0,0.00,0.00,0.000,0.11,6.034
03/10/2021 01:33:00,10000,1,2934.13,0,0.00,0.00,0.000,0.11,6.034
03/10/2021 01:34:00,10000,1,2939.61,0,0.00,0.00,0.000,0.10,5.485
03/10/2021 01:35:00,10000,1,2945.64,0,0.00,0.00,0.000,0.11,6.034
03/10/2021 01:36:00,10000,1,2951.13,0,0.00,0.00,0.000,0.10,5.485
03/10/2021 01:37:00,10000,1,2956.61,0,0.00,0.00,0.000,0.10,5.485
03/10/2021 01:38:00,10000,1,2962.10,0,0.00,0.00,0.000,0.10,5.485
03/10/2021 01:39:00,10000,1,2967.58,0,0.00,0.00,0.000,0.10,5.485
03/10/2021 01:40:00,10000,1,2973.07,0,0.00,0.00,0.000,0.10,5.485
03/10/2021 01:41:00,10000,1,2978.55,0,0.00,0.00,0.000,0.10,5.485
03/10/2021 01:42:00,10000,1,2983.49,0,0.00,0.00,0.000,0.09,4.937
03/10/2021 01:43:00,10000,1,2988.43,0,0.00,0.00,0.000,0.09,4.937
03/10/2021 01:44:00,10000,1,2993.36,0,0.00,0.00,0.000,0.09,4.937
03/10/2021 01:45:00,10000,1,2998.30,0,0.00,0.00,0.000,0.09,4.937
03/10/2021 01:46:00,10000,1,3003.24,0,0.00,0.00,0.000,0.09,4.937
03/10/2021 01:47:00,10000,1,3008.17,0,0.00,0.00,0.000,0.09,4.937
03/10/2021 01:48:00,10000,1,3013.66,0,0.00,0.00,0.000,0.10,5.485
03/10/2021 01:49:00,10000,1,3018.59,0,0.00,0.00,0.000,0.09,4.937
03/10/2021 01:50:00,10000,1,3024.08,0,0.00,0.00,0.000,0.10,5.485
03/10/2021 01:51:00,10000,1,3029.02,0,0.00,0.00,0.000,0.09,4.937
03/10/2021 01:52:00,10000,1,3033.95,0,0.00,0.00,0.000,0.09,4.937
03/10/2021 01:53:00,10000,1,3039.44,0,0.00,0.00,0.000,0.10,5.485
03/10/2021 01:54:00,10000,1,3044.92,0,0.00,0.00,0.000,0.10,5.485
03/10/2021 01:55:00,10000,1,3049.86,0,0.00,0.00,0.000,0.09,4.937
03/10/2021 01:56:00,10000,1,3054.80,0,0.00,0.00,0.000,0.09,4.937
03/10/2021 01:57:00,10000,1,3059.73,0,0.00,0.00,0.000,0.09,4.937
03/10/2021 01:58:00,10000,1,3065.22,0,0.00,0.00,0.000,0.10,5.485
03/10/2021 01:59:00,10000,1,3070.15,0,0.00,0.00,0.000,0.09,4.937
03/10/2021 02:00:00,10000,1,3075.64,0,0.00,0.00,0.000,0.10,5.485
03/10/2021 02:01:00,10000,1,3080.58,0,0.00,0.00,0.000,0.09,4.937
03/10/2021 02:02:00,10000,1,3086.06,0,0.00,0.00,0.000,0.10,5.485
03/10/2021 02:03:00,10000,1,3091.55,0,0.00,0.00,0.000,0.10,5.485
03/10/2021 02:04:00,10000,1,3097.03,0,0.00,0.00,0.000,0.10,5.485
03/10/2021 02:05:00,10000,1,3101.97,0,0.00,0.00,0.000,0.09,4.937
03/10/2021 02:06:00,10000,1,3107.45,0,0.00,0.00,0.000,0.10,5.485
03/10/2021 02:07:00,10000,1,3113.49,0,0.00,0.00,0.000,0.11,6.034
03/10/2021 02:08:00,10000,1,3118.97,0,0.00,0.00,0.000,0.10,5.485
03/10/2021 02:09:00,10000,1,3124.46,0,0.00,0.00,0.000,0.10,5.485
03/10/2021 02:10:00,10000,1,3130.49,0,0.00,0.00,0.000,0.11,6.034
03/10/2021 02:11:00,10000,1,3136.52,0,0.00,0.00,0.000,0.11,6.034
03/10/2021 02:12:00,10000,1,3142.56,0,0.00,0.00,0.000,0.11,6.034
03/10/2021 02:13:00,10000,1,3149.14,0,0.00,0.00,0.000,0.12,6.582
03/10/2021 02:14:00,10000,1,3155.72,0,0.00,0.00,0.000,0.12,6.582
03/10/2021 02:15:00,10000,1,3162.30,0,0.00,0.00,0.000,0.12,6.582
03/10/2021 02:16:00,10000,1,3167.79,0,0.00,0.00,0.000,0.10,5.485
03/10/2021 02:17:00,10000,1,3173.82,0,0.00,0.00,0.000,0.11,6.034
03/10/2021 02:18:00,10000,1,3179.85,0,0.00,0.00,0.000,0.11,6.034
03/10/2021 02:19:00,10000,1,3185.89,0,0.00,0.00,0.000,0.11,6.034
03/10/2021 02:20:00,10000,1,3191.37,0,0.00,0.00,0.000,0.10,5.485
03/10/2021 02:21:00,10000,1,3202.89,0,0.00,0.00,0.000,0.21,11.519
03/10/2021 02:22:00,10000,1,3214.41,0,0.00,0.00,0.000,0.21,11.519
03/10/2021 02:23:00,10000,1,3225.38,0,0.00,0.00,0.000,0.20,10.970
03/10/2021 02:24:00,10000,1,3236.35,0,0.00,-99.00,0.000,0.20,10.970
03/10/2021 02:25:00,10000,1,3247.32,0,0.00,0.00,0.000,0.20,10.970
03/10/2021 02:26:00,10000,1,3258.84,0,0.00,0.00,0.000,0.21,11.519
03/10/2021 02:27:00,10000,1,3270.36,0,0.00,0.00,0.000,0.21,11.519
03/10/2021 02:28:00,10000,1,3282.42,0,0.00,0.00,0.000,0.22,12.067
03/10/2021 02:29:00,10000,1,3293.94,0,0.00,0.00,0.000,0.21,11.519
03/10/2021 02:30:00,10000,1,3305.46,0,0.00,0.00,0.000,0.21,11.519
03/10/2021 02:31:00,10000,1,3317.53,0,0.00,0.00,0.000,0.22,12.067
03/10/2021 02:32:00,10000,1,3329.05,0,0.00,0.00,0.000,0.21,11.519
03/10/2021 02:33:00,10000,1,3340.56,0,0.00,0.00,0.000,0.21,11.519
03/10/2021 02:34:00,10000,1,3352.08,0,0.00,0.00,0.000,0.21,11.519
03/10/2021 02:35:00,10000,1,3363.60,0,0.00,-99.00,0.000,0.21,11.519
03/10/2021 02:36:00,10000,1,3375.12,0,0.00,0.00,0.000,0.21,11.519
03/10/2021 02:37:00,10000,1,3386.64,0,0.00,-99.00,0.000,0.21,11.519
03/10/2021 02:38:00,10000,1,3397.61,0,0.00,0.00,0.000,0.20,10.970
03/10/2021 02:39:00,10000,1,3408.58,0,0.00,0.00,0.000,0.20,10.970
03/10/2021 02:40:00,10000,1,3419.55,0,0.00,0.00,0.000,0.20,10.970
03/10/2021 02:41:00,10000,1,3437.21,0,0.00,0.74,0.000,0.31,17.665
03/10/2021 02:42:00,10000,1,3460.93,0,0.26,0.62,6.329,0.36,23.712
03/10/2021 02:43:00,10000,1,3485.85,0,0.30,0.79,9.341,0.37,24.922
03/10/2021 02:44:00,10000,1,3510.77,0,0.43,0.90,15.484,0.37,24.922
03/10/2021 02:45:00,10000,1,3538.11,0,0.48,0.87,16.556,0.39,27.341
03/10/2021 02:46:00,10000,1,3567.87,0,0.39,0.95,14.618,0.41,29.760
03/10/2021 02:47:00,10000,1,3598.84,0,0.60,1.35,33.107,0.42,30.970
03/10/2021 02:48:00,10000,1,3629.81,0,0.52,1.20,25.051,0.42,30.970
03/10/2021 02:49:00,10000,1,3661.99,0,0.73,0.91,27.542,0.43,32.179
03/10/2021 02:50:00,10000,1,3692.96,0,0.56,1.18,26.836,0.42,30.970
03/10/2021 02:51:00,10000,1,3723.93,0,0.56,1.26,28.489,0.42,30.970
03/10/2021 02:52:00,10000,1,3754.90,0,0.60,1.26,30.779,0.42,30.970
03/10/2021 02:53:00,10000,1,3783.45,0,0.52,1.09,22.637,0.40,28.551
03/10/2021 02:54:00,10000,1,3813.21,0,0.69,0.96,27.037,0.41,29.760
03/10/2021 02:55:00,10000,1,3841.76,0,0.69,1.08,30.459,0.40,28.551
03/10/2021 02:56:00,10000,1,3869.10,0,0.52,0.86,17.852,0.39,27.341
03/10/2021 02:57:00,10000,1,3895.23,0,0.56,1.13,25.500,0.38,26.132
03/10/2021 02:58:00,10000,1,3920.15,0,0.60,1.07,26.270,0.37,24.922
03/10/2021 02:59:00,10000,1,3945.08,0,0.56,1.04,23.620,0.37,24.922
03/10/2021 03:00:00,10000,1,3968.79,0,0.48,0.86,16.271,0.36,23.712
03/10/2021 03:01:00,10000,1,3992.50,0,0.35,0.98,13.355,0.36,23.712
03/10/2021 03:02:00,10000,1,4016.21,0,0.30,0.88,10.531,0.36,23.712
03/10/2021 03:03:00,10000,1,4039.93,0,0.39,-99.00,1.371,0.36,23.712
03/10/2021 03:04:00,10000,1,4063.64,0,0.35,-99.00,1.282,0.36,23.712
03/10/2021 03:05:00,10000,1,4086.14,0,0.30,-99.00,1.000,0.35,22.503
03/10/2021 03:06:00,10000,1,4107.44,0,0.48,1.13,21.359,0.34,21.293
03/10/2021 03:07:00,10000,1,4128.73,0,0.22,-99.00,0.644,0.34,21.293
03/10/2021 03:08:00,10000,1,4148.81,0,0.43,1.16,19.901,0.33,20.084
03/10/2021 03:09:00,10000,1,4168.90,0,0.30,1.42,16.956,0.33,20.084
03/10/2021 03:10:00,10000,1,4190.19,0,0.48,-99.00,1.139,0.34,21.293
03/10/2021 03:11:00,10000,1,4209.06,0,0.30,-99.00,0.797,0.32,18.874
03/10/2021 03:12:00,10000,1,4227.94,0,0.30,-99.00,0.678,0.32,18.874
03/10/2021 03:13:00,10000,1,4246.81,0,0.26,-99.00,0.600,0.32,18.874
03/10/2021 03:14:00,10000,1,4264.48,0,0.39,-99.00,0.601,0.31,17.665
03/10/2021 03:15:00,10000,1,4283.35,0,0.43,-99.00,0.894,0.32,18.874
03/10/2021 03:16:00,10000,1,4302.22,0,0.18,-99.00,0.360,0.32,18.874
03/10/2021 03:17:00,10000,1,4321.10,0,0.13,-99.00,0.241,0.32,18.874
03/10/2021 03:18:00,10000,1,4338.76,0,0.22,-99.00,0.407,0.31,17.665
03/10/2021 03:19:00,10000,1,4355.22,0,0.22,-99.00,0.441,0.30,16.455
03/10/2021 03:20:00,10000,1,4371.67,0,0.18,0.79,5.342,0.30,16.455
03/10/2021 03:21:00,10000,1,4388.13,0,0.26,-99.00,0.621,0.30,16.455
03/10/2021 03:22:00,10000,1,4404.03,0,0.00,-99.00,0.000,0.29,15.907
03/10/2021 03:23:00,10000,1,4419.94,0,-99.00,-99.00,0.407,0.29,15.907
03/10/2021 03:24:00,10000,1,4435.30,0,0.22,-99.00,0.432,0.28,15.358
03/10/2021 03:25:00,10000,1,4450.66,0,0.26,-99.00,0.488,0.28,15.358
03/10/2021 03:26:00,10000,1,4466.56,0,-99.00,-99.00,0.000,0.29,15.907
03/10/2021 03:27:00,10000,1,4481.92,0,-99.00,-99.00,0.539,0.28,15.358
03/10/2021 03:28:00,10000,1,4496.73,0,0.00,-99.00,0.000,0.27,14.810
03/10/2021 03:29:00,10000,1,4511.54,0,0.13,-99.00,0.266,0.27,14.810
03/10/2021 03:30:00,10000,1,4526.35,0,0.22,-99.00,0.415,0.27,14.810
03/10/2021 03:31:00,10000,1,4541.16,0,0.00,-99.00,0.000,0.27,14.810
03/10/2021 03:32:00,10000,1,4555.42,0,0.00,-99.00,0.000,0.26,14.261
03/10/2021 03:33:00,10000,1,4569.13,0,0.00,-99.00,0.000,0.25,13.713
03/10/2021 03:34:00,10000,1,4583.39,0,0.00,-99.00,0.000,0.26,14.261
03/10/2021 03:35:00,10000,1,4597.11,0,0.00,-99.00,0.000,0.25,13.713
03/10/2021 03:36:00,10000,1,4610.82,0,0.00,-99.00,0.000,0.25,13.713
03/10/2021 03:37:00,10000,1,4624.53,0,0.00,-99.00,0.000,0.25,13.713
03/10/2021 03:38:00,10000,1,4638.79,0,0.00,-99.00,0.000,0.26,14.261
03/10/2021 03:39:00,10000,1,4651.96,0,0.00,-99.00,0.000,0.24,13.164
03/10/2021 03:40:00,10000,1,4665.12,0,0.00,-99.00,0.000,0.24,13.164
03/10/2021 03:41:00,10000,1,4677.74,0,0.00,-99.00,0.000,0.23,12.616
03/10/2021 03:42:00,10000,1,4690.35,0,0.00,-99.00,0.000,0.23,12.616
03/10/2021 03:43:00,10000,1,4702.97,0,0.00,-99.00,0.000,0.23,12.616
03/10/2021 03:44:00,10000,1,4716.13,0,0.00,-99.00,0.000,0.24,13.164
03/10/2021 03:45:00,10000,1,4729.29,0,0.00,-99.00,0.000,0.24,13.164
03/10/2021 03:46:00,10000,1,4741.91,0,0.00,-99.00,0.000,0.23,12.616
03/10/2021 03:47:00,10000,1,4754.53,0,0.00,-99.00,0.000,0.23,12.616
03/10/2021 03:48:00,10000,1,4767.14,0,0.00,-99.00,0.000,0.23,12.616
03/10/2021 03:49:00,10000,1,4779.76,0,0.00,-99.00,0.000,0.23,12.616
03/10/2021 03:50:00,10000,1,4791.82,0,0.00,-99.00,0.000,0.22,12.067
03/10/2021 03:51:00,10000,1,4803.89,0,0.00,-99.00,0.000,0.22,12.067
03/10/2021 03:52:00,10000,1,4815.96,0,0.00,-99.00,0.000,0.22,12.067
03/10/2021 03:53:00,10000,1,4827.48,0,0.00,-99.00,0.000,0.21,11.519
03/10/2021 03:54:00,10000,1,4839.54,0,0.00,-99.00,0.000,0.22,12.067
03/10/2021 03:55:00,10000,1,4851.06,0,0.00,-99.00,0.000,0.21,11.519
03/10/2021 03:56:00,10000,1,4862.58,0,0.00,-99.00,0.000,0.21,11.519
03/10/2021 03:57:00,10000,1,4874.10,0,0.00,-99.00,0.000,0.21,11.519
03/10/2021 03:58:00,10000,1,4885.62,0,0.00,-99.00,0.000,0.21,11.519
03/10/2021 03:59:00,10000,1,4897.14,0,0.00,-99.00,0.000,0.21,11.519
03/10/2021 04:00:00,10000,1,4909.20,0,0.00,0.83,0.000,0.22,12.067
03/10/2021 04:01:00,10000,1,4921.82,0,0.00,-99.00,0.000,0.23,12.616
03/10/2021 04:02:00,10000,1,4934.43,0,0.00,0.35,0.000,0.23,12.616
03/10/2021 04:03:00,5000,1,4948.15,0,0.00,-99.00,0.000,0.25,13.713
03/10/2021 04:04:00,5000,1,4962.96,0,0.00,-99.00,0.000,0.27,14.810
03/10/2021 04:05:00,5000,1,4978.86,0,0.00,0.30,0.000,0.29,15.907
03/10/2021 04:06:00,5000,1,4995.32,0,0.22,-99.00,2.821,0.30,16.455
03/10/2021 04:07:00,5000,1,11.77,0,0.09,0.33,1.147,0.30,16.455
03/10/2021 04:08:00,5000,1,28.23,1,0.09,-99.00,1.429,0.30,16.455
03/10/2021 04:09:00,5000,1,55.57,1,0.22,0.93,7.888,0.39,27.341
03/10/2021 04:10:00,5000,1,88.96,1,0.65,1.10,28.890,0.44,33.389
03/10/2021 04:11:00,5000,1,143.44,1,0.73,1.20,36.299,0.61,54.479
03/10/2021 04:12:00,5000,1,211.82,1,0.82,1.84,62.729,0.69,68.379
03/10/2021 04:13:00,5000,1,318.91,1,0.90,2.59,98.658,0.91,107.089
03/10/2021 04:14:00,5000,1,514.75,1,1.45,2.11,138.533,1.29,195.849
03/10/2021 04:15:00,5000,1,798.80,1,1.92,2.30,210.695,1.60,284.044
03/10/2021 04:16:00,5000,1,1057.56,1,1.07,1.87,86.601,1.52,258.762
03/10/2021 04:17:00,5000,1,1389.01,1,1.20,2.30,120.703,1.75,331.449
03/10/2021 04:18:00,5000,1,1750.76,1,1.20,2.26,118.969,1.84,361.757
03/10/2021 04:19:00,5000,1,2223.21,1,1.54,2.44,171.292,2.14,472.442
03/10/2021 04:20:00,5000,1,2703.85,1,1.80,2.43,204.940,2.16,480.638
03/10/2021 04:21:00,5000,1,3278.73,1,2.15,2.82,296.541,2.39,574.888
03/10/2021 04:22:00,5000,1,3898.90,1,2.51,3.52,447.727,2.49,620.170
03/10/2021 04:23:00,5000,1,4635.42,1,2.51,3.54,451.038,2.74,736.515
03/10/2021 04:24:00,5000,1,377.00,1,2.56,3.73,487.896,2.75,741.578
03/10/2021 04:25:00,5000,1,1070.38,2,2.90,3.90,599.014,2.65,693.385
03/10/2021 04:26:00,5000,1,1944.08,2,2.72,3.96,560.075,3.01,873.701
03/10/2021 04:27:00,5000,1,2776.79,2,2.92,4.13,638.532,2.93,832.704
03/10/2021 04:28:00,5000,1,3717.19,2,3.21,4.29,750.428,3.13,940.407
03/10/2021 04:29:00,5000,1,4585.34,2,3.41,4.73,896.175,3.00,868.142
03/10/2021 04:30:00,5000,1,497.95,2,3.39,4.30,808.802,3.08,912.613
03/10/2021 04:31:00,5000,1,1581.38,3,3.50,4.52,885.712,3.38,1083.429
03/10/2021 04:32:00,5000,1,2499.55,3,3.25,4.41,785.852,3.09,918.172
03/10/2021 04:33:00,5000,1,3467.75,3,3.59,4.59,932.670,3.18,968.201
03/10/2021 04:34:00,5000,1,4315.64,3,3.88,4.50,1016.204,2.96,847.892
03/10/2021 04:35:00,5000,1,189.34,3,3.54,4.33,864.977,3.01,873.701
03/10/2021 04:36:00,5000,1,1032.17,4,3.43,4.15,792.514,2.95,842.829
03/10/2021 04:37:00,5000,1,1829.44,4,2.88,4.01,608.324,2.86,797.266
03/10/2021 04:38:00,5000,1,2682.39,4,2.98,3.76,598.355,2.97,852.954
03/10/2021 04:39:00,5000,1,3550.53,4,3.00,3.75,601.119,3.00,868.142
03/10/2021 04:40:00,5000,1,4337.67,4,2.82,3.59,532.915,2.84,787.141
03/10/2021 04:41:00,5000,1,12.76,4,2.80,3.70,542.291,2.61,675.081
03/10/2021 04:42:00,5000,1,774.58,5,2.63,3.71,502.280,2.79,761.828
03/10/2021 04:43:00,5000,1,1495.91,5,2.68,3.77,521.579,2.71,721.328
03/10/2021 04:44:00,5000,1,2161.84,5,2.66,3.74,514.583,2.59,665.929
03/10/2021 04:45:00,5000,1,2918.61,5,2.61,3.62,485.278,2.78,756.766
03/10/2021 04:46:00,5000,1,3634.87,5,2.64,3.39,460.834,2.70,716.265
03/10/2021 04:47:00,5000,1,4259.62,5,2.54,3.62,467.332,2.50,624.746
03/10/2021 04:48:00,5000,1,4925.55,5,2.51,3.11,396.247,2.59,665.929
03/10/2021 04:49:00,5000,1,504.53,5,2.20,2.91,313.780,2.40,578.986
03/10/2021 04:50:00,5000,1,1075.32,6,1.98,2.78,263.491,2.38,570.790
03/10/2021 04:51:00,5000,1,1672.61,6,2.09,2.56,259.372,2.44,597.290
03/10/2021 04:52:00,5000,1,2243.40,6,1.65,2.57,196.393,2.38,570.790
03/10/2021 04:53:00,5000,1,2863.57,6,1.96,2.64,246.970,2.49,620.170
03/10/2021 04:54:00,5000,1,3479.17,6,1.73,2.44,197.083,2.48,615.594
03/10/2021 04:55:00,5000,1,3980.29,6,1.80,2.22,187.629,2.21,501.127
03/10/2021 04:56:00,5000,1,4452.74,6,1.67,2.08,160.381,2.14,472.442
03/10/2021 04:57:00,5000,1,4847.13,6,1.46,1.96,129.095,1.93,394.397
03/10/2021 04:58:00,5000,1,201.64,6,1.54,2.17,152.588,1.82,354.503
03/10/2021 04:59:00,5000,1,510.96,7,1.50,1.92,130.823,1.68,309.326
03/10/2021 05:00:00,5000,1,823.45,7,1.54,1.78,125.305,1.69,312.487
03/10/2021 05:01:00,5000,1,1110.65,7,1.24,1.60,87.664,1.61,287.204
03/10/2021 05:02:00,5000,1,1388.38,7,1.33,1.74,102.504,1.58,277.723
03/10/2021 05:03:00,5000,1,1678.74,7,1.33,1.68,99.255,1.62,290.365
03/10/2021 05:04:00,5000,1,1953.31,7,1.29,1.64,93.586,1.57,274.563
03/10/2021 05:05:00,5000,1,2231.03,7,1.03,1.77,78.215,1.58,277.723
03/10/2021 05:06:00,5000,1,2475.38,7,1.16,1.84,92.608,1.47,244.356
03/10/2021 05:07:00,5000,1,2714.35,7,1.24,1.69,92.698,1.45,238.967
03/10/2021 05:08:00,5000,1,2953.32,7,1.24,1.77,97.076,1.45,238.967
03/10/2021 05:09:00,5000,1,3178.81,7,1.16,1.76,88.876,1.40,225.492
03/10/2021 05:10:00,5000,1,3393.52,7,0.99,1.77,74.747,1.36,214.713
03/10/2021 05:11:00,5000,1,3602.85,7,0.94,1.88,75.425,1.34,209.323
03/10/2021 05:12:00,5000,1,3820.25,7,1.11,1.87,90.278,1.37,217.408
03/10/2021 05:13:00,5000,1,4013.41,7,1.03,1.86,82.189,1.28,193.154
03/10/2021 05:14:00,5000,1,4193.09,7,0.99,1.59,66.872,1.23,179.680
03/10/2021 05:15:00,5000,1,4370.07,7,0.99,1.55,65.482,1.22,176.985
03/10/2021 05:16:00,5000,1,4541.67,7,0.99,1.71,72.010,1.20,171.595
03/10/2021 05:17:00,5000,1,4699.92,7,0.90,1.57,59.568,1.14,158.249
03/10/2021 05:18:00,5000,1,4855.94,7,0.82,1.37,46.740,1.13,156.025
03/10/2021 05:19:00,5000,1,9.74,7,0.86,1.35,48.619,1.12,153.800
03/10/2021 05:20:00,5000,1,154.64,8,0.90,1.33,50.776,1.08,144.903
03/10/2021 05:21:00,5000,1,292.87,8,0.77,1.10,35.414,1.05,138.230
03/10/2021 05:22:00,5000,1,424.43,8,0.60,1.16,28.451,1.02,131.557
03/10/2021 05:23:00,5000,1,553.76,8,0.82,1.11,37.706,1.01,129.333
03/10/2021 05:24:00,5000,1,685.32,8,0.82,1.08,36.819,1.02,131.557
03/10/2021 05:25:00,5000,1,819.10,8,0.56,1.05,23.688,1.03,133.781
03/10/2021 05:26:00,5000,1,930.64,8,0.56,1.59,36.053,0.93,111.538
03/10/2021 05:27:00,5000,1,1044.40,8,0.73,1.44,43.366,0.94,113.762
03/10/2021 05:28:00,5000,1,1147.53,8,0.69,1.39,39.227,0.89,103.128
03/10/2021 05:29:00,5000,1,1256.84,8,0.73,1.56,46.990,0.92,109.314
03/10/2021 05:30:00,5000,1,1366.16,8,0.73,1.36,40.920,0.92,109.314
03/10/2021 05:31:00,5000,1,1462.34,8,0.69,1.12,31.732,0.85,96.178
03/10/2021 05:32:00,5000,1,1558.51,8,0.56,1.13,25.658,0.85,96.178
03/10/2021 05:33:00,5000,1,1658.17,8,0.48,1.11,21.094,0.87,99.653
03/10/2021 05:34:00,5000,1,1752.61,8,0.60,1.11,27.225,0.84,94.440
03/10/2021 05:35:00,5000,1,1850.52,8,0.65,1.17,31.001,0.86,97.915
03/10/2021 05:36:00,5000,1,1938.01,8,0.56,1.08,24.390,0.80,87.491
03/10/2021 05:37:00,5000,1,2027.24,8,0.65,1.11,29.260,0.81,89.228
03/10/2021 05:38:00,5000,1,2114.73,8,0.43,1.06,18.216,0.80,87.491
03/10/2021 05:39:00,5000,1,2195.27,8,0.65,1.23,32.558,0.76,80.541
03/10/2021 05:40:00,5000,1,2277.55,8,0.48,1.33,25.157,0.77,82.278
03/10/2021 05:41:00,5000,1,2354.62,8,0.60,0.96,23.452,0.74,77.066
03/10/2021 05:42:00,5000,1,2429.95,8,0.52,1.08,22.388,0.73,75.329
03/10/2021 05:43:00,5000,1,2510.49,8,0.60,1.16,28.402,0.76,80.541
03/10/2021 05:44:00,5000,1,2584.08,8,0.48,1.22,23.106,0.72,73.591
03/10/2021 05:45:00,5000,1,2652.46,8,0.35,1.16,15.852,0.69,68.379
03/10/2021 05:46:00,5000,1,2724.31,8,0.30,1.09,12.970,0.71,71.854
03/10/2021 05:47:00,5000,1,2792.69,8,0.30,1.05,12.530,0.69,68.379
03/10/2021 05:48:00,5000,1,2859.33,8,0.30,0.82,9.710,0.68,66.641
03/10/2021 05:49:00,5000,1,2922.50,8,0.48,1.09,20.714,0.66,63.167
03/10/2021 05:50:00,5000,1,2983.93,8,0.48,1.13,21.435,0.65,61.429
03/10/2021 05:51:00,5000,1,3041.88,8,0.48,0.76,14.486,0.63,57.954
03/10/2021 05:52:00,5000,1,3094.62,8,0.48,1.18,22.461,0.60,52.742
03/10/2021 05:53:00,5000,1,3146.15,8,0.26,0.83,8.426,0.59,51.532
03/10/2021 05:54:00,5000,1,3196.48,8,0.26,0.96,9.789,0.58,50.323
03/10/2021 05:55:00,5000,1,3246.80,8,0.26,0.98,9.932,0.58,50.323
03/10/2021 05:56:00,5000,1,3295.91,8,0.48,1.05,19.879,0.57,49.113
03/10/2021 05:57:00,5000,1,3345.03,8,0.43,0.72,12.442,0.57,49.113
03/10/2021 05:58:00,5000,1,3394.14,8,0.39,1.08,16.590,0.57,49.113
03/10/2021 05:59:00,5000,1,3442.04,8,0.39,0.95,14.649,0.56,47.904
03/10/2021 06:00:00,5000,1,3488.74,8,0.39,0.80,12.246,0.55,46.694
03/10/2021 06:01:00,5000,1,3534.22,8,0.39,0.81,12.431,0.54,45.485
03/10/2021 06:02:00,5000,1,3578.50,8,0.22,0.89,7.583,0.53,44.275
03/10/2021 06:03:00,5000,1,3620.35,8,0.26,-99.00,1.353,0.51,41.856
03/10/2021 06:04:00,5000,1,3662.21,8,0.43,0.99,16.962,0.51,41.856
03/10/2021 06:05:00,5000,1,3704.07,8,0.22,0.95,8.082,0.51,41.856
03/10/2021 06:06:00,5000,1,3744.71,8,0.35,0.98,13.314,0.50,40.646
03/10/2021 06:07:00,5000,1,3786.57,8,0.35,-99.00,1.228,0.51,41.856
03/10/2021 06:08:00,5000,1,3826.00,8,0.26,-99.00,0.916,0.49,39.437
03/10/2021 06:09:00,5000,1,3865.44,8,0.22,-99.00,0.686,0.49,39.437
03/10/2021 06:10:00,5000,1,3907.30,8,0.26,0.93,9.443,0.51,41.856
03/10/2021 06:11:00,5000,1,3947.94,8,0.18,0.86,5.844,0.50,40.646
03/10/2021 06:12:00,5000,1,3988.59,8,0.00,0.68,0.000,0.50,40.646
03/10/2021 06:13:00,5000,1,4028.03,8,0.22,-99.00,0.762,0.49,39.437
03/10/2021 06:14:00,5000,1,4068.67,8,0.26,-99.00,0.814,0.50,40.646
03/10/2021 06:15:00,5000,1,4109.32,8,0.22,0.66,5.617,0.50,40.646
03/10/2021 06:16:00,5000,1,4148.76,8,0.22,0.86,7.252,0.49,39.437
03/10/2021 06:17:00,5000,1,4189.40,8,0.22,-99.00,0.576,0.50,40.646
03/10/2021 06:18:00,5000,1,4230.05,8,0.00,-99.00,0.000,0.50,40.646
03/10/2021 06:19:00,5000,1,4268.28,8,0.00,0.89,0.000,0.48,38.227
03/10/2021 06:20:00,5000,1,4306.50,8,0.18,-99.00,0.455,0.48,38.227
03/10/2021 06:21:00,5000,1,4344.73,8,0.00,-99.00,0.000,0.48,38.227
03/10/2021 06:22:00,5000,1,4382.96,8,0.00,-99.00,0.000,0.48,38.227
03/10/2021 06:23:00,5000,1,4421.18,8,0.00,-99.00,0.000,0.48,38.227
03/10/2021 06:24:00,5000,1,4459.41,8,0.00,-99.00,0.000,0.48,38.227
03/10/2021 06:25:00,5000,1,4497.64,8,0.00,-99.00,0.000,0.48,38.227
03/10/2021 06:26:00,5000,1,4534.66,8,0.00,-99.00,0.000,0.47,37.018
03/10/2021 06:27:00,5000,1,4571.67,8,0.00,-99.00,0.000,0.47,37.018
03/10/2021 06:28:00,5000,1,4609.90,8,0.00,-99.00,0.000,0.48,38.227
03/10/2021 06:29:00,5000,1,4645.71,8,0.00,-99.00,0.000,0.46,35.808
03/10/2021 06:30:00,5000,1,4682.73,8,0.00,1.65,0.000,0.47,37.018
03/10/2021 06:31:00,5000,1,4719.75,8,0.00,-99.00,0.000,0.47,37.018
03/10/2021 06:32:00,5000,1,4755.55,8,0.00,-99.00,0.000,0.46,35.808
03/10/2021 06:33:00,5000,1,4791.36,8,0.00,-99.00,0.000,0.46,35.808
03/10/2021 06:34:00,5000,1,4825.96,8,0.00,-99.00,0.000,0.45,34.599
03/10/2021 06:35:00,5000,1,4860.56,8,0.00,1.82,0.000,0.45,34.599
03/10/2021 06:36:00,5000,1,4893.95,8,0.00,-99.00,0.000,0.44,33.389
03/10/2021 06:37:00,5000,1,4928.55,8,0.00,-99.00,0.000,0.45,34.599
03/10/2021 06:38:00,5000,1,4963.14,8,0.00,0.91,0.000,0.45,34.599
03/10/2021 06:39:00,5000,1,4996.53,8,0.00,-99.00,0.000,0.44,33.389
03/10/2021 06:40:00,5000,1,28.71,8,0.00,-99.00,0.000,0.43,32.179
03/10/2021 06:41:00,5000,1,60.89,9,0.00,-99.00,0.000,0.43,32.179
03/10/2021 06:42:00,5000,1,93.07,9,0.00,-99.00,0.000,0.43,32.179
03/10/2021 06:43:00,5000,1,125.25,9,0.00,1.09,0.000,0.43,32.179
03/10/2021 06:44:00,5000,1,157.43,9,0.00,-99.00,0.000,0.43,32.179
03/10/2021 06:45:00,5000,1,188.40,9,0.00,-99.00,0.000,0.42,30.970
03/10/2021 06:46:00,5000,1,219.37,9,0.00,-99.00,0.000,0.42,30.970
03/10/2021 06:47:00,5000,1,250.34,9,0.00,-99.00,0.000,0.42,30.970
03/10/2021 06:48:00,5000,1,281.31,9,0.00,-99.00,0.000,0.42,30.970
03/10/2021 06:49:00,5000,1,311.07,9,0.00,2.29,0.000,0.41,29.760
03/10/2021 06:50:00,5000,1,340.83,9,0.00,-99.00,0.000,0.41,29.760
03/10/2021 06:51:00,5000,1,370.59,9,0.00,-99.00,0.000,0.41,29.760
03/10/2021 06:52:00,5000,1,400.35,9,0.00,-99.00,0.000,0.41,29.760
03/10/2021 06:53:00,5000,1,430.11,9,0.00,2.29,0.000,0.41,29.760
03/10/2021 06:54:00,5000,1,458.66,9,0.00,-99.00,0.000,0.40,28.551
03/10/2021 06:55:00,5000,1,486.00,9,0.00,-99.00,0.000,0.39,27.341
03/10/2021 06:56:00,5000,1,514.55,9,0.00,-99.00,0.000,0.40,28.551
03/10/2021 06:57:00,5000,1,541.89,9,0.00,-99.00,0.000,0.39,27.341
03/10/2021 06:58:00,5000,1,569.24,9,0.00,-99.00,0.000,0.39,27.341
03/10/2021 06:59:00,5000,1,596.58,9,0.00,-99.00,0.000,0.39,27.341
03/10/2021 07:00:00,5000,1,623.92,9,0.00,-99.00,0.000,0.39,27.341
03/10/2021 07:01:00,5000,1,652.47,9,0.00,0.76,0.000,0.40,28.551
03/10/2021 07:02:00,5000,1,681.02,9,0.00,-99.00,0.000,0.40,28.551
03/10/2021 07:03:00,5000,1,711.99,9,0.00,0.44,0.000,0.42,30.970
03/10/2021 07:04:00,5000,1,747.80,9,0.00,-99.00,0.000,0.46,35.808
03/10/2021 07:05:00,5000,1,782.39,9,0.00,-99.00,0.000,0.45,34.599
03/10/2021 07:06:00,5000,1,815.78,9,0.00,-99.00,0.000,0.44,33.389
03/10/2021 07:07:00,5000,1,849.17,9,0.00,-99.00,0.000,0.44,33.389
03/10/2021 07:08:00,5000,1,882.56,9,0.00,-99.00,0.000,0.44,33.389
03/10/2021 07:09:00,5000,1,918.37,9,0.00,-99.00,0.000,0.46,35.808
03/10/2021 07:10:00,5000,1,956.60,9,0.00,-99.00,0.000,0.48,38.227
03/10/2021 07:11:00,5000,1,994.82,9,0.00,-99.00,0.000,0.48,38.227
03/10/2021 07:12:00,5000,1,1036.68,9,0.18,0.86,5.837,0.51,41.856
03/10/2021 07:13:00,5000,1,1078.54,9,0.22,0.29,2.474,0.51,41.856
03/10/2021 07:14:00,5000,1,1119.18,9,0.18,0.78,5.294,0.50,40.646
03/10/2021 07:15:00,5000,1,1187.56,9,0.22,1.30,11.014,0.69,68.379
03/10/2021 07:16:00,5000,1,1261.15,9,0.56,1.13,25.613,0.72,73.591
03/10/2021 07:17:00,5000,1,1336.48,9,0.43,1.24,21.379,0.73,75.329
03/10/2021 07:18:00,5000,1,1410.07,9,0.43,1.17,20.176,0.72,73.591
03/10/2021 07:19:00,5000,1,1485.40,9,0.48,1.18,22.480,0.73,75.329
03/10/2021 07:20:00,5000,1,1564.20,9,0.56,1.04,23.575,0.75,78.804
03/10/2021 07:21:00,5000,1,1644.75,9,0.48,0.85,16.119,0.76,80.541
03/10/2021 07:22:00,5000,1,1716.60,9,0.43,1.13,19.454,0.71,71.854
03/10/2021 07:23:00,5000,1,1793.67,9,0.48,1.36,25.821,0.74,77.066
03/10/2021 07:24:00,5000,1,1872.47,9,0.43,0.92,15.776,0.75,78.804
03/10/2021 07:25:00,5000,1,1956.48,9,0.48,1.11,21.113,0.78,84.016
03/10/2021 07:26:00,5000,1,2042.24,9,0.65,1.22,32.083,0.79,85.753
03/10/2021 07:27:00,5000,1,2133.20,9,0.52,1.19,24.781,0.82,90.966
03/10/2021 07:28:00,5000,1,2227.64,9,0.52,0.79,16.520,0.84,94.440
03/10/2021 07:29:00,5000,1,2327.30,9,0.48,1.18,22.499,0.87,99.653
03/10/2021 07:30:00,5000,1,2423.47,9,0.52,1.14,23.782,0.85,96.178
03/10/2021 07:31:00,5000,1,2521.39,9,0.69,1.10,31.195,0.86,97.915
03/10/2021 07:32:00,5000,1,2628.48,9,0.56,0.87,19.793,0.91,107.089
03/10/2021 07:33:00,5000,1,2724.66,9,0.56,1.00,22.578,0.85,96.178
03/10/2021 07:34:00,5000,1,2826.05,9,0.48,0.84,15.910,0.88,101.390
03/10/2021 07:35:00,5000,1,2930.91,9,0.65,1.26,33.349,0.90,104.865
03/10/2021 07:36:00,5000,1,3034.04,9,0.65,1.23,32.531,0.89,103.128
03/10/2021 07:37:00,5000,1,3135.43,9,0.65,0.88,23.218,0.88,101.390
03/10/2021 07:38:00,5000,1,3235.08,9,0.65,0.98,25.856,0.87,99.653
03/10/2021 07:39:00,5000,1,3331.26,9,0.43,0.96,16.584,0.85,96.178
03/10/2021 07:40:00,5000,1,3422.23,9,0.43,1.17,20.038,0.82,90.966
03/10/2021 07:41:00,5000,1,3514.93,9,0.56,1.24,28.081,0.83,92.703
03/10/2021 07:42:00,5000,1,3602.42,9,0.65,1.02,27.017,0.80,87.491
03/10/2021 07:43:00,5000,1,3693.38,9,0.48,1.17,22.176,0.82,90.966
03/10/2021 07:44:00,5000,1,3780.88,9,0.65,1.18,31.133,0.80,87.491
03/10/2021 07:45:00,5000,1,3866.63,9,0.39,1.10,16.898,0.79,85.753
03/10/2021 07:46:00,5000,1,3954.12,9,0.48,0.79,14.999,0.80,87.491
03/10/2021 07:47:00,5000,1,4034.66,9,0.43,1.43,24.644,0.76,80.541
03/10/2021 07:48:00,5000,1,4111.73,9,0.48,1.20,22.840,0.74,77.066
03/10/2021 07:49:00,5000,1,4190.53,9,0.43,1.17,20.072,0.75,78.804
03/10/2021 07:50:00,5000,1,4267.60,9,0.60,0.92,22.618,0.74,77.066
03/10/2021 07:51:00,5000,1,4344.66,9,0.65,0.97,25.566,0.74,77.066
03/10/2021 07:52:00,5000,1,4418.25,9,0.60,1.04,25.461,0.72,73.591
03/10/2021 07:53:00,5000,1,4488.37,9,0.43,0.83,14.315,0.70,70.116
03/10/2021 07:54:00,5000,1,4560.22,9,0.43,1.01,17.306,0.71,71.854
03/10/2021 07:55:00,5000,1,4628.60,9,0.60,1.12,27.397,0.69,68.379
03/10/2021 07:56:00,5000,1,4696.98,9,0.43,1.10,18.973,0.69,68.379
03/10/2021 07:57:00,5000,1,4763.62,9,0.35,1.19,16.234,0.68,66.641
03/10/2021 07:58:00,5000,1,4828.53,9,0.52,1.22,25.301,0.67,64.904
03/10/2021 07:59:00,5000,1,4889.96,9,0.52,1.23,25.613,0.65,61.429
03/10/2021 08:00:00,5000,1,4949.65,9,0.48,1.01,19.100,0.64,59.692
03/10/2021 08:01:00,5000,1,5.86,9,0.52,1.11,23.033,0.62,56.217
03/10/2021 08:02:00,5000,1,58.61,10,0.48,1.11,21.018,0.60,52.742
03/10/2021 08:03:00,5000,1,110.14,10,0.48,1.19,22.670,0.59,51.532
03/10/2021 08:04:00,5000,1,162.88,10,0.48,1.18,22.328,0.60,52.742
03/10/2021 08:05:00,5000,1,211.99,10,0.26,1.06,10.756,0.57,49.113
03/10/2021 08:06:00,5000,1,263.53,10,0.26,1.11,11.326,0.59,51.532
03/10/2021 08:07:00,5000,1,313.85,10,0.43,1.12,19.230,0.58,50.323
03/10/2021 08:08:00,5000,1,361.75,10,0.30,1.05,12.530,0.56,47.904
03/10/2021 08:09:00,5000,1,408.45,10,0.35,1.03,14.106,0.55,46.694
03/10/2021 08:10:00,5000,1,455.14,10,0.35,1.00,13.601,0.55,46.694
03/10/2021 08:11:00,5000,1,500.63,10,0.26,1.09,11.061,0.54,45.485
03/10/2021 08:12:00,5000,1,544.90,10,0.30,1.25,14.910,0.53,44.275
03/10/2021 08:13:00,5000,1,587.97,10,0.26,1.04,10.552,0.52,43.065
03/10/2021 08:14:00,5000,1,632.24,10,0.22,0.99,8.413,0.53,44.275
03/10/2021 08:15:00,5000,1,672.89,10,0.22,0.75,6.371,0.50,40.646
03/10/2021 08:16:00,5000,1,715.95,10,0.22,0.81,6.828,0.52,43.065
03/10/2021 08:17:00,5000,1,756.60,10,0.22,1.05,8.938,0.50,40.646
03/10/2021 08:18:00,5000,1,797.25,10,0.22,-99.00,0.966,0.50,40.646
03/10/2021 08:19:00,5000,1,837.89,10,0.30,0.79,9.341,0.50,40.646
03/10/2021 08:20:00,5000,1,878.54,10,0.18,-99.00,0.529,0.50,40.646
03/10/2021 08:21:00,5000,1,920.39,10,0.22,0.95,8.015,0.51,41.856
03/10/2021 08:22:00,5000,1,959.83,10,0.13,-99.00,0.502,0.49,39.437
03/10/2021 08:23:00,5000,1,1000.48,10,0.13,0.95,4.851,0.50,40.646
03/10/2021 08:24:00,5000,1,1039.91,10,0.18,0.78,5.308,0.49,39.437
03/10/2021 08:25:00,5000,1,1079.35,10,0.22,-99.00,0.983,0.49,39.437
03/10/2021 08:26:00,5000,1,1120.00,10,0.00,0.83,0.000,0.50,40.646
03/10/2021 08:27:00,5000,1,1158.22,10,0.22,0.71,6.058,0.48,38.227
03/10/2021 08:28:00,5000,1,1197.66,10,0.00,-99.00,0.000,0.49,39.437
03/10/2021 08:29:00,5000,1,1237.10,10,0.22,1.02,8.642,0.49,39.437
03/10/2021 08:30:00,5000,1,1276.54,10,0.18,0.87,5.892,0.49,39.437
03/10/2021 08:31:00,5000,1,1317.18,10,0.00,-99.00,0.000,0.50,40.646
03/10/2021 08:32:00,5000,1,1355.41,10,0.00,0.84,0.000,0.48,38.227
03/10/2021 08:33:00,5000,1,1394.85,10,0.00,-99.00,0.000,0.49,39.437
03/10/2021 08:34:00,5000,1,1435.49,10,0.00,1.00,0.000,0.50,40.646
03/10/2021 08:35:00,5000,1,1477.35,10,0.18,0.80,5.450,0.51,41.856
03/10/2021 08:36:00,5000,1,1516.78,10,0.22,0.91,7.735,0.49,39.437
03/10/2021 08:37:00,5000,1,1556.22,10,0.18,1.06,7.222,0.49,39.437
03/10/2021 08:38:00,5000,1,1596.87,10,0.00,0.91,0.000,0.50,40.646
03/10/2021 08:39:00,5000,1,1638.72,10,0.13,0.83,4.272,0.51,41.856
03/10/2021 08:40:00,5000,1,1680.58,10,0.18,0.80,5.444,0.51,41.856
03/10/2021 08:41:00,5000,1,1721.23,10,0.18,0.86,5.803,0.50,40.646
03/10/2021 08:42:00,5000,1,1764.29,10,0.18,0.85,5.797,0.52,43.065
03/10/2021 08:43:00,5000,1,1807.36,10,0.18,0.83,5.627,0.52,43.065
03/10/2021 08:44:00,5000,1,1851.63,10,0.22,0.85,7.235,0.53,44.275
03/10/2021 08:45:00,5000,1,1895.91,10,0.18,0.87,5.905,0.53,44.275
03/10/2021 08:46:00,5000,1,1941.39,10,0.35,0.26,3.547,0.54,45.485
03/10/2021 08:47:00,5000,1,1985.67,10,0.35,0.76,10.436,0.53,44.275
03/10/2021 08:48:00,5000,1,2032.36,10,0.35,1.03,14.106,0.55,46.694
03/10/2021 08:49:00,5000,1,2079.05,10,0.00,-99.00,0.000,0.55,46.694
03/10/2021 08:50:00,5000,1,2123.33,10,0.30,1.06,12.625,0.53,44.275
03/10/2021 08:51:00,5000,1,2166.40,10,0.22,1.07,9.099,0.52,43.065
03/10/2021 08:52:00,5000,1,2209.46,10,0.18,0.80,5.396,0.52,43.065
03/10/2021 08:53:00,5000,1,2252.53,10,0.22,0.84,7.083,0.52,43.065
03/10/2021 08:54:00,5000,1,2295.59,10,0.22,1.12,9.523,0.52,43.065
03/10/2021 08:55:00,5000,1,2337.45,10,0.30,1.02,12.101,0.51,41.856
03/10/2021 08:56:00,5000,1,2378.09,10,0.22,1.02,8.642,0.50,40.646
03/10/2021 08:57:00,5000,1,2418.74,10,0.18,0.75,5.125,0.50,40.646
03/10/2021 08:58:00,5000,1,2456.97,10,0.22,1.01,8.557,0.48,38.227
03/10/2021 08:59:00,5000,1,2497.61,10,0.26,0.83,8.456,0.50,40.646
03/10/2021 09:00:00,5000,1,2535.84,10,0.22,-99.00,0.890,0.48,38.227
03/10/2021 09:01:00,5000,1,2575.28,10,0.13,0.99,5.077,0.49,39.437
03/10/2021 09:02:00,5000,1,2613.50,10,0.26,-99.00,1.079,0.48,38.227
03/10/2021 09:03:00,5000,1,2655.36,10,0.00,1.09,0.000,0.51,41.856
03/10/2021 09:04:00,5000,1,2694.80,10,0.00,0.63,0.000,0.49,39.437
03/10/2021 09:05:00,5000,1,2734.23,10,0.13,-99.00,0.456,0.49,39.437
03/10/2021 09:06:00,5000,1,2773.67,10,0.18,0.97,6.557,0.49,39.437
03/10/2021 09:07:00,5000,1,2811.90,10,0.22,-99.00,0.822,0.48,38.227
03/10/2021 09:08:00,5000,1,2851.33,10,0.26,1.01,10.308,0.49,39.437
03/10/2021 09:09:00,5000,1,2891.98,10,0.22,0.75,6.371,0.50,40.646
03/10/2021 09:10:00,5000,1,2932.63,10,0.22,-99.00,1.101,0.50,40.646
03/10/2021 09:11:00,5000,1,2972.06,10,0.00,0.99,0.000,0.49,39.437
03/10/2021 09:12:00,5000,1,3010.29,10,0.18,0.73,4.935,0.48,38.227
03/10/2021 09:13:00,5000,1,3050.94,10,0.13,-99.00,0.692,0.50,40.646
03/10/2021 09:14:00,5000,1,3091.58,10,0.18,-99.00,0.448,0.50,40.646
03/10/2021 09:15:00,5000,1,3132.23,10,0.00,-99.00,0.000,0.50,40.646
03/10/2021 09:16:00,5000,1,3171.67,10,0.00,0.88,0.000,0.49,39.437
03/10/2021 09:17:00,5000,1,3211.10,10,0.09,1.17,4.075,0.49,39.437
03/10/2021 09:18:00,5000,1,3250.54,10,0.00,-99.00,0.000,0.49,39.437
03/10/2021 09:19:00,5000,1,3288.77,10,0.00,0.92,0.000,0.48,38.227
03/10/2021 09:20:00,5000,1,3328.20,10,0.00,-99.00,0.000,0.49,39.437
03/10/2021 09:21:00,5000,1,3367.64,10,0.00,1.07,0.000,0.49,39.437
03/10/2021 09:22:00,5000,1,3405.87,10,0.00,0.91,0.000,0.48,38.227
03/10/2021 09:23:00,5000,1,3444.10,10,0.00,-99.00,0.000,0.48,38.227
03/10/2021 09:24:00,5000,1,3482.32,10,0.00,-99.00,0.000,0.48,38.227
03/10/2021 09:25:00,5000,1,3520.55,10,0.00,-99.00,0.000,0.48,38.227
03/10/2021 09:26:00,5000,1,3556.36,10,0.00,-99.00,0.000,0.46,35.808
03/10/2021 09:27:00,5000,1,3593.38,10,0.00,-99.00,0.000,0.47,37.018
03/10/2021 09:28:00,5000,1,3630.39,10,0.00,2.11,0.000,0.47,37.018
03/10/2021 09:29:00,5000,1,3666.20,10,0.00,-99.00,0.000,0.46,35.808
03/10/2021 09:30:00,5000,1,3702.01,10,0.00,-99.00,0.000,0.46,35.808
03/10/2021 09:31:00,5000,1,3736.61,10,0.00,1.43,0.000,0.45,34.599
03/10/2021 09:32:00,5000,1,3771.21,10,0.00,1.10,0.000,0.45,34.599
03/10/2021 09:33:00,5000,1,3805.81,10,0.00,-99.00,0.000,0.45,34.599
03/10/2021 09:34:00,5000,1,3837.98,10,0.00,2.48,0.000,0.43,32.179
03/10/2021 09:35:00,5000,1,3868.95,10,0.00,0.72,0.000,0.42,30.970
03/10/2021 09:36:00,5000,1,3901.13,10,0.00,2.38,0.000,0.43,32.179
03/10/2021 09:37:00,5000,1,3932.10,10,0.00,-99.00,0.000,0.42,30.970
03/10/2021 09:38:00,5000,1,3965.49,10,0.00,-99.00,0.000,0.44,33.389
03/10/2021 09:39:00,5000,1,3997.67,10,0.00,-99.00,0.000,0.43,32.179
03/10/2021 09:40:00,5000,1,4027.43,10,0.00,-99.00,0.000,0.41,29.760
03/10/2021 09:41:00,5000,1,4058.40,10,0.00,-99.00,0.000,0.42,30.970
03/10/2021 09:42:00,5000,1,4089.37,10,0.00,-99.00,0.000,0.42,30.970
03/10/2021 09:43:00,5000,1,4119.13,10,0.00,-99.00,0.000,0.41,29.760
03/10/2021 09:44:00,5000,1,4150.10,10,0.00,1.40,0.000,0.42,30.970
03/10/2021 09:45:00,5000,1,4179.86,10,0.00,3.89,0.000,0.41,29.760
03/10/2021 09:46:00,5000,1,4209.62,10,0.67,-99.00,1.297,0.41,29.760
03/10/2021 09:47:00,5000,1,4239.38,10,0.00,-99.00,0.000,0.41,29.760
03/10/2021 09:48:00,5000,1,4269.14,10,0.00,-99.00,0.000,0.41,29.760
03/10/2021 09:49:00,5000,1,4296.48,10,0.00,-99.00,0.000,0.39,27.341
03/10/2021 09:50:00,5000,1,4325.03,10,0.00,-99.00,0.000,0.40,28.551
03/10/2021 09:51:00,5000,1,4353.59,10,0.00,-99.00,0.000,0.40,28.551
03/10/2021 09:52:00,5000,1,4380.93,10,0.00,-99.00,0.000,0.39,27.341
03/10/2021 09:53:00,5000,1,4408.27,10,0.00,-99.00,0.000,0.39,27.341
03/10/2021 09:54:00,5000,1,4434.40,10,0.00,-99.00,0.000,0.38,26.132
03/10/2021 09:55:00,5000,1,4460.53,10,0.00,-99.00,0.000,0.38,26.132
03/10/2021 09:56:00,5000,1,4485.45,10,0.00,-99.00,0.000,0.37,24.922
03/10/2021 09:57:00,5000,1,4511.58,10,0.00,-99.00,0.000,0.38,26.132
03/10/2021 09:58:00,5000,1,4537.72,10,0.00,-99.00,0.000,0.38,26.132
03/10/2021 09:59:00,5000,1,4563.85,10,0.00,-99.00,0.000,0.38,26.132
03/10/2021 10:00:00,5000,1,4588.77,10,0.00,-99.00,0.000,0.37,24.922
03/10/2021 10:01:00,5000,1,4612.48,10,0.00,-99.00,0.000,0.36,23.712
03/10/2021 10:02:00,5000,1,4636.19,10,0.00,-99.00,0.000,0.36,23.712
03/10/2021 10:03:00,5000,1,4659.91,10,0.00,-99.00,0.000,0.36,23.712
03/10/2021 10:04:00,5000,1,4683.62,10,-99.00,-99.00,-99.000,0.36,23.712
03/10/2021 10:05:00,5000,1,4707.33,10,0.00,0.05,0.000,0.36,23.712
03/10/2021 10:06:00,5000,1,4729.83,10,0.00,-99.00,0.000,0.35,22.503
03/10/2021 10:07:00,5000,1,4753.55,10,0.00,-99.00,0.000,0.36,23.712
03/10/2021 10:08:00,5000,1,4776.05,10,0.00,-99.00,0.000,0.35,22.503
03/10/2021 10:09:00,5000,1,4797.34,10,0.00,-99.00,0.000,0.34,21.293
03/10/2021 10:10:00,5000,1,4818.64,10,0.00,-99.00,0.000,0.34,21.293
03/10/2021 10:11:00,5000,1,4839.93,10,0.00,-99.00,0.000,0.34,21.293
03/10/2021 10:12:00,5000,1,4861.22,10,0.00,-99.00,0.000,0.34,21.293
03/10/2021 10:13:00,5000,1,4881.31,10,0.00,-99.00,0.000,0.33,20.084
03/10/2021 10:14:00,5000,1,4902.60,10,0.00,-99.00,0.000,0.34,21.293
03/10/2021 10:15:00,5000,1,4922.68,10,0.00,-99.00,0.000,0.33,20.084
03/10/2021 10:16:00,5000,1,4942.77,10,0.00,-99.00,0.000,0.33,20.084
03/10/2021 10:17:00,5000,1,4962.85,10,0.00,0.00,0.000,0.33,20.084
03/10/2021 10:18:00,5000,1,4981.72,10,0.00,0.00,0.000,0.32,18.874
03/10/2021 10:19:00,5000,1,1.81,10,0.00,-99.00,0.000,0.33,20.084
03/10/2021 10:20:00,5000,1,19.47,11,0.00,0.00,0.000,0.31,17.665
03/10/2021 10:21:00,5000,1,35.93,11,0.00,0.00,0.000,0.30,16.455
03/10/2021 10:22:00,5000,1,53.59,11,0.00,0.00,0.000,0.31,17.665
03/10/2021 10:23:00,5000,1,71.26,11,0.00,0.00,0.000,0.31,17.665
03/10/2021 10:24:00,5000,1,88.92,11,0.00,0.00,0.000,0.31,17.665
03/10/2021 10:25:00,5000,1,105.38,11,0.00,-99.00,0.000,0.30,16.455
03/10/2021 10:26:00,5000,1,121.83,11,0.00,-99.00,0.000,0.30,16.455
03/10/2021 10:27:00,5000,1,137.74,11,0.00,-99.00,0.000,0.29,15.907
03/10/2021 10:28:00,5000,1,153.64,11,0.00,0.00,0.000,0.29,15.907
03/10/2021 10:29:00,5000,1,169.55,11,0.00,-99.00,0.000,0.29,15.907
03/10/2021 10:30:00,5000,1,184.91,11,0.00,-99.00,0.000,0.28,15.358
03/10/2021 10:31:00,5000,1,200.82,11,0.00,0.00,0.000,0.29,15.907
03/10/2021 10:32:00,5000,1,216.17,11,0.00,0.00,0.000,0.28,15.358
03/10/2021 10:33:00,5000,1,231.53,11,0.00,0.00,0.000,0.28,15.358
03/10/2021 10:34:00,5000,1,246.89,11,0.00,0.00,0.000,0.28,15.358
03/10/2021 10:35:00,5000,1,262.25,11,0.00,0.00,0.000,0.28,15.358
03/10/2021 10:36:00,5000,1,277.06,11,0.00,0.00,0.000,0.27,14.810
03/10/2021 10:37:00,5000,1,292.41,11,0.00,0.00,0.000,0.28,15.358
03/10/2021 10:38:00,5000,1,308.32,11,0.00,0.00,0.000,0.29,15.907
03/10/2021 10:39:00,5000,1,323.13,11,0.00,0.00,0.000,0.27,14.810
03/10/2021 10:40:00,5000,1,337.94,11,0.00,0.00,0.000,0.27,14.810
03/10/2021 10:41:00,5000,1,353.30,11,0.00,0.00,0.000,0.28,15.358
03/10/2021 10:42:00,5000,1,368.11,11,0.00,0.00,0.000,0.27,14.810
03/10/2021 10:43:00,5000,1,382.92,11,0.00,0.00,0.000,0.27,14.810
03/10/2021 10:44:00,5000,1,397.73,11,0.00,0.00,0.000,0.27,14.810
03/10/2021 10:45:00,5000,1,411.99,11,0.00,0.00,0.000,0.26,14.261
03/10/2021 10:46:00,5000,1,426.25,11,0.00,0.00,0.000,0.26,14.261
03/10/2021 10:47:00,5000,1,440.51,11,0.00,0.00,0.000,0.26,14.261
03/10/2021 10:48:00,5000,1,454.22,11,0.00,0.00,0.000,0.25,13.713
03/10/2021 10:49:00,5000,1,468.48,11,0.00,0.00,0.000,0.26,14.261
03/10/2021 10:50:00,5000,1,482.74,11,0.00,0.00,0.000,0.26,14.261
03/10/2021 10:51:00,5000,1,496.46,11,0.00,0.00,0.000,0.25,13.713
03/10/2021 10:52:00,5000,1,510.72,11,0.00,0.00,0.000,0.26,14.261
03/10/2021 10:53:00,5000,1,524.43,11,0.00,0.00,0.000,0.25,13.713
03/10/2021 10:54:00,5000,1,538.69,11,0.00,0.00,0.000,0.26,14.261
03/10/2021 10:55:00,5000,1,552.40,11,0.00,0.00,0.000,0.25,13.713
03/10/2021 10:56:00,5000,1,566.12,11,0.00,0.00,0.000,0.25,13.713
03/10/2021 10:57:00,5000,1,579.83,11,0.00,0.00,0.000,0.25,13.713
03/10/2021 10:58:00,5000,1,592.99,11,0.00,0.00,0.000,0.24,13.164
03/10/2021 10:59:00,5000,1,606.71,11,0.00,0.00,0.000,0.25,13.713
03/10/2021 11:00:00,5000,1,620.42,11,0.00,0.00,0.000,0.25,13.713
03/10/2021 11:01:00,5000,1,633.58,11,0.00,0.00,0.000,0.24,13.164
03/10/2021 11:02:00,5000,1,646.75,11,0.00,0.00,0.000,0.24,13.164
03/10/2021 11:03:00,5000,1,660.46,11,0.00,0.00,0.000,0.25,13.713
03/10/2021 11:04:00,5000,1,673.62,11,0.00,0.00,0.000,0.24,13.164
03/10/2021 11:05:00,5000,1,686.79,11,0.00,0.00,0.000,0.24,13.164
03/10/2021 11:06:00,5000,1,699.95,11,0.00,0.00,0.000,0.24,13.164
03/10/2021 11:07:00,5000,1,713.11,11,0.00,0.00,0.000,0.24,13.164
03/10/2021 11:08:00,5000,1,726.28,11,0.00,0.00,0.000,0.24,13.164
03/10/2021 11:09:00,5000,1,738.89,11,0.00,0.00,0.000,0.23,12.616
03/10/2021 11:10:00,5000,1,752.06,11,0.00,0.00,0.000,0.24,13.164
03/10/2021 11:11:00,5000,1,765.22,11,0.00,0.00,0.000,0.24,13.164
03/10/2021 11:12:00,5000,1,777.84,11,0.00,0.00,0.000,0.23,12.616
03/10/2021 11:13:00,5000,1,790.45,11,0.00,0.00,0.000,0.23,12.616
03/10/2021 11:14:00,5000,1,803.07,11,0.00,0.00,0.000,0.23,12.616
03/10/2021 11:15:00,5000,1,816.23,11,0.00,0.00,0.000,0.24,13.164
03/10/2021 11:16:00,5000,1,828.30,11,0.00,0.00,0.000,0.22,12.067
03/10/2021 11:17:00,5000,1,840.91,11,0.00,0.00,0.000,0.23,12.616
03/10/2021 11:18:00,5000,1,852.98,11,0.00,0.00,0.000,0.22,12.067
03/10/2021 11:19:00,5000,1,865.60,11,0.00,0.00,0.000,0.23,12.616
03/10/2021 11:20:00,5000,1,878.21,11,0.00,0.00,0.000,0.23,12.616
03/10/2021 11:21:00,5000,1,890.28,11,0.00,0.00,0.000,0.22,12.067
03/10/2021 11:22:00,5000,1,902.35,11,0.00,0.00,0.000,0.22,12.067
03/10/2021 11:23:00,5000,1,913.32,11,0.00,0.00,0.000,0.20,10.970
03/10/2021 11:24:00,5000,1,924.84,11,0.00,0.00,0.000,0.21,11.519
03/10/2021 11:25:00,5000,1,936.35,11,0.00,0.00,0.000,0.21,11.519
03/10/2021 11:26:00,5000,1,948.42,11,0.00,0.00,0.000,0.22,12.067
03/10/2021 11:27:00,5000,1,960.49,11,0.00,0.00,0.000,0.22,12.067
03/10/2021 11:28:00,5000,1,972.01,11,0.00,0.00,0.000,0.21,11.519
03/10/2021 11:29:00,5000,1,984.07,11,0.00,0.00,0.000,0.22,12.067
03/10/2021 11:30:00,5000,1,995.04,11,0.00,0.00,0.000,0.20,10.970
03/10/2021 11:31:00,5000,1,1005.46,11,0.00,0.00,0.000,0.19,10.422
03/10/2021 11:32:00,5000,1,1016.43,11,0.00,0.00,0.000,0.20,10.970
03/10/2021 11:33:00,5000,1,1027.40,11,0.00,0.00,0.000,0.20,10.970
03/10/2021 11:34:00,5000,1,1038.37,11,0.00,0.00,0.000,0.20,10.970
03/10/2021 11:35:00,5000,1,1049.34,11,0.00,0.00,0.000,0.20,10.970
03/10/2021 11:36:00,5000,1,1060.86,11,0.00,0.00,0.000,0.21,11.519
03/10/2021 11:37:00,5000,1,1071.28,11,0.00,0.00,0.000,0.19,10.422
03/10/2021 11:38:00,5000,1,1081.71,11,0.00,0.00,0.000,0.19,10.422
03/10/2021 11:39:00,5000,1,1092.13,11,0.00,0.00,0.000,0.19,10.422
03/10/2021 11:40:00,5000,1,1102.55,11,0.00,0.00,0.000,0.19,10.422
03/10/2021 11:41:00,5000,1,1112.97,11,0.00,0.00,0.000,0.19,10.422
03/10/2021 11:42:00,5000,1,1123.94,11,0.00,0.00,0.000,0.20,10.970
03/10/2021 11:43:00,5000,1,1134.36,11,0.00,0.00,0.000,0.19,10.422
03/10/2021 11:44:00,5000,1,1144.78,11,0.00,0.00,0.000,0.19,10.422
03/10/2021 11:45:00,5000,1,1155.21,11,0.00,0.00,0.000,0.19,10.422
03/10/2021 11:46:00,5000,1,1165.08,11,0.00,0.00,0.000,0.18,9.873
03/10/2021 11:47:00,5000,1,1174.95,11,0.00,0.00,0.000,0.18,9.873
03/10/2021 11:48:00,5000,1,1185.37,11,0.00,0.00,0.000,0.19,10.422
03/10/2021 11:49:00,5000,1,1195.25,11,0.00,0.00,0.000,0.18,9.873
03/10/2021 11:50:00,5000,1,1204.57,11,0.00,0.00,0.000,0.17,9.325
03/10/2021 11:51:00,5000,1,1214.44,11,0.00,0.00,0.000,0.18,9.873
03/10/2021 11:52:00,5000,1,1224.32,11,0.00,0.00,0.000,0.18,9.873
03/10/2021 11:53:00,5000,1,1233.64,11,0.00,0.00,0.000,0.17,9.325
03/10/2021 11:54:00,5000,1,1243.51,11,0.00,0.00,0.000,0.18,9.873
03/10/2021 11:55:00,5000,1,1252.84,11,0.00,0.00,0.000,0.17,9.325
03/10/2021 11:56:00,5000,1,1262.16,11,0.00,0.00,0.000,0.17,9.325
03/10/2021 11:57:00,5000,1,1271.49,11,0.00,0.00,0.000,0.17,9.325
03/10/2021 11:58:00,5000,1,1280.81,11,0.00,0.00,0.000,0.17,9.325
03/10/2021 11:59:00,5000,1,1290.14,11,0.00,0.00,0.000,0.17,9.325
03/10/2021 12:00:00,5000,1,1299.46,11,0.00,0.00,0.000,0.17,9.325
03/10/2021 12:01:00,5000,1,1308.24,11,0.00,0.00,0.000,0.16,8.776
03/10/2021 12:02:00,5000,1,1318.66,11,0.00,0.00,0.000,0.19,10.422
03/10/2021 12:03:00,5000,1,1327.98,11,0.00,0.00,0.000,0.17,9.325
03/10/2021 12:04:00,5000,1,1336.76,11,0.00,0.00,0.000,0.16,8.776
03/10/2021 12:05:00,5000,1,1346.08,11,0.00,0.00,0.000,0.17,9.325
03/10/2021 12:06:00,5000,1,1355.41,11,0.00,0.00,0.000,0.17,9.325
03/10/2021 12:07:00,5000,1,1364.73,11,0.00,0.00,0.000,0.17,9.325
03/10/2021 12:08:00,5000,1,1374.06,11,0.00,0.00,0.000,0.17,9.325
03/10/2021 12:09:00,5000,1,1383.38,11,0.00,0.00,0.000,0.17,9.325
03/10/2021 12:10:00,5000,1,1392.71,11,0.00,0.00,0.000,0.17,9.325
03/10/2021 12:11:00,5000,1,1401.48,11,0.00,0.00,0.000,0.16,8.776
03/10/2021 12:12:00,5000,1,1410.81,11,0.00,0.00,0.000,0.17,9.325
03/10/2021 12:13:00,5000,1,1419.58,11,0.00,0.00,0.000,0.16,8.776
03/10/2021 12:14:00,5000,1,1428.36,11,0.00,0.00,0.000,0.16,8.776
03/10/2021 12:15:00,5000,1,1437.68,11,0.00,0.00,0.000,0.17,9.325
03/10/2021 12:16:00,5000,1,1447.01,11,0.00,0.00,0.000,0.17,9.325
03/10/2021 12:17:00,5000,1,1456.33,11,0.00,0.00,0.000,0.17,9.325
03/10/2021 12:18:00,5000,1,1465.11,11,0.00,0.00,0.000,0.16,8.776
03/10/2021 12:19:00,5000,1,1473.88,11,0.00,0.00,0.000,0.16,8.776
03/10/2021 12:20:00,5000,1,1483.21,11,0.00,0.00,0.000,0.17,9.325
03/10/2021 12:21:00,5000,1,1492.53,11,0.00,0.00,0.000,0.17,9.325
03/10/2021 12:22:00,5000,1,1501.86,11,0.00,0.00,0.000,0.17,9.325
03/10/2021 12:23:00,5000,1,1511.18,11,0.00,0.00,0.000,0.17,9.325
03/10/2021 12:24:00,5000,1,1520.51,11,0.00,0.00,0.000,0.17,9.325
03/10/2021 12:25:00,5000,1,1529.83,11,0.00,0.00,0.000,0.17,9.325
03/10/2021 12:26:00,5000,1,1539.16,11,0.00,0.00,0.000,0.17,9.325
03/10/2021 12:27:00,5000,1,1549.03,11,0.00,0.00,0.000,0.18,9.873
03/10/2021 12:28:00,5000,1,1558.35,11,0.00,0.00,0.000,0.17,9.325
03/10/2021 12:29:00,5000,1,1567.68,11,0.00,0.00,0.000,0.17,9.325
03/10/2021 12:30:00,5000,1,1577.00,11,0.00,0.00,0.000,0.17,9.325
03/10/2021 12:31:00,5000,1,1585.78,11,0.00,0.00,0.000,0.16,8.776
03/10/2021 12:32:00,5000,1,1595.10,11,0.00,0.00,0.000,0.17,9.325
03/10/2021 12:33:00,5000,1,1604.43,11,0.00,0.00,0.000,0.17,9.325
03/10/2021 12:34:00,5000,1,1613.75,11,0.00,0.00,0.000,0.17,9.325
03/10/2021 12:35:00,5000,1,1623.08,11,0.00,0.00,0.000,0.17,9.325
03/10/2021 12:36:00,5000,1,1631.85,11,0.00,0.00,0.000,0.16,8.776
03/10/2021 12:37:00,5000,1,1641.18,11,0.00,0.00,0.000,0.17,9.325
03/10/2021 12:38:00,5000,1,1650.50,11,0.00,0.00,0.000,0.17,9.325
03/10/2021 12:39:00,5000,1,1659.83,11,0.00,0.00,0.000,0.17,9.325
03/10/2021 12:40:00,5000,1,1668.60,11,0.00,0.00,0.000,0.16,8.776
03/10/2021 12:41:00,5000,1,1677.38,11,0.00,0.00,0.000,0.16,8.776
03/10/2021 12:42:00,5000,1,1686.70,11,0.00,0.00,0.000,0.17,9.325
03/10/2021 12:43:00,5000,1,1696.03,11,0.00,0.00,0.000,0.17,9.325
03/10/2021 12:44:00,5000,1,1705.35,11,0.00,0.00,0.000,0.17,9.325
03/10/2021 12:45:00,5000,1,1714.68,11,0.00,0.00,0.000,0.17,9.325
03/10/2021 12:46:00,5000,1,1723.45,11,0.00,0.00,0.000,0.16,8.776
03/10/2021 12:47:00,5000,1,1732.78,11,0.00,0.00,0.000,0.17,9.325
03/10/2021 12:48:00,5000,1,1742.10,11,0.00,0.00,0.000,0.17,9.325
03/10/2021 12:49:00,5000,1,1751.42,11,0.00,0.00,0.000,0.17,9.325
03/10/2021 12:50:00,5000,1,1760.20,11,0.00,0.00,0.000,0.16,8.776
03/10/2021 12:51:00,5000,1,1769.53,11,0.00,0.00,0.000,0.17,9.325
03/10/2021 12:52:00,5000,1,1778.85,11,0.00,0.00,0.000,0.17,9.325
03/10/2021 12:53:00,5000,1,1787.63,11,0.00,0.00,0.000,0.16,8.776
03/10/2021 12:54:00,5000,1,1796.95,11,0.00,0.00,0.000,0.17,9.325
03/10/2021 12:55:00,5000,1,1806.27,11,0.00,0.00,0.000,0.17,9.325
03/10/2021 12:56:00,5000,1,1815.60,11,0.00,0.00,0.000,0.17,9.325
03/10/2021 12:57:00,5000,1,1824.92,11,0.00,0.00,0.000,0.17,9.325
03/10/2021 12:58:00,5000,1,1833.70,11,0.00,0.00,0.000,0.16,8.776
03/10/2021 12:59:00,5000,1,1842.48,11,0.00,0.00,0.000,0.16,8.776
03/10/2021 13:00:00,5000,1,1851.25,11,0.00,0.00,0.000,0.16,8.776
03/10/2021 13:01:00,5000,1,1860.58,11,0.00,0.00,0.000,0.17,9.325
03/10/2021 13:02:00,5000,1,1869.90,11,0.00,0.00,0.000,0.17,9.325
03/10/2021 13:03:00,5000,1,1879.23,11,0.00,0.00,0.000,0.17,9.325
03/10/2021 13:04:00,5000,1,1888.55,11,0.00,0.00,0.000,0.17,9.325
03/10/2021 13:05:00,5000,1,1897.87,11,0.00,0.00,0.000,0.17,9.325
03/10/2021 13:06:00,5000,1,1907.20,11,0.00,0.00,0.000,0.17,9.325
03/10/2021 13:07:00,5000,1,1915.97,11,0.00,0.00,0.000,0.16,8.776
03/10/2021 13:08:00,5000,1,1925.30,11,0.00,0.00,0.000,0.17,9.325
03/10/2021 13:09:00,5000,1,1934.62,11,0.00,0.00,0.000,0.17,9.325
03/10/2021 13:10:00,5000,1,1943.95,11,0.00,0.00,0.000,0.17,9.325
03/10/2021 13:11:00,5000,1,1953.27,11,0.00,0.00,0.000,0.17,9.325
03/10/2021 13:12:00,5000,1,1962.60,11,0.00,0.00,0.000,0.17,9.325
03/10/2021 13:13:00,5000,1,1971.92,11,0.00,0.00,0.000,0.17,9.325
03/10/2021 13:14:00,5000,1,1981.25,11,0.00,0.00,0.000,0.17,9.325
03/10/2021 13:15:00,5000,1,1991.67,11,0.00,0.00,0.000,0.19,10.422
03/10/2021 13:16:00,5000,1,2002.64,11,0.00,0.00,0.000,0.20,10.970
03/10/2021 13:17:00,5000,1,2014.70,11,0.00,0.00,0.000,0.22,12.067
03/10/2021 13:18:00,5000,1,2028.42,11,0.00,0.00,0.000,0.25,13.713
03/10/2021 13:19:00,5000,1,2041.58,11,0.00,0.00,0.000,0.24,13.164
03/10/2021 13:20:00,5000,1,2055.29,11,0.00,0.00,0.000,0.25,13.713
03/10/2021 13:21:00,5000,1,2069.01,11,0.00,0.00,0.000,0.25,13.713
03/10/2021 13:22:00,5000,1,2082.72,11,0.00,0.00,0.000,0.25,13.713
03/10/2021 13:23:00,5000,1,2096.98,11,0.00,0.00,0.000,0.26,14.261
03/10/2021 13:24:00,5000,1,2111.79,11,0.00,-99.00,0.000,0.27,14.810
03/10/2021 13:25:00,5000,1,2127.15,11,0.00,0.34,0.000,0.28,15.358
03/10/2021 13:26:00,5000,1,2155.70,11,0.00,0.55,0.000,0.40,28.551
03/10/2021 13:27:00,5000,1,2199.97,11,0.00,0.86,0.000,0.53,44.275
03/10/2021 13:28:00,5000,1,2256.19,11,0.22,0.81,6.896,0.62,56.217
03/10/2021 13:29:00,5000,1,2326.31,11,0.35,1.11,15.170,0.70,70.116
03/10/2021 13:30:00,5000,1,2442.29,11,0.48,0.95,18.075,0.95,115.987
03/10/2021 13:31:00,5000,1,2602.77,11,0.56,1.27,28.715,1.15,160.473
03/10/2021 13:32:00,5000,1,2758.79,11,0.82,1.40,47.865,1.13,156.025
03/10/2021 13:33:00,5000,1,2914.82,11,0.86,1.33,47.862,1.13,156.025
03/10/2021 13:34:00,5000,1,3059.72,11,0.69,1.38,38.916,1.08,144.903
03/10/2021 13:35:00,5000,1,3195.72,11,0.86,1.08,38.809,1.04,136.006
03/10/2021 13:36:00,5000,1,3333.95,11,0.86,1.06,38.124,1.05,138.230
03/10/2021 13:37:00,5000,1,3447.72,11,0.77,1.07,34.257,0.94,113.762
03/10/2021 13:38:00,5000,1,3561.48,11,0.52,1.05,21.847,0.94,113.762
03/10/2021 13:39:00,5000,1,3693.04,11,0.73,1.57,47.413,1.02,131.557
03/10/2021 13:40:00,5000,1,3822.37,11,0.52,1.54,32.084,1.01,129.333
03/10/2021 13:41:00,5000,1,3956.15,11,0.56,1.17,26.405,1.03,133.781
03/10/2021 13:42:00,5000,1,4085.48,11,0.77,1.71,55.017,1.01,129.333
03/10/2021 13:43:00,5000,1,4210.37,11,0.77,1.27,40.748,0.99,124.884
03/10/2021 13:44:00,5000,1,4366.39,11,0.86,1.40,50.603,1.13,156.025
03/10/2021 13:45:00,5000,1,4520.19,11,0.90,1.36,51.651,1.12,153.800
03/10/2021 13:46:00,5000,1,4671.77,11,0.77,1.33,42.676,1.11,151.576
03/10/2021 13:47:00,5000,1,4823.34,11,0.69,1.27,35.890,1.11,151.576
03/10/2021 13:48:00,5000,1,4974.92,11,0.69,1.36,38.378,1.11,151.576
03/10/2021 13:49:00,5000,1,122.05,11,0.77,1.21,38.788,1.09,147.127
03/10/2021 13:50:00,5000,1,262.50,12,0.90,1.19,45.371,1.06,140.454
03/10/2021 13:51:00,5000,1,396.28,12,0.73,1.11,33.491,1.03,133.781
03/10/2021 13:52:00,5000,1,521.17,12,0.65,1.19,31.344,0.99,124.884
03/10/2021 13:53:00,5000,1,661.62,12,0.82,1.01,34.501,1.06,140.454
03/10/2021 13:54:00,5000,1,793.18,12,0.65,1.14,29.972,1.02,131.557
03/10/2021 13:55:00,5000,1,922.51,12,0.56,1.30,29.508,1.01,129.333
03/10/2021 13:56:00,5000,1,1036.27,12,0.60,1.35,33.009,0.94,113.762
03/10/2021 13:57:00,5000,1,1152.26,12,0.73,1.38,41.705,0.95,115.987
03/10/2021 13:58:00,5000,1,1261.57,12,0.52,1.53,31.834,0.92,109.314
03/10/2021 13:59:00,5000,1,1362.96,12,0.52,1.38,28.692,0.88,101.390
03/10/2021 14:00:00,5000,1,1478.95,12,0.73,1.19,35.967,0.95,115.987
03/10/2021 14:01:00,5000,1,1580.34,12,0.60,1.51,36.954,0.88,101.390
03/10/2021 14:02:00,5000,1,1689.65,12,0.52,1.25,26.091,0.92,109.314
03/10/2021 14:03:00,5000,1,1789.31,12,0.56,1.22,27.674,0.87,99.653
03/10/2021 14:04:00,5000,1,1883.75,12,0.60,1.27,31.220,0.84,94.440
03/10/2021 14:05:00,5000,1,1976.45,12,0.65,1.00,26.305,0.83,92.703
03/10/2021 14:06:00,5000,1,2067.42,12,0.52,0.90,18.788,0.82,90.966
03/10/2021 14:07:00,5000,1,2154.91,12,0.56,1.17,26.405,0.80,87.491
03/10/2021 14:08:00,5000,1,2238.92,12,0.39,1.34,20.672,0.78,84.016
03/10/2021 14:09:00,5000,1,2319.46,12,0.30,1.19,14.160,0.76,80.541
03/10/2021 14:10:00,5000,1,2398.27,12,0.39,1.32,20.364,0.75,78.804
03/10/2021 14:11:00,5000,1,2477.07,12,0.35,1.25,17.052,0.75,78.804
03/10/2021 14:12:00,5000,1,2550.66,12,0.52,1.02,21.223,0.72,73.591
03/10/2021 14:13:00,5000,1,2625.99,12,0.22,1.17,9.955,0.73,75.329
03/10/2021 14:14:00,5000,1,2692.63,12,0.35,1.50,20.504,0.68,66.641
03/10/2021 14:15:00,5000,1,2754.06,12,0.48,1.12,21.340,0.65,61.429
03/10/2021 14:16:00,5000,1,2817.23,12,0.43,1.23,21.069,0.66,63.167
03/10/2021 14:17:00,5000,1,2873.44,12,0.22,1.21,10.209,0.62,56.217
03/10/2021 14:18:00,5000,1,2924.98,12,0.39,1.20,18.454,0.59,51.532
03/10/2021 14:19:00,5000,1,2979.46,12,0.39,1.02,15.743,0.61,54.479
03/10/2021 14:20:00,5000,1,3028.57,12,0.26,0.95,9.708,0.57,49.113
03/10/2021 14:21:00,5000,1,3077.68,12,0.39,0.88,13.586,0.57,49.113
03/10/2021 14:22:00,5000,1,3124.38,12,0.18,1.06,7.202,0.55,46.694
03/10/2021 14:23:00,5000,1,3171.07,12,0.35,0.98,13.328,0.55,46.694
03/10/2021 14:24:00,5000,1,3215.35,12,0.18,0.81,5.532,0.53,44.275
03/10/2021 14:25:00,5000,1,3259.62,12,0.35,1.10,15.020,0.53,44.275
03/10/2021 14:26:00,5000,1,3300.27,12,0.18,1.02,6.951,0.50,40.646
03/10/2021 14:27:00,5000,1,3340.91,12,0.00,1.04,0.000,0.50,40.646
03/10/2021 14:28:00,5000,1,3381.56,12,0.13,-99.00,0.502,0.50,40.646
03/10/2021 14:29:00,5000,1,3421.00,12,0.13,0.79,4.047,0.49,39.437
03/10/2021 14:30:00,5000,1,3460.43,12,0.09,0.72,2.500,0.49,39.437
03/10/2021 14:31:00,5000,1,3502.29,12,0.00,0.87,0.000,0.51,41.856
03/10/2021 14:32:00,5000,1,3542.94,12,0.13,-99.00,0.430,0.50,40.646
03/10/2021 14:33:00,5000,1,3581.16,12,0.00,-99.00,0.000,0.48,38.227
03/10/2021 14:34:00,5000,1,3619.39,12,0.00,-99.00,0.000,0.48,38.227
03/10/2021 14:35:00,5000,1,3657.62,12,0.00,0.86,0.000,0.48,38.227
03/10/2021 14:36:00,5000,1,3695.84,12,0.00,-99.00,0.000,0.48,38.227
03/10/2021 14:37:00,5000,1,3734.07,12,0.00,0.72,0.000,0.48,38.227
03/10/2021 14:38:00,5000,1,3772.30,12,0.00,-99.00,0.000,0.48,38.227
03/10/2021 14:39:00,5000,1,3810.53,12,0.00,-99.00,0.000,0.48,38.227
03/10/2021 14:40:00,5000,1,3847.54,12,0.00,1.15,0.000,0.47,37.018
03/10/2021 14:41:00,5000,1,3883.35,12,0.00,1.03,0.000,0.46,35.808
03/10/2021 14:42:00,5000,1,3917.95,12,0.00,-99.00,0.000,0.45,34.599
03/10/2021 14:43:00,5000,1,3952.55,12,0.00,-99.00,0.000,0.45,34.599
03/10/2021 14:44:00,5000,1,3987.15,12,0.00,-99.00,0.000,0.45,34.599
03/10/2021 14:45:00,5000,1,4021.75,12,0.00,-99.00,0.000,0.45,34.599
03/10/2021 14:46:00,5000,1,4053.92,12,0.00,-99.00,0.000,0.43,32.179
03/10/2021 14:47:00,5000,1,4087.31,12,0.00,-99.00,0.000,0.44,33.389
03/10/2021 14:48:00,5000,1,4119.49,12,0.00,-99.00,0.000,0.43,32.179
03/10/2021 14:49:00,5000,1,4151.67,12,0.00,-99.00,0.000,0.43,32.179
03/10/2021 14:50:00,5000,1,4182.64,12,0.00,-99.00,0.000,0.42,30.970
03/10/2021 14:51:00,5000,1,4213.61,12,0.00,-99.00,0.000,0.42,30.970
03/10/2021 14:52:00,5000,1,4244.58,12,0.00,-99.00,0.000,0.42,30.970
03/10/2021 14:53:00,5000,1,4274.34,12,0.00,-99.00,0.000,0.41,29.760
03/10/2021 14:54:00,5000,1,4304.10,12,0.00,-99.00,0.000,0.41,29.760
03/10/2021 14:55:00,5000,1,4332.65,12,0.00,-99.00,0.000,0.40,28.551
03/10/2021 14:56:00,5000,1,4361.20,12,0.00,-99.00,0.000,0.40,28.551
03/10/2021 14:57:00,5000,1,4390.96,12,0.00,-99.00,0.000,0.41,29.760
03/10/2021 14:58:00,5000,1,4419.51,12,-99.00,-99.00,-99.000,0.40,28.551
03/10/2021 14:59:00,5000,1,4446.86,12,0.00,0.05,0.000,0.39,27.341
03/10/2021 15:00:00,5000,1,4475.41,12,0.00,-99.00,0.000,0.40,28.551
03/10/2021 15:01:00,5000,1,4503.96,12,0.00,-99.00,0.000,0.40,28.551
03/10/2021 15:02:00,5000,1,4531.30,12,0.00,-99.00,0.000,0.39,27.341
03/10/2021 15:03:00,5000,1,4558.64,12,0.00,-99.00,0.000,0.39,27.341
03/10/2021 15:04:00,5000,1,4584.77,12,0.00,-99.00,0.000,0.38,26.132
03/10/2021 15:05:00,5000,1,4612.11,12,0.00,-99.00,0.000,0.39,27.341
03/10/2021 15:06:00,5000,1,4638.24,12,0.00,-99.00,0.000,0.38,26.132
03/10/2021 15:07:00,5000,1,4664.38,12,0.00,-99.00,0.000,0.38,26.132
03/10/2021 15:08:00,5000,1,4690.51,12,0.00,-99.00,0.000,0.38,26.132
03/10/2021 15:09:00,5000,1,4716.64,12,0.00,-99.00,0.000,0.38,26.132
03/10/2021 15:10:00,5000,1,4742.77,12,0.00,-99.00,0.000,0.38,26.132
03/10/2021 15:11:00,5000,1,4767.69,12,0.00,-99.00,0.000,0.37,24.922
03/10/2021 15:12:00,5000,1,4792.61,12,0.00,-99.00,0.000,0.37,24.922
03/10/2021 15:13:00,5000,1,4817.54,12,0.00,-99.00,0.000,0.37,24.922
03/10/2021 15:14:00,5000,1,4842.46,12,0.00,-99.00,0.000,0.37,24.922
03/10/2021 15:15:00,5000,1,4867.38,12,0.00,-99.00,0.000,0.37,24.922
03/10/2021 15:16:00,5000,1,4891.09,12,0.00,-99.00,0.000,0.36,23.712
03/10/2021 15:17:00,5000,1,4914.80,12,0.00,-99.00,0.000,0.36,23.712
03/10/2021 15:18:00,5000,1,4938.52,12,0.00,-99.00,0.000,0.36,23.712
03/10/2021 15:19:00,5000,1,4962.23,12,0.00,-99.00,0.000,0.36,23.712
03/10/2021 15:20:00,5000,1,4984.73,12,0.00,-99.00,0.000,0.35,22.503
03/10/2021 15:21:00,5000,1,8.44,12,0.00,-99.00,0.000,0.36,23.712
03/10/2021 15:22:00,5000,1,32.16,13,0.00,14.61,0.000,0.36,23.712
03/10/2021 15:23:00,5000,1,54.66,13,5.01,-99.00,32.119,0.35,22.503
03/10/2021 15:24:00,5000,1,77.16,13,0.00,4.02,0.000,0.35,22.503
03/10/2021 15:25:00,5000,1,99.67,13,0.69,-99.00,2.140,0.35,22.503
03/10/2021 15:26:00,5000,1,122.17,13,0.00,-99.00,0.000,0.35,22.503
03/10/2021 15:27:00,5000,1,144.67,13,0.00,-99.00,0.000,0.35,22.503
03/10/2021 15:28:00,5000,1,168.38,13,0.00,-99.00,0.000,0.36,23.712
03/10/2021 15:29:00,5000,1,190.89,13,0.00,-99.00,0.000,0.35,22.503
03/10/2021 15:30:00,5000,1,213.39,13,0.00,-99.00,0.000,0.35,22.503
03/10/2021 15:31:00,5000,1,235.89,13,0.00,-99.00,0.000,0.35,22.503
03/10/2021 15:32:00,5000,1,257.19,13,0.00,-99.00,0.000,0.34,21.293
03/10/2021 15:33:00,5000,1,278.48,13,0.00,-99.00,0.000,0.34,21.293
03/10/2021 15:34:00,5000,1,299.77,13,-99.00,-99.00,0.000,0.34,21.293
03/10/2021 15:35:00,5000,1,321.06,13,0.00,-99.00,0.000,0.34,21.293
03/10/2021 15:36:00,5000,1,342.36,13,0.00,6.04,0.000,0.34,21.293
03/10/2021 15:37:00,5000,1,363.65,13,1.55,-99.00,3.749,0.34,21.293
03/10/2021 15:38:00,5000,1,384.94,13,0.00,-99.00,0.000,0.34,21.293
03/10/2021 15:39:00,5000,1,405.03,13,0.00,-99.00,0.000,0.33,20.084
03/10/2021 15:40:00,5000,1,425.11,13,0.00,-99.00,0.000,0.33,20.084
03/10/2021 15:41:00,5000,1,445.20,13,0.00,-99.00,0.000,0.33,20.084
03/10/2021 15:42:00,5000,1,465.28,13,0.00,0.00,0.000,0.33,20.084
03/10/2021 15:43:00,5000,1,484.15,13,0.00,-99.00,0.000,0.32,18.874
03/10/2021 15:44:00,5000,1,503.03,13,0.00,-99.00,0.000,0.32,18.874
03/10/2021 15:45:00,5000,1,521.90,13,0.00,-99.00,0.000,0.32,18.874
03/10/2021 15:46:00,5000,1,541.99,13,0.00,-99.00,0.000,0.33,20.084
03/10/2021 15:47:00,5000,1,560.86,13,0.00,-99.00,0.000,0.32,18.874
03/10/2021 15:48:00,5000,1,579.73,13,0.00,-99.00,0.000,0.32,18.874
03/10/2021 15:49:00,5000,1,597.40,13,0.00,-99.00,0.000,0.31,17.665
03/10/2021 15:50:00,5000,1,616.27,13,0.00,-99.00,0.000,0.32,18.874
03/10/2021 15:51:00,5000,1,633.94,13,0.00,0.00,0.000,0.31,17.665
03/10/2021 15:52:00,5000,1,651.60,13,0.00,0.00,0.000,0.31,17.665
03/10/2021 15:53:00,5000,1,669.27,13,0.00,0.00,0.000,0.31,17.665
03/10/2021 15:54:00,5000,1,686.93,13,0.00,0.17,0.000,0.31,17.665
03/10/2021 15:55:00,5000,1,703.39,13,0.00,0.00,0.000,0.30,16.455
03/10/2021 15:56:00,5000,1,719.84,13,0.00,-99.00,0.000,0.30,16.455
03/10/2021 15:57:00,5000,1,735.75,13,0.00,0.35,0.000,0.29,15.907
03/10/2021 15:58:00,5000,1,752.20,13,0.00,-99.00,0.000,0.30,16.455
03/10/2021 15:59:00,5000,1,768.11,13,0.00,-99.00,0.000,0.29,15.907
03/10/2021 16:00:00,5000,1,784.02,13,0.00,-99.00,0.000,0.29,15.907
03/10/2021 16:01:00,5000,1,800.47,13,0.00,-99.00,0.000,0.30,16.455
03/10/2021 16:02:00,5000,1,816.38,13,0.00,-99.00,0.000,0.29,15.907
03/10/2021 16:03:00,5000,1,832.28,13,0.00,-99.00,0.000,0.29,15.907
03/10/2021 16:04:00,5000,1,848.19,13,0.00,-99.00,0.000,0.29,15.907
03/10/2021 16:05:00,5000,1,864.10,13,0.00,-99.00,0.000,0.29,15.907
03/10/2021 16:06:00,5000,1,880.55,13,0.00,-99.00,0.000,0.30,16.455
03/10/2021 16:07:00,5000,1,896.46,13,0.00,0.00,0.000,0.29,15.907
03/10/2021 16:08:00,5000,1,912.91,13,0.00,-99.00,0.000,0.30,16.455
03/10/2021 16:09:00,5000,1,928.82,13,0.00,-99.00,0.000,0.29,15.907
03/10/2021 16:10:00,5000,1,944.73,13,0.00,-99.00,0.000,0.29,15.907
03/10/2021 16:11:00,5000,1,960.63,13,0.00,-99.00,0.000,0.29,15.907
03/10/2021 16:12:00,5000,1,976.54,13,0.00,0.12,0.000,0.29,15.907
03/10/2021 16:13:00,5000,1,992.99,13,0.00,0.80,0.000,0.30,16.455
03/10/2021 16:14:00,5000,1,1009.45,13,0.00,0.00,0.000,0.30,16.455
03/10/2021 16:15:00,5000,1,1025.36,13,0.00,0.00,0.000,0.29,15.907
03/10/2021 16:16:00,5000,1,1041.81,13,0.00,1.10,0.000,0.30,16.455
03/10/2021 16:17:00,5000,1,1058.27,13,0.00,-99.00,0.000,0.30,16.455
03/10/2021 16:18:00,5000,1,1074.17,13,0.00,-99.00,0.000,0.29,15.907
03/10/2021 16:19:00,5000,1,1090.63,13,0.00,0.42,0.000,0.30,16.455
03/10/2021 16:20:00,5000,1,1107.08,13,0.00,0.00,0.000,0.30,16.455
03/10/2021 16:21:00,5000,1,1123.54,13,0.00,0.00,0.000,0.30,16.455
03/10/2021 16:22:00,5000,1,1139.99,13,0.00,0.00,0.000,0.30,16.455
03/10/2021 16:23:00,5000,1,1156.45,13,0.00,-99.00,0.000,0.30,16.455
03/10/2021 16:24:00,5000,1,1172.90,13,0.00,0.00,0.000,0.30,16.455
03/10/2021 16:25:00,5000,1,1189.36,13,0.00,0.02,0.000,0.30,16.455
03/10/2021 16:26:00,5000,1,1207.02,13,0.00,0.64,0.000,0.31,17.665
03/10/2021 16:27:00,5000,1,1223.48,13,0.00,-99.00,0.000,0.30,16.455
03/10/2021 16:28:00,5000,1,1239.93,13,0.00,0.00,0.000,0.30,16.455
03/10/2021 16:29:00,5000,1,1256.39,13,0.00,0.64,0.000,0.30,16.455
03/10/2021 16:30:00,5000,1,1272.84,13,0.00,-99.00,0.000,0.30,16.455
03/10/2021 16:31:00,5000,1,1290.51,13,0.00,0.02,0.000,0.31,17.665
03/10/2021 16:32:00,5000,1,1308.17,13,0.00,1.12,0.000,0.31,17.665
03/10/2021 16:33:00,5000,1,1324.63,13,0.00,0.00,0.000,0.30,16.455
03/10/2021 16:34:00,5000,1,1341.08,13,0.00,0.24,0.000,0.30,16.455
