Date Time,SamplePacin,BottleNum,Incr_Flow,AliquotNum,Level_PT_No,Flow _PT,Level_PT_So
MM/dd/yyyy hh:mm:ss,cf,,cf,ali,in,cfs,in
03/10/2021 00:00:00,45000,1,0.00,0,1.56,0.772,0.05
03/10/2021 00:01:00,45000,1,0.00,,,,
03/10/2021 00:02:00,45000,1,0.00,,,,
03/10/2021 00:03:00,45000,1,0.00,,,,
03/10/2021 00:04:00,45000,1,0.00,,,,
03/10/2021 00:05:00,45000,1,0.00,0,1.56,0.772,0.05
03/10/2021 00:06:00,45000,1,0.00,,,,
03/10/2021 00:07:00,45000,1,0.00,,,,
03/10/2021 00:08:00,45000,1,0.00,,,,
03/10/2021 00:09:00,45000,1,0.00,,,,
03/10/2021 00:10:00,45000,1,0.00,0,1.53,0.757,0.06
03/10/2021 00:11:00,45000,1,0.00,,,,
03/10/2021 00:12:00,45000,1,0.00,,,,
03/10/2021 00:13:00,45000,1,0.00,,,,
03/10/2021 00:14:00,45000,1,0.00,,,,
03/10/2021 00:15:00,45000,1,0.00,0,1.56,0.772,0.07
03/10/2021 00:16:00,45000,1,0.00,,,,
03/10/2021 00:17:00,45000,1,0.00,,,,
03/10/2021 00:18:00,45000,1,0.00,,,,
03/10/2021 00:19:00,45000,1,0.00,,,,
03/10/2021 00:20:00,45000,1,0.00,0,1.57,0.777,0.06
03/10/2021 00:21:00,45000,1,0.00,,,,
03/10/2021 00:22:00,45000,1,0.00,,,,
03/10/2021 00:23:00,45000,1,0.00,,,,
03/10/2021 00:24:00,45000,1,0.00,,,,
03/10/2021 00:25:00,45000,1,0.00,0,1.55,0.767,0.06
03/10/2021 00:26:00,45000,1,0.00,,,,
03/10/2021 00:27:00,45000,1,0.00,,,,
03/10/2021 00:28:00,45000,1,0.00,,,,
03/10/2021 00:29:00,45000,1,0.00,,,,
03/10/2021 00:30:00,45000,1,0.00,0,1.57,0.777,0.06
03/10/2021 00:31:00,45000,1,0.00,,,,
03/10/2021 00:32:00,45000,1,0.00,,,,
03/10/2021 00:33:00,45000,1,0.00,,,,
03/10/2021 00:34:00,45000,1,0.00,,,,
03/10/2021 00:35:00,45000,1,0.00,0,1.57,0.777,0.06
03/10/2021 00:36:00,45000,1,0.00,,,,
03/10/2021 00:37:00,45000,1,0.00,,,,
03/10/2021 00:38:00,45000,1,0.00,,,,
03/10/2021 00:39:00,45000,1,0.00,,,,
03/10/2021 00:40:00,45000,1,0.00,0,1.57,0.777,0.05
03/10/2021 00:41:00,45000,1,0.00,,,,
03/10/2021 00:42:00,45000,1,0.00,,,,
03/10/2021 00:43:00,45000,1,0.00,,,,
03/10/2021 00:44:00,45000,1,0.00,,,,
03/10/2021 00:45:00,45000,1,0.00,0,1.57,0.777,0.05
03/10/2021 00:46:00,45000,1,0.00,,,,
03/10/2021 00:47:00,45000,1,0.00,,,,
03/10/2021 00:48:00,45000,1,0.00,,,,
03/10/2021 00:49:00,45000,1,0.00,,,,
03/10/2021 00:50:00,45000,1,0.00,0,1.58,0.782,0.05
03/10/2021 00:51:00,45000,1,0.00,,,,
03/10/2021 00:52:00,45000,1,0.00,,,,
03/10/2021 00:53:00,45000,1,0.00,,,,
03/10/2021 00:54:00,45000,1,0.00,,,,
03/10/2021 00:55:00,45000,1,0.00,0,1.54,0.762,0.04
03/10/2021 00:56:00,45000,1,0.00,,,,
03/10/2021 00:57:00,45000,1,0.00,,,,
03/10/2021 00:58:00,45000,1,0.00,,,,
03/10/2021 00:59:00,45000,1,0.00,,,,
03/10/2021 01:00:00,45000,1,0.00,0,1.54,0.762,0.03
03/10/2021 01:01:00,45000,1,0.00,,,,
03/10/2021 01:02:00,45000,1,0.00,,,,
03/10/2021 01:03:00,45000,1,0.00,,,,
03/10/2021 01:04:00,45000,1,0.00,,,,
03/10/2021 01:05:00,45000,1,0.00,0,1.54,0.762,0.04
03/10/2021 01:06:00,45000,1,0.00,,,,
03/10/2021 01:07:00,45000,1,0.00,,,,
03/10/2021 01:08:00,45000,1,0.00,,,,
03/10/2021 01:09:00,45000,1,0.00,,,,
03/10/2021 01:10:00,45000,1,0.00,0,1.56,0.772,0.06
03/10/2021 01:11:00,45000,1,0.00,,,,
03/10/2021 01:12:00,45000,1,0.00,,,,
03/10/2021 01:13:00,45000,1,0.00,,,,
03/10/2021 01:14:00,45000,1,0.00,,,,
03/10/2021 01:15:00,45000,1,0.00,0,1.59,0.787,0.04
03/10/2021 01:16:00,45000,1,0.00,,,,
03/10/2021 01:17:00,45000,1,0.00,,,,
03/10/2021 01:18:00,45000,1,0.00,,,,
03/10/2021 01:19:00,45000,1,0.00,,,,
03/10/2021 01:20:00,45000,1,0.00,0,1.57,0.777,0.05
03/10/2021 01:21:00,45000,1,0.00,,,,
03/10/2021 01:22:00,45000,1,0.00,,,,
03/10/2021 01:23:00,45000,1,0.00,,,,
03/10/2021 01:24:00,45000,1,0.00,,,,
03/10/2021 01:25:00,45000,1,0.00,0,1.63,0.807,0.04
03/10/2021 01:26:00,45000,1,0.00,,,,
03/10/2021 01:27:00,45000,1,0.00,,,,
03/10/2021 01:28:00,45000,1,0.00,,,,
03/10/2021 01:29:00,45000,1,0.00,,,,
03/10/2021 01:30:00,45000,1,0.00,0,1.59,0.787,0.04
03/10/2021 01:31:00,45000,1,0.00,,,,
03/10/2021 01:32:00,45000,1,0.00,,,,
03/10/2021 01:33:00,45000,1,0.00,,,,
03/10/2021 01:34:00,45000,1,0.00,,,,
03/10/2021 01:35:00,45000,1,0.00,0,1.62,0.802,0.05
03/10/2021 01:36:00,45000,1,0.00,,,,
03/10/2021 01:37:00,45000,1,0.00,,,,
03/10/2021 01:38:00,45000,1,0.00,,,,
03/10/2021 01:39:00,45000,1,0.00,,,,
03/10/2021 01:40:00,45000,1,0.00,0,1.56,0.772,0.04
03/10/2021 01:41:00,45000,1,0.00,,,,
03/10/2021 01:42:00,45000,1,0.00,,,,
03/10/2021 01:43:00,45000,1,0.00,,,,
03/10/2021 01:44:00,45000,1,0.00,,,,
03/10/2021 01:45:00,45000,1,0.00,0,1.62,0.802,0.03
03/10/2021 01:46:00,45000,1,0.00,,,,
03/10/2021 01:47:00,45000,1,0.00,,,,
03/10/2021 01:48:00,45000,1,0.00,,,,
03/10/2021 01:49:00,45000,1,0.00,,,,
03/10/2021 01:50:00,45000,1,0.00,0,1.58,0.782,0.03
03/10/2021 01:51:00,45000,1,0.00,,,,
03/10/2021 01:52:00,45000,1,0.00,,,,
03/10/2021 01:53:00,45000,1,0.00,,,,
03/10/2021 01:54:00,45000,1,0.00,,,,
03/10/2021 01:55:00,45000,1,0.00,0,1.61,0.797,0.05
03/10/2021 01:56:00,45000,1,0.00,,,,
03/10/2021 01:57:00,45000,1,0.00,,,,
03/10/2021 01:58:00,45000,1,0.00,,,,
03/10/2021 01:59:00,45000,1,0.00,,,,
03/10/2021 02:00:00,45000,1,0.00,0,1.62,0.802,0.04
03/10/2021 02:01:00,45000,1,0.00,,,,
03/10/2021 02:02:00,45000,1,0.00,,,,
03/10/2021 02:03:00,45000,1,0.00,,,,
03/10/2021 02:04:00,45000,1,0.00,,,,
03/10/2021 02:05:00,45000,1,0.00,0,1.60,0.792,0.03
03/10/2021 02:06:00,45000,1,0.00,,,,
03/10/2021 02:07:00,45000,1,0.00,,,,
03/10/2021 02:08:00,45000,1,0.00,,,,
03/10/2021 02:09:00,45000,1,0.00,,,,
03/10/2021 02:10:00,45000,1,0.00,0,1.63,0.807,0.04
03/10/2021 02:11:00,45000,1,0.00,,,,
03/10/2021 02:12:00,45000,1,0.00,,,,
03/10/2021 02:13:00,45000,1,0.00,,,,
03/10/2021 02:14:00,45000,1,0.00,,,,
03/10/2021 02:15:00,45000,1,0.00,0,1.63,0.807,0.04
03/10/2021 02:16:00,45000,1,0.00,,,,
03/10/2021 02:17:00,45000,1,0.00,,,,
03/10/2021 02:18:00,45000,1,0.00,,,,
03/10/2021 02:19:00,45000,1,0.00,,,,
03/10/2021 02:20:00,45000,1,0.00,0,1.65,0.817,0.04
03/10/2021 02:21:00,45000,1,0.00,,,,
03/10/2021 02:22:00,45000,1,0.00,,,,
03/10/2021 02:23:00,45000,1,0.00,,,,
03/10/2021 02:24:00,45000,1,0.00,,,,
03/10/2021 02:25:00,45000,1,0.00,0,1.66,0.822,0.05
03/10/2021 02:26:00,45000,1,0.00,,,,
03/10/2021 02:27:00,45000,1,0.00,,,,
03/10/2021 02:28:00,45000,1,0.00,,,,
03/10/2021 02:29:00,45000,1,0.00,,,,
03/10/2021 02:30:00,45000,1,0.00,0,1.73,0.856,0.03
03/10/2021 02:31:00,45000,1,0.00,,,,
03/10/2021 02:32:00,45000,1,0.00,,,,
03/10/2021 02:33:00,45000,1,0.00,,,,
03/10/2021 02:34:00,45000,1,0.00,,,,
03/10/2021 02:35:00,45000,1,0.00,0,1.66,0.822,0.05
03/10/2021 02:36:00,45000,1,0.00,,,,
03/10/2021 02:37:00,45000,1,0.00,,,,
03/10/2021 02:38:00,45000,1,0.00,,,,
03/10/2021 02:39:00,45000,1,0.00,,,,
03/10/2021 02:40:00,45000,1,0.00,0,1.69,0.837,0.04
03/10/2021 02:41:00,45000,1,0.00,,,,
03/10/2021 02:42:00,45000,1,0.00,,,,
03/10/2021 02:43:00,45000,1,0.00,,,,
03/10/2021 02:44:00,45000,1,0.00,,,,
03/10/2021 02:45:00,45000,1,0.00,0,1.71,0.847,0.02
03/10/2021 02:46:00,45000,1,0.00,,,,
03/10/2021 02:47:00,45000,1,0.00,,,,
03/10/2021 02:48:00,45000,1,0.00,,,,
03/10/2021 02:49:00,45000,1,0.00,,,,
03/10/2021 02:50:00,45000,1,0.00,0,1.69,0.837,0.05
03/10/2021 02:51:00,45000,1,0.00,,,,
03/10/2021 02:52:00,45000,1,0.00,,,,
03/10/2021 02:53:00,45000,1,0.00,,,,
03/10/2021 02:54:00,45000,1,0.00,,,,
03/10/2021 02:55:00,45000,1,0.00,0,1.68,0.832,0.05
03/10/2021 02:56:00,45000,1,0.00,,,,
03/10/2021 02:57:00,45000,1,0.00,,,,
03/10/2021 02:58:00,45000,1,0.00,,,,
03/10/2021 02:59:00,45000,1,0.00,,,,
03/10/2021 03:00:00,45000,1,0.00,0,1.73,0.856,0.06
03/10/2021 03:01:00,45000,1,0.00,,,,
03/10/2021 03:02:00,45000,1,0.00,,,,
03/10/2021 03:03:00,45000,1,0.00,,,,
03/10/2021 03:04:00,45000,1,0.00,,,,
03/10/2021 03:05:00,45000,1,0.00,0,1.64,0.812,0.05
03/10/2021 03:06:00,45000,1,0.00,,,,
03/10/2021 03:07:00,45000,1,0.00,,,,
03/10/2021 03:08:00,45000,1,0.00,,,,
03/10/2021 03:09:00,45000,1,0.00,,,,
03/10/2021 03:10:00,45000,1,0.00,0,1.73,0.856,0.05
03/10/2021 03:11:00,45000,1,0.00,,,,
03/10/2021 03:12:00,45000,1,0.00,,,,
03/10/2021 03:13:00,45000,1,0.00,,,,
03/10/2021 03:14:00,45000,1,0.00,,,,
03/10/2021 03:15:00,45000,1,0.00,0,1.74,0.861,0.04
03/10/2021 03:16:00,45000,1,0.00,,,,
03/10/2021 03:17:00,45000,1,0.00,,,,
03/10/2021 03:18:00,45000,1,0.00,,,,
03/10/2021 03:19:00,45000,1,0.00,,,,
03/10/2021 03:20:00,45000,1,0.00,0,1.75,0.866,0.05
03/10/2021 03:21:00,45000,1,0.00,,,,
03/10/2021 03:22:00,45000,1,0.00,,,,
03/10/2021 03:23:00,45000,1,0.00,,,,
03/10/2021 03:24:00,45000,1,0.00,,,,
03/10/2021 03:25:00,45000,1,0.00,0,1.73,0.856,0.06
03/10/2021 03:26:00,45000,1,0.00,,,,
03/10/2021 03:27:00,45000,1,0.00,,,,
03/10/2021 03:28:00,45000,1,0.00,,,,
03/10/2021 03:29:00,45000,1,0.00,,,,
03/10/2021 03:30:00,45000,1,0.00,0,1.71,0.847,0.04
03/10/2021 03:31:00,45000,1,0.00,,,,
03/10/2021 03:32:00,45000,1,0.00,,,,
03/10/2021 03:33:00,45000,1,0.00,,,,
03/10/2021 03:34:00,45000,1,0.00,,,,
03/10/2021 03:35:00,45000,1,0.00,0,1.77,0.876,0.05
03/10/2021 03:36:00,45000,1,0.00,,,,
03/10/2021 03:37:00,45000,1,0.00,,,,
03/10/2021 03:38:00,45000,1,0.00,,,,
03/10/2021 03:39:00,45000,1,0.00,,,,
03/10/2021 03:40:00,45000,1,0.00,0,1.78,0.881,0.04
03/10/2021 03:41:00,45000,1,0.00,,,,
03/10/2021 03:42:00,45000,1,0.00,,,,
03/10/2021 03:43:00,45000,1,0.00,,,,
03/10/2021 03:44:00,45000,1,0.00,,,,
03/10/2021 03:45:00,45000,1,0.00,0,1.72,0.851,0.05
03/10/2021 03:46:00,45000,1,0.00,,,,
03/10/2021 03:47:00,45000,1,0.00,,,,
03/10/2021 03:48:00,45000,1,0.00,,,,
03/10/2021 03:49:00,45000,1,0.00,,,,
03/10/2021 03:50:00,45000,1,0.00,0,1.81,0.896,0.05
03/10/2021 03:51:00,45000,1,0.00,,,,
03/10/2021 03:52:00,45000,1,0.00,,,,
03/10/2021 03:53:00,45000,1,0.00,,,,
03/10/2021 03:54:00,45000,1,0.00,,,,
03/10/2021 03:55:00,45000,1,0.00,0,1.76,0.871,0.04
03/10/2021 03:56:00,45000,1,0.00,,,,
03/10/2021 03:57:00,45000,1,0.00,,,,
03/10/2021 03:58:00,45000,1,0.00,,,,
03/10/2021 03:59:00,45000,1,0.00,,,,
03/10/2021 04:00:00,45000,1,0.00,0,1.76,0.871,0.05
03/10/2021 04:01:00,45000,1,0.00,,,,
03/10/2021 04:02:00,45000,1,0.00,,,,
03/10/2021 04:03:00,45000,1,0.00,,,,
03/10/2021 04:04:00,45000,1,0.00,,,,
03/10/2021 04:05:00,45000,1,0.00,0,1.79,0.886,0.06
03/10/2021 04:06:00,45000,1,0.00,,,,
03/10/2021 04:07:00,45000,1,0.00,,,,
03/10/2021 04:08:00,45000,1,0.00,,,,
03/10/2021 04:09:00,45000,1,0.00,,,,
03/10/2021 04:10:00,45000,1,0.00,0,1.78,0.881,0.07
03/10/2021 04:11:00,45000,1,0.00,,,,
03/10/2021 04:12:00,45000,1,0.00,,,,
03/10/2021 04:13:00,45000,1,0.00,,,,
03/10/2021 04:14:00,45000,1,0.00,,,,
03/10/2021 04:15:00,45000,1,0.00,0,1.89,0.936,0.06
03/10/2021 04:16:00,45000,1,0.00,,,,
03/10/2021 04:17:00,45000,1,0.00,,,,
03/10/2021 04:18:00,45000,1,0.00,,,,
03/10/2021 04:19:00,45000,1,0.00,,,,
03/10/2021 04:20:00,45000,1,0.00,0,1.83,0.906,0.03
03/10/2021 04:21:00,45000,1,0.00,,,,
03/10/2021 04:22:00,45000,1,0.00,,,,
03/10/2021 04:23:00,45000,1,0.00,,,,
03/10/2021 04:24:00,45000,1,0.00,,,,
03/10/2021 04:25:00,45000,1,0.00,0,2.02,1.000,0.05
03/10/2021 04:26:00,45000,1,0.00,,,,
03/10/2021 04:27:00,45000,1,0.00,,,,
03/10/2021 04:28:00,45000,1,0.00,,,,
03/10/2021 04:29:00,45000,1,0.00,,,,
03/10/2021 04:30:00,45000,1,0.00,0,2.33,1.556,0.06
03/10/2021 04:31:00,45000,1,93.36,0,2.33,1.556,
03/10/2021 04:32:00,45000,1,186.73,0,2.33,1.556,
03/10/2021 04:33:00,45000,1,295.16,0,2.47,1.807,
03/10/2021 04:34:00,45000,1,400.36,0,2.44,1.753,
03/10/2021 04:35:00,45000,1,507.71,0,2.46,1.789,0.54
03/10/2021 04:36:00,45000,1,625.83,0,2.56,1.969,
03/10/2021 04:37:00,45000,1,740.72,0,2.53,1.915,
03/10/2021 04:38:00,45000,1,843.77,0,2.42,1.717,
03/10/2021 04:39:00,45000,1,972.65,0,2.66,2.148,
03/10/2021 04:40:00,45000,1,1100.45,0,2.65,2.130,0.94
03/10/2021 04:41:00,45000,1,1226.10,0,2.63,2.094,
03/10/2021 04:42:00,45000,1,1385.11,0,2.94,2.650,
03/10/2021 04:43:00,45000,1,1530.13,0,2.81,2.417,
03/10/2021 04:44:00,45000,1,1673.00,0,2.79,2.381,
03/10/2021 04:45:00,45000,1,1832.02,0,2.94,2.650,1.19
03/10/2021 04:46:00,45000,1,2065.29,0,3.63,3.888,
03/10/2021 04:47:00,45000,1,2428.75,0,4.58,6.058,
03/10/2021 04:48:00,45000,1,3123.11,0,6.20,11.573,
03/10/2021 04:49:00,45000,1,4232.20,0,7.74,18.485,
03/10/2021 04:50:00,45000,1,5746.83,0,8.99,25.244,6.25
03/10/2021 04:51:00,45000,1,7555.92,0,9.79,30.152,
03/10/2021 04:52:00,45000,1,10319.56,0,11.89,46.061,
03/10/2021 04:53:00,45000,1,13871.35,0,13.45,59.196,
03/10/2021 04:54:00,45000,1,17653.49,0,13.88,63.036,
03/10/2021 04:55:00,45000,1,21753.49,0,14.46,68.333,11.22
03/10/2021 04:56:00,45000,1,26329.96,0,15.28,76.275,
03/10/2021 04:57:00,45000,1,30729.96,0,14.98,73.333,
03/10/2021 04:58:00,45000,1,35194.67,0,15.09,74.412,
03/10/2021 04:59:00,45000,1,40371.26,0,16.26,86.277,
03/10/2021 05:00:00,45000,1,1019.09,0,16.99,94.130,14.39
03/10/2021 05:01:00,45000,1,5548.50,1,15.20,75.490,
03/10/2021 05:02:00,45000,1,11495.17,1,17.44,99.111,
03/10/2021 05:03:00,45000,1,16526.42,1,16.03,83.854,
03/10/2021 05:04:00,45000,1,22326.42,1,17.22,96.667,
03/10/2021 05:05:00,45000,1,28219.75,1,17.36,98.222,16.16
03/10/2021 05:06:00,45000,1,34589.52,1,18.06,106.163,
03/10/2021 05:07:00,45000,1,40616.79,1,17.56,100.455,
03/10/2021 05:08:00,45000,1,2289.96,1,18.49,111.220,
03/10/2021 05:09:00,45000,1,7768.22,2,16.73,91.304,
03/10/2021 05:10:00,45000,1,15152.84,2,19.45,123.077,16.67
03/10/2021 05:11:00,45000,1,20912.84,2,17.16,96.000,
03/10/2021 05:12:00,45000,1,27028.75,2,17.69,101.932,
03/10/2021 05:13:00,45000,1,33342.70,2,17.98,105.233,
03/10/2021 05:14:00,45000,1,39921.77,2,18.36,109.651,
03/10/2021 05:15:00,45000,1,2137.15,2,19.23,120.256,16.01
03/10/2021 05:16:00,45000,1,8218.97,3,17.64,101.364,
03/10/2021 05:17:00,45000,1,14375.79,3,17.75,102.614,
03/10/2021 05:18:00,45000,1,21290.42,3,18.82,115.244,
03/10/2021 05:19:00,45000,1,27358.61,3,17.62,101.136,
03/10/2021 05:20:00,45000,1,32869.47,3,16.78,91.848,16.23
03/10/2021 05:21:00,45000,1,38910.38,3,17.58,100.682,
03/10/2021 05:22:00,45000,1,44414.73,3,16.77,91.739,
03/10/2021 05:23:00,45000,1,4932.12,3,16.79,91.957,
03/10/2021 05:24:00,45000,1,10685.46,4,17.15,95.889,
03/10/2021 05:25:00,45000,1,16378.93,4,17.06,94.891,15.49
03/10/2021 05:26:00,45000,1,22007.20,4,16.96,93.804,
03/10/2021 05:27:00,45000,1,27576.76,4,16.87,92.826,
03/10/2021 05:28:00,45000,1,33055.02,4,16.73,91.304,
03/10/2021 05:29:00,45000,1,38111.27,4,16.07,84.271,
03/10/2021 05:30:00,45000,1,43997.94,4,17.35,98.111,14.53
03/10/2021 05:31:00,45000,1,4560.98,4,16.86,92.717,
03/10/2021 05:32:00,45000,1,9554.73,5,15.97,83.229,
03/10/2021 05:33:00,45000,1,14948.35,5,16.60,89.894,
03/10/2021 05:34:00,45000,1,20233.46,5,16.43,88.085,
03/10/2021 05:35:00,45000,1,25512.18,5,16.42,87.979,13.90
03/10/2021 05:36:00,45000,1,30682.39,5,16.25,86.170,
03/10/2021 05:37:00,45000,1,36108.48,5,16.65,90.435,
03/10/2021 05:38:00,45000,1,41158.48,5,16.06,84.167,
03/10/2021 05:39:00,45000,1,734.95,5,15.28,76.275,
03/10/2021 05:40:00,45000,1,5584.95,6,15.74,80.833,12.56
03/10/2021 05:41:00,45000,1,10096.71,6,15.17,75.196,
03/10/2021 05:42:00,45000,1,14726.13,6,15.37,77.157,
03/10/2021 05:43:00,45000,1,19361.42,6,15.38,77.255,
03/10/2021 05:44:00,45000,1,24108.48,6,15.57,79.118,
03/10/2021 05:45:00,45000,1,28908.48,6,15.66,80.000,12.22
03/10/2021 05:46:00,45000,1,33002.92,6,14.45,68.241,
03/10/2021 05:47:00,45000,1,37585.28,6,15.29,76.373,
03/10/2021 05:48:00,45000,1,42032.33,6,15.06,74.118,
03/10/2021 05:49:00,45000,1,1176.78,6,14.54,69.074,
03/10/2021 05:50:00,45000,1,5315.67,7,14.53,68.981,11.29
03/10/2021 05:51:00,45000,1,9124.60,7,13.93,63.482,
03/10/2021 05:52:00,45000,1,13459.89,7,14.87,72.255,
03/10/2021 05:53:00,45000,1,17532.11,7,14.41,67.870,
03/10/2021 05:54:00,45000,1,21732.11,7,14.64,70.000,
03/10/2021 05:55:00,45000,1,25573.18,7,13.99,64.018,10.87
03/10/2021 05:56:00,45000,1,29506.52,7,14.16,65.556,
03/10/2021 05:57:00,45000,1,33484.30,7,14.24,66.296,
03/10/2021 05:58:00,45000,1,37473.18,7,14.26,66.481,
03/10/2021 05:59:00,45000,1,41132.11,7,13.65,60.982,
03/10/2021 06:00:00,45000,1,44464.26,7,13.04,55.536,10.42
03/10/2021 06:01:00,45000,1,3198.18,7,13.79,62.232,
03/10/2021 06:02:00,45000,1,6487.66,8,12.96,54.825,
03/10/2021 06:03:00,45000,1,10034.09,8,13.44,59.107,
03/10/2021 06:04:00,45000,1,13070.93,8,12.48,50.614,
03/10/2021 06:05:00,45000,1,16281.45,8,12.81,53.509,10.04
03/10/2021 06:06:00,45000,1,19683.24,8,13.17,56.696,
03/10/2021 06:07:00,45000,1,22777.98,8,12.59,51.579,
03/10/2021 06:08:00,45000,1,26131.55,8,13.08,55.893,
03/10/2021 06:09:00,45000,1,29210.50,8,12.56,51.316,
03/10/2021 06:10:00,45000,1,32368.39,8,12.71,52.632,9.73
03/10/2021 06:11:00,45000,1,35405.23,8,12.48,50.614,
03/10/2021 06:12:00,45000,1,38426.29,8,12.45,50.351,
03/10/2021 06:13:00,45000,1,41362.65,8,12.27,48.939,
03/10/2021 06:14:00,45000,1,44194.47,8,12.04,47.197,
03/10/2021 06:15:00,45000,1,1853.09,8,11.67,44.310,9.24
03/10/2021 06:16:00,45000,1,4589.45,9,11.83,45.606,
03/10/2021 06:17:00,45000,1,7548.54,9,12.32,49.318,
03/10/2021 06:18:00,45000,1,10165.78,9,11.59,43.621,
03/10/2021 06:19:00,45000,1,12920.33,9,11.87,45.909,
03/10/2021 06:20:00,45000,1,15720.33,9,11.97,46.667,9.05
03/10/2021 06:21:00,45000,1,18135.85,9,11.20,40.259,
03/10/2021 06:22:00,45000,1,20809.98,9,11.70,44.569,
03/10/2021 06:23:00,45000,1,23173.50,9,11.08,39.392,
03/10/2021 06:24:00,45000,1,25447.82,9,10.86,37.905,
03/10/2021 06:25:00,45000,1,28127.13,9,11.71,44.655,8.41
03/10/2021 06:26:00,45000,1,30656.44,9,11.42,42.155,
03/10/2021 06:27:00,45000,1,32922.66,9,10.84,37.770,
03/10/2021 06:28:00,45000,1,35140.23,9,10.72,36.959,
03/10/2021 06:29:00,45000,1,37483.47,9,11.03,39.054,
03/10/2021 06:30:00,45000,1,39644.28,9,10.58,36.014,8.14
03/10/2021 06:31:00,45000,1,41512.46,9,9.92,31.136,
03/10/2021 06:32:00,45000,1,43657.06,9,10.54,35.743,
03/10/2021 06:33:00,45000,1,670.69,9,10.24,33.561,
03/10/2021 06:34:00,45000,1,2725.24,10,10.33,34.242,
03/10/2021 06:35:00,45000,1,5092.81,10,11.09,39.459,7.92
03/10/2021 06:36:00,45000,1,6938.26,10,9.87,30.758,
03/10/2021 06:37:00,45000,1,9062.59,10,10.49,35.405,
03/10/2021 06:38:00,45000,1,11170.69,10,10.45,35.135,
03/10/2021 06:39:00,45000,1,12956.06,10,9.73,29.756,
03/10/2021 06:40:00,45000,1,14824.24,10,9.92,31.136,7.76
03/10/2021 06:41:00,45000,1,16724.24,10,9.99,31.667,
03/10/2021 06:42:00,45000,1,18513.27,10,9.74,29.817,
03/10/2021 06:43:00,45000,1,20203.51,10,9.47,28.171,
03/10/2021 06:44:00,45000,1,21926.68,10,9.56,28.720,
03/10/2021 06:45:00,45000,1,23671.80,10,9.62,29.085,7.44
03/10/2021 06:46:00,45000,1,25376.68,10,9.51,28.415,
03/10/2021 06:47:00,45000,1,27322.14,10,10.09,32.424,
03/10/2021 06:48:00,45000,1,29107.50,10,9.73,29.756,
03/10/2021 06:49:00,45000,1,30551.46,10,8.78,24.066,
03/10/2021 06:50:00,45000,1,32183.16,10,9.31,27.195,7.18
03/10/2021 06:51:00,45000,1,33935.60,10,9.64,29.207,
03/10/2021 06:52:00,45000,1,35300.44,10,8.54,22.747,
03/10/2021 06:53:00,45000,1,37052.88,10,9.64,29.207,
03/10/2021 06:54:00,45000,1,38710.19,10,9.38,27.622,
03/10/2021 06:55:00,45000,1,40246.78,10,9.05,25.610,7.11
03/10/2021 06:56:00,45000,1,41834.58,10,9.19,26.463,
03/10/2021 06:57:00,45000,1,43455.32,10,9.28,27.012,
03/10/2021 06:58:00,45000,1,72.39,10,9.27,26.951,
03/10/2021 06:59:00,45000,1,1605.32,11,9.04,25.549,
03/10/2021 07:00:00,45000,1,3233.37,11,9.30,27.134,6.78
03/10/2021 07:01:00,45000,1,4850.44,11,9.27,26.951,
03/10/2021 07:02:00,45000,1,6540.68,11,9.47,28.171,
03/10/2021 07:03:00,45000,1,7987.94,11,8.79,24.121,
03/10/2021 07:04:00,45000,1,9590.37,11,9.23,26.707,
03/10/2021 07:05:00,45000,1,10787.34,11,8.03,19.949,6.62
03/10/2021 07:06:00,45000,1,12082.95,11,8.33,21.593,
03/10/2021 07:07:00,45000,1,13378.55,11,8.33,21.593,
03/10/2021 07:08:00,45000,1,14726.90,11,8.49,22.473,
03/10/2021 07:09:00,45000,1,16128.00,11,8.65,23.352,
03/10/2021 07:10:00,45000,1,17565.37,11,8.76,23.956,6.58
03/10/2021 07:11:00,45000,1,18887.34,11,8.41,22.033,
03/10/2021 07:12:00,45000,1,19993.40,11,7.73,18.434,
03/10/2021 07:13:00,45000,1,21172.19,11,7.97,19.646,
03/10/2021 07:14:00,45000,1,22560.10,11,8.61,23.132,
03/10/2021 07:15:00,45000,1,23905.16,11,8.48,22.418,6.44
03/10/2021 07:16:00,45000,1,25121.64,11,8.09,20.275,
03/10/2021 07:17:00,45000,1,26509.56,11,8.61,23.132,
03/10/2021 07:18:00,45000,1,27785.38,11,8.27,21.264,
03/10/2021 07:19:00,45000,1,28885.38,11,7.71,18.333,
03/10/2021 07:20:00,45000,1,30024.77,11,7.84,18.990,6.21
03/10/2021 07:21:00,45000,1,31224.77,11,8.04,20.000,
03/10/2021 07:22:00,45000,1,32464.33,11,8.16,20.659,
03/10/2021 07:23:00,45000,1,33521.91,11,7.57,17.626,
03/10/2021 07:24:00,45000,1,34853.78,11,8.44,22.198,
03/10/2021 07:25:00,45000,1,36038.63,11,7.99,19.747,6.05
03/10/2021 07:26:00,45000,1,37184.08,11,7.86,19.091,
03/10/2021 07:27:00,45000,1,38271.96,11,7.67,18.131,
03/10/2021 07:28:00,45000,1,39378.02,11,7.73,18.434,
03/10/2021 07:29:00,45000,1,40587.91,11,8.07,20.165,
03/10/2021 07:30:00,45000,1,41697.00,11,7.74,18.485,5.94
03/10/2021 07:31:00,45000,1,42815.18,11,7.77,18.636,
03/10/2021 07:32:00,45000,1,44054.74,11,8.16,20.659,
03/10/2021 07:33:00,45000,1,200.20,11,7.86,19.091,
03/10/2021 07:34:00,45000,1,1200.20,12,7.38,16.667,
03/10/2021 07:35:00,45000,1,2209.29,12,7.41,16.818,5.76
03/10/2021 07:36:00,45000,1,3188.08,12,7.31,16.313,
03/10/2021 07:37:00,45000,1,4160.80,12,7.29,16.212,
03/10/2021 07:38:00,45000,1,5285.05,12,7.79,18.737,
03/10/2021 07:39:00,45000,1,6170.53,12,6.99,14.758,
03/10/2021 07:40:00,45000,1,7276.59,12,7.73,18.434,5.67
03/10/2021 07:41:00,45000,1,8376.59,12,7.71,18.333,
03/10/2021 07:42:00,45000,1,9379.62,12,7.39,16.717,
03/10/2021 07:43:00,45000,1,10373.56,12,7.36,16.566,
03/10/2021 07:44:00,45000,1,11334.17,12,7.25,16.010,
03/10/2021 07:45:00,45000,1,12512.95,12,7.97,19.646,5.57
03/10/2021 07:46:00,45000,1,13440.23,12,7.14,15.455,
03/10/2021 07:47:00,45000,1,14364.47,12,7.13,15.404,
03/10/2021 07:48:00,45000,1,15343.26,12,7.31,16.313,
03/10/2021 07:49:00,45000,1,16141.64,12,6.63,13.306,
03/10/2021 07:50:00,45000,1,17144.67,12,7.39,16.717,5.40
03/10/2021 07:51:00,45000,1,18168.92,12,7.46,17.071,
03/10/2021 07:52:00,45000,1,19054.40,12,6.99,14.758,
03/10/2021 07:53:00,45000,1,19915.69,12,6.89,14.355,
03/10/2021 07:54:00,45000,1,20830.84,12,7.10,15.253,
03/10/2021 07:55:00,45000,1,21791.45,12,7.25,16.010,5.34
03/10/2021 07:56:00,45000,1,22709.63,12,7.11,15.303,
03/10/2021 07:57:00,45000,1,23599.95,12,7.01,14.839,
03/10/2021 07:58:00,45000,1,24615.10,12,7.43,16.919,
03/10/2021 07:59:00,45000,1,25612.07,12,7.37,16.616,
03/10/2021 08:00:00,45000,1,26512.07,12,7.05,15.000,5.17
03/10/2021 08:01:00,45000,1,27283.85,12,6.52,12.863,
03/10/2021 08:02:00,45000,1,28038.69,12,6.45,12.581,
03/10/2021 08:03:00,45000,1,28897.56,12,6.88,14.315,
03/10/2021 08:04:00,45000,1,29780.62,12,6.98,14.718,
03/10/2021 08:05:00,45000,1,30598.36,12,6.71,13.629,5.02
03/10/2021 08:06:00,45000,1,31333.85,12,6.37,12.258,
03/10/2021 08:07:00,45000,1,32224.17,12,7.01,14.839,
03/10/2021 08:08:00,45000,1,33017.72,12,6.61,13.226,
03/10/2021 08:09:00,45000,1,33871.75,12,6.86,14.234,
03/10/2021 08:10:00,45000,1,34752.40,12,6.97,14.677,4.95
03/10/2021 08:11:00,45000,1,35625.78,12,6.94,14.556,
03/10/2021 08:12:00,45000,1,36344.33,12,6.30,11.976,
03/10/2021 08:13:00,45000,1,37130.62,12,6.58,13.105,
03/10/2021 08:14:00,45000,1,38025.78,12,7.03,14.919,
03/10/2021 08:15:00,45000,1,38754.01,12,6.34,12.137,4.91
03/10/2021 08:16:00,45000,1,39598.36,12,6.82,14.073,
03/10/2021 08:17:00,45000,1,40319.33,12,6.31,12.016,
03/10/2021 08:18:00,45000,1,41006.43,12,6.17,11.452,
03/10/2021 08:19:00,45000,1,41698.36,12,6.19,11.532,
03/10/2021 08:20:00,45000,1,42462.88,12,6.49,12.742,4.73
03/10/2021 08:21:00,45000,1,43186.27,12,6.32,12.056,
03/10/2021 08:22:00,45000,1,43936.27,12,6.43,12.500,
03/10/2021 08:23:00,45000,1,44720.14,12,6.57,13.065,
03/10/2021 08:24:00,45000,1,414.49,12,6.20,11.573,
03/10/2021 08:25:00,45000,1,1191.11,13,6.54,12.944,4.74
03/10/2021 08:26:00,45000,1,1822.56,13,5.94,10.524,
03/10/2021 08:27:00,45000,1,2509.66,13,6.17,11.452,
03/10/2021 08:28:00,45000,1,3305.62,13,6.62,13.266,
03/10/2021 08:29:00,45000,1,4002.40,13,6.21,11.613,
03/10/2021 08:30:00,45000,1,4674.98,13,6.11,11.210,4.68
03/10/2021 08:31:00,45000,1,5439.49,13,6.49,12.742,
03/10/2021 08:32:00,45000,1,6194.33,13,6.45,12.581,
03/10/2021 08:33:00,45000,1,6842.72,13,6.01,10.806,
03/10/2021 08:34:00,45000,1,7495.95,13,6.03,10.887,
03/10/2021 08:35:00,45000,1,8178.20,13,6.15,11.371,4.59
03/10/2021 08:36:00,45000,1,8838.69,13,6.06,11.008,
03/10/2021 08:37:00,45000,1,9554.82,13,6.29,11.935,
03/10/2021 08:38:00,45000,1,10208.04,13,6.03,10.887,
03/10/2021 08:39:00,45000,1,11001.59,13,6.61,13.226,
03/10/2021 08:40:00,45000,1,11649.98,13,6.01,10.806,4.59
03/10/2021 08:41:00,45000,1,12370.95,13,6.31,12.016,
03/10/2021 08:42:00,45000,1,13111.27,13,6.39,12.339,
03/10/2021 08:43:00,45000,1,13800.78,13,6.18,11.492,
03/10/2021 08:44:00,45000,1,14628.20,13,6.75,13.790,
03/10/2021 08:45:00,45000,1,15334.66,13,6.25,11.774,4.50
03/10/2021 08:46:00,45000,1,16002.40,13,6.09,11.129,
03/10/2021 08:47:00,45000,1,16667.72,13,6.08,11.089,
03/10/2021 08:48:00,45000,1,17294.33,13,5.92,10.444,
03/10/2021 08:49:00,45000,1,17904.01,13,5.85,10.161,
03/10/2021 08:50:00,45000,1,18502.09,13,5.80,9.968,4.55
03/10/2021 08:51:00,45000,1,19203.70,13,6.23,11.694,
03/10/2021 08:52:00,45000,1,19895.64,13,6.19,11.532,
03/10/2021 08:53:00,45000,1,20461.02,13,5.63,9.423,
03/10/2021 08:54:00,45000,1,21104.57,13,5.99,10.726,
03/10/2021 08:55:00,45000,1,21721.50,13,5.88,10.282,4.47
03/10/2021 08:56:00,45000,1,22296.50,13,5.68,9.583,
03/10/2021 08:57:00,45000,1,23000.54,13,6.24,11.734,
03/10/2021 08:58:00,45000,1,23571.69,13,5.66,9.519,
03/10/2021 08:59:00,45000,1,24253.95,13,6.15,11.371,
03/10/2021 09:00:00,45000,1,24848.18,13,5.78,9.904,4.35
03/10/2021 09:01:00,45000,1,25479.63,13,5.94,10.524,
03/10/2021 09:02:00,45000,1,26140.11,13,6.06,11.008,
03/10/2021 09:03:00,45000,1,26759.47,13,5.89,10.323,
03/10/2021 09:04:00,45000,1,27346.01,13,5.74,9.776,
03/10/2021 09:05:00,45000,1,27962.94,13,5.88,10.282,4.42
03/10/2021 09:06:00,45000,1,28457.17,13,5.26,8.237,
03/10/2021 09:07:00,45000,1,29158.79,13,6.23,11.694,
03/10/2021 09:08:00,45000,1,29739.56,13,5.71,9.679,
03/10/2021 09:09:00,45000,1,30310.71,13,5.66,9.519,
03/10/2021 09:10:00,45000,1,30910.71,13,5.81,10.000,4.31
03/10/2021 09:11:00,45000,1,31551.84,13,5.98,10.685,
03/10/2021 09:12:00,45000,1,32253.45,13,6.23,11.694,
03/10/2021 09:13:00,45000,1,32826.53,13,5.67,9.551,
03/10/2021 09:14:00,45000,1,33399.61,13,5.67,9.551,
03/10/2021 09:15:00,45000,1,33955.37,13,5.58,9.263,4.29
03/10/2021 09:16:00,45000,1,34553.45,13,5.80,9.968,
03/10/2021 09:17:00,45000,1,35151.53,13,5.80,9.968,
03/10/2021 09:18:00,45000,1,35763.63,13,5.86,10.202,
03/10/2021 09:19:00,45000,1,36305.93,13,5.51,9.038,
03/10/2021 09:20:00,45000,1,36861.70,13,5.58,9.263,4.12
03/10/2021 09:21:00,45000,1,37419.39,13,5.59,9.295,
03/10/2021 09:22:00,45000,1,37930.93,13,5.35,8.526,
03/10/2021 09:23:00,45000,1,38511.70,13,5.71,9.679,
03/10/2021 09:24:00,45000,1,39052.09,13,5.50,9.006,
03/10/2021 09:25:00,45000,1,39575.16,13,5.41,8.718,4.11
03/10/2021 09:26:00,45000,1,40134.78,13,5.60,9.327,
03/10/2021 09:27:00,45000,1,40654.01,13,5.39,8.654,
03/10/2021 09:28:00,45000,1,41246.32,13,5.77,9.872,
03/10/2021 09:29:00,45000,1,41813.63,13,5.64,9.455,
03/10/2021 09:30:00,45000,1,42342.47,13,5.44,8.814,4.04
03/10/2021 09:31:00,45000,1,42842.47,13,5.29,8.333,
03/10/2021 09:32:00,45000,1,43338.63,13,5.27,8.269,
03/10/2021 09:33:00,45000,1,43913.63,13,5.68,9.583,
03/10/2021 09:34:00,45000,1,44457.86,13,5.52,9.071,
03/10/2021 09:35:00,45000,1,82.05,13,5.91,10.403,4.01
03/10/2021 09:36:00,45000,1,603.20,14,5.40,8.686,
03/10/2021 09:37:00,45000,1,1082.05,14,5.18,7.981,
03/10/2021 09:38:00,45000,1,1620.51,14,5.49,8.974,
03/10/2021 09:39:00,45000,1,2203.20,14,5.72,9.712,
03/10/2021 09:40:00,45000,1,2760.90,14,5.59,9.295,3.98
03/10/2021 09:41:00,45000,1,3326.28,14,5.63,9.423,
03/10/2021 09:42:00,45000,1,3943.22,14,5.88,10.282,
03/10/2021 09:43:00,45000,1,4427.83,14,5.21,8.077,
03/10/2021 09:44:00,45000,1,4933.60,14,5.32,8.429,
03/10/2021 09:45:00,45000,1,5472.06,14,5.49,8.974,3.99
03/10/2021 09:46:00,45000,1,5987.45,14,5.37,8.590,
03/10/2021 09:47:00,45000,1,6498.99,14,5.35,8.526,
03/10/2021 09:48:00,45000,1,7070.14,14,5.66,9.519,
03/10/2021 09:49:00,45000,1,7500.91,14,4.93,7.179,
03/10/2021 09:50:00,45000,1,7947.06,14,5.01,7.436,3.92
03/10/2021 09:51:00,45000,1,8402.83,14,5.06,7.596,
03/10/2021 09:52:00,45000,1,8908.60,14,5.32,8.429,
03/10/2021 09:53:00,45000,1,9475.91,14,5.64,9.455,
03/10/2021 09:54:00,45000,1,9922.06,14,5.01,7.436,
03/10/2021 09:55:00,45000,1,10385.52,14,5.10,7.724,3.88
03/10/2021 09:56:00,45000,1,10895.14,14,5.34,8.494,
03/10/2021 09:57:00,45000,1,11389.37,14,5.26,8.237,
03/10/2021 09:58:00,45000,1,11818.22,14,4.92,7.147,
03/10/2021 09:59:00,45000,1,12308.60,14,5.24,8.173,
03/10/2021 10:00:00,45000,1,12773.99,14,5.11,7.756,3.83
03/10/2021 10:01:00,45000,1,13241.29,14,5.12,7.788,
03/10/2021 10:02:00,45000,1,13777.83,14,5.48,8.942,
03/10/2021 10:03:00,45000,1,14210.52,14,4.94,7.212,
03/10/2021 10:04:00,45000,1,14718.22,14,5.33,8.462,
03/10/2021 10:05:00,45000,1,15210.52,14,5.25,8.205,3.76
03/10/2021 10:06:00,45000,1,15704.75,14,5.26,8.237,
03/10/2021 10:07:00,45000,1,16181.68,14,5.17,7.949,
03/10/2021 10:08:00,45000,1,16612.45,14,4.93,7.179,
03/10/2021 10:09:00,45000,1,17023.99,14,4.83,6.859,
03/10/2021 10:10:00,45000,1,17425.91,14,4.78,6.699,3.71
03/10/2021 10:11:00,45000,1,17864.37,14,4.97,7.308,
03/10/2021 10:12:00,45000,1,18298.99,14,4.95,7.244,
03/10/2021 10:13:00,45000,1,18770.14,14,5.14,7.853,
03/10/2021 10:14:00,45000,1,19245.14,14,5.16,7.917,
03/10/2021 10:15:00,45000,1,19664.37,14,4.87,6.987,3.65
03/10/2021 10:16:00,45000,1,20148.99,14,5.21,8.077,
03/10/2021 10:17:00,45000,1,20535.52,14,4.70,6.442,
03/10/2021 10:18:00,45000,1,20954.75,14,4.87,6.987,
03/10/2021 10:19:00,45000,1,21398.99,14,5.00,7.404,
03/10/2021 10:20:00,45000,1,21827.83,14,4.92,7.147,3.55
03/10/2021 10:21:00,45000,1,22231.68,14,4.79,6.731,
03/10/2021 10:22:00,45000,1,22631.68,14,4.77,6.667,
03/10/2021 10:23:00,45000,1,23018.22,14,4.70,6.442,
03/10/2021 10:24:00,45000,1,23352.83,14,4.43,5.577,
03/10/2021 10:25:00,45000,1,23756.68,14,4.79,6.731,3.50
03/10/2021 10:26:00,45000,1,24189.37,14,4.94,7.212,
03/10/2021 10:27:00,45000,1,24573.99,14,4.69,6.410,
03/10/2021 10:28:00,45000,1,24966.29,14,4.73,6.538,
03/10/2021 10:29:00,45000,1,25331.68,14,4.59,6.090,
03/10/2021 10:30:00,45000,1,25683.60,14,4.52,5.865,3.42
03/10/2021 10:31:00,45000,1,26037.45,14,4.53,5.897,
03/10/2021 10:32:00,45000,1,26362.45,14,4.38,5.417,
03/10/2021 10:33:00,45000,1,26737.45,14,4.64,6.250,
03/10/2021 10:34:00,45000,1,27085.52,14,4.50,5.801,
03/10/2021 10:35:00,45000,1,27508.60,14,4.89,7.051,3.41
03/10/2021 10:36:00,45000,1,27897.06,14,4.71,6.474,
03/10/2021 10:37:00,45000,1,28281.68,14,4.69,6.410,
03/10/2021 10:38:00,45000,1,28704.75,14,4.89,7.051,
03/10/2021 10:39:00,45000,1,29048.99,14,4.48,5.737,
03/10/2021 10:40:00,45000,1,29406.68,14,4.55,5.962,3.34
03/10/2021 10:41:00,45000,1,29720.14,14,4.32,5.224,
03/10/2021 10:42:00,45000,1,30068.22,14,4.50,5.801,
03/10/2021 10:43:00,45000,1,30402.83,14,4.43,5.577,
03/10/2021 10:44:00,45000,1,30789.37,14,4.70,6.442,
03/10/2021 10:45:00,45000,1,31143.22,14,4.53,5.897,3.23
03/10/2021 10:46:00,45000,1,31520.14,14,4.65,6.282,
03/10/2021 10:47:00,45000,1,31879.75,14,4.56,5.994,
03/10/2021 10:48:00,45000,1,32222.06,14,4.47,5.705,
03/10/2021 10:49:00,45000,1,32552.83,14,4.41,5.513,
03/10/2021 10:50:00,45000,1,32851.76,14,4.24,4.982,3.24
03/10/2021 10:51:00,45000,1,33234.45,14,4.68,6.378,
03/10/2021 10:52:00,45000,1,33565.22,14,4.41,5.513,
03/10/2021 10:53:00,45000,1,33853.38,14,4.14,4.803,
03/10/2021 10:54:00,45000,1,34226.46,14,4.63,6.218,
03/10/2021 10:55:00,45000,1,34553.38,14,4.39,5.449,3.16
03/10/2021 10:56:00,45000,1,34868.76,14,4.33,5.256,
03/10/2021 10:57:00,45000,1,35197.61,14,4.40,5.481,
03/10/2021 10:58:00,45000,1,35566.84,14,4.61,6.154,
03/10/2021 10:59:00,45000,1,35872.61,14,4.28,5.096,
03/10/2021 11:00:00,45000,1,36197.61,14,4.38,5.417,3.08
03/10/2021 11:01:00,45000,1,36496.53,14,4.24,4.982,
03/10/2021 11:02:00,45000,1,36779.31,14,4.09,4.713,
03/10/2021 11:03:00,45000,1,37077.16,14,4.23,4.964,
03/10/2021 11:04:00,45000,1,37456.01,14,4.66,6.314,
03/10/2021 11:05:00,45000,1,37779.08,14,4.37,5.385,3.07
03/10/2021 11:06:00,45000,1,38132.93,14,4.53,5.897,
03/10/2021 11:07:00,45000,1,38423.24,14,4.16,4.839,
03/10/2021 11:08:00,45000,1,38742.47,14,4.35,5.321,
03/10/2021 11:09:00,45000,1,39055.94,14,4.32,5.224,
03/10/2021 11:10:00,45000,1,39386.71,14,4.41,5.513,2.99
03/10/2021 11:11:00,45000,1,39694.40,14,4.29,5.128,
03/10/2021 11:12:00,45000,1,40029.01,14,4.43,5.577,
03/10/2021 11:13:00,45000,1,40309.64,14,4.07,4.677,
03/10/2021 11:14:00,45000,1,40583.81,14,4.01,4.570,
03/10/2021 11:15:00,45000,1,40953.04,14,4.61,6.154,2.95
03/10/2021 11:16:00,45000,1,41253.04,14,4.25,5.000,
03/10/2021 11:17:00,45000,1,41540.13,14,4.13,4.785,
03/10/2021 11:18:00,45000,1,41832.59,14,4.18,4.874,
03/10/2021 11:19:00,45000,1,42121.83,14,4.15,4.821,
03/10/2021 11:20:00,45000,1,42414.30,14,4.18,4.874,2.92
03/10/2021 11:21:00,45000,1,42739.30,14,4.38,5.417,
03/10/2021 11:22:00,45000,1,42991.94,14,3.81,4.211,
03/10/2021 11:23:00,45000,1,43284.41,14,4.18,4.874,
03/10/2021 11:24:00,45000,1,43559.66,14,4.02,4.587,
03/10/2021 11:25:00,45000,1,43846.74,14,4.13,4.785,2.86
03/10/2021 11:26:00,45000,1,44140.28,14,4.19,4.892,
03/10/2021 11:27:00,45000,1,44444.13,14,4.27,5.064,
03/10/2021 11:28:00,45000,1,44759.51,14,4.33,5.256,
03/10/2021 11:29:00,45000,1,27.23,14,3.95,4.462,
03/10/2021 11:30:00,45000,1,308.93,15,4.08,4.695,2.83
03/10/2021 11:31:00,45000,1,612.78,15,4.27,5.064,
03/10/2021 11:32:00,45000,1,895.56,15,4.09,4.713,
03/10/2021 11:33:00,45000,1,1203.25,15,4.29,5.128,
03/10/2021 11:34:00,45000,1,1493.56,15,4.16,4.839,
03/10/2021 11:35:00,45000,1,1764.51,15,3.98,4.516,2.81
03/10/2021 11:36:00,45000,1,2106.81,15,4.47,5.705,
03/10/2021 11:37:00,45000,1,2380.98,15,4.01,4.570,
03/10/2021 11:38:00,45000,1,2660.54,15,4.06,4.659,
03/10/2021 11:39:00,45000,1,2950.85,15,4.16,4.839,
03/10/2021 11:40:00,45000,1,3222.87,15,3.99,4.534,2.70
03/10/2021 11:41:00,45000,1,3493.81,15,3.98,4.516,
03/10/2021 11:42:00,45000,1,3755.06,15,3.89,4.354,
03/10/2021 11:43:00,45000,1,4037.85,15,4.09,4.713,
03/10/2021 11:44:00,45000,1,4293.72,15,3.84,4.265,
03/10/2021 11:45:00,45000,1,4525.92,15,3.62,3.870,2.69
03/10/2021 11:46:00,45000,1,4780.72,15,3.83,4.247,
03/10/2021 11:47:00,45000,1,5035.51,15,3.83,4.247,
03/10/2021 11:48:00,45000,1,5279.55,15,3.73,4.067,
03/10/2021 11:49:00,45000,1,5539.73,15,3.88,4.336,
03/10/2021 11:50:00,45000,1,5810.67,15,3.98,4.516,2.66
03/10/2021 11:51:00,45000,1,6097.76,15,4.13,4.785,
03/10/2021 11:52:00,45000,1,6359.01,15,3.89,4.354,
03/10/2021 11:53:00,45000,1,6674.40,15,4.33,5.256,
03/10/2021 11:54:00,45000,1,6953.95,15,4.06,4.659,
03/10/2021 11:55:00,45000,1,7196.91,15,3.72,4.049,2.58
03/10/2021 11:56:00,45000,1,7454.93,15,3.86,4.300,
03/10/2021 11:57:00,45000,1,7703.27,15,3.77,4.139,
03/10/2021 11:58:00,45000,1,7973.14,15,3.97,4.498,
03/10/2021 11:59:00,45000,1,8254.84,15,4.08,4.695,
03/10/2021 12:00:00,45000,1,8492.42,15,3.67,3.960,2.56
03/10/2021 12:01:00,45000,1,8753.68,15,3.89,4.354,
03/10/2021 12:02:00,45000,1,9011.71,15,3.86,4.300,
03/10/2021 12:03:00,45000,1,9265.43,15,3.82,4.229,
03/10/2021 12:04:00,45000,1,9524.53,15,3.87,4.318,
03/10/2021 12:05:00,45000,1,9790.09,15,3.93,4.426,2.53
03/10/2021 12:06:00,45000,1,10070.72,15,4.07,4.677,
03/10/2021 12:07:00,45000,1,10344.89,15,4.01,4.570,
03/10/2021 12:08:00,45000,1,10596.46,15,3.80,4.193,
03/10/2021 12:09:00,45000,1,10876.01,15,4.06,4.659,
03/10/2021 12:10:00,45000,1,11123.27,15,3.76,4.121,2.49
03/10/2021 12:11:00,45000,1,11394.22,15,3.98,4.516,
03/10/2021 12:12:00,45000,1,11627.49,15,3.63,3.888,
03/10/2021 12:13:00,45000,1,11873.68,15,3.75,4.103,
03/10/2021 12:14:00,45000,1,12096.19,15,3.53,3.709,
03/10/2021 12:15:00,45000,1,12348.84,15,3.81,4.211,2.46
03/10/2021 12:16:00,45000,1,12607.94,15,3.87,4.318,
03/10/2021 12:17:00,45000,1,12865.97,15,3.86,4.300,
03/10/2021 12:18:00,45000,1,13100.31,15,3.64,3.906,
03/10/2021 12:19:00,45000,1,13337.89,15,3.67,3.960,
03/10/2021 12:20:00,45000,1,13588.39,15,3.79,4.175,2.41
03/10/2021 12:21:00,45000,1,13850.72,15,3.90,4.372,
03/10/2021 12:22:00,45000,1,14094.75,15,3.73,4.067,
03/10/2021 12:23:00,45000,1,14326.95,15,3.62,3.870,
03/10/2021 12:24:00,45000,1,14580.67,15,3.82,4.229,
03/10/2021 12:25:00,45000,1,14827.94,15,3.76,4.121,2.40
03/10/2021 12:26:00,45000,1,15071.97,15,3.73,4.067,
03/10/2021 12:27:00,45000,1,15335.38,15,3.91,4.390,
03/10/2021 12:28:00,45000,1,15619.24,15,4.10,4.731,
03/10/2021 12:29:00,45000,1,15868.66,15,3.78,4.157,
03/10/2021 12:30:00,45000,1,16111.62,15,3.72,4.049,2.38
03/10/2021 12:31:00,45000,1,16345.97,15,3.64,3.906,
03/10/2021 12:32:00,45000,1,16583.54,15,3.67,3.960,
03/10/2021 12:33:00,45000,1,16821.12,15,3.67,3.960,
03/10/2021 12:34:00,45000,1,17030.72,15,3.41,3.493,
03/10/2021 12:35:00,45000,1,17268.30,15,3.67,3.960,2.35
03/10/2021 12:36:00,45000,1,17534.93,15,3.94,4.444,
03/10/2021 12:37:00,45000,1,17766.05,15,3.61,3.852,
03/10/2021 12:38:00,45000,1,17987.49,15,3.52,3.691,
03/10/2021 12:39:00,45000,1,18232.60,15,3.74,4.085,
03/10/2021 12:40:00,45000,1,18448.66,15,3.47,3.601,2.30
03/10/2021 12:41:00,45000,1,18671.17,15,3.53,3.709,
03/10/2021 12:42:00,45000,1,18907.67,15,3.66,3.942,
03/10/2021 12:43:00,45000,1,19161.39,15,3.82,4.229,
03/10/2021 12:44:00,45000,1,19420.49,15,3.87,4.318,
03/10/2021 12:45:00,45000,1,19625.79,15,3.37,3.422,2.28
03/10/2021 12:46:00,45000,1,19831.08,15,3.37,3.422,
03/10/2021 12:47:00,45000,1,20062.20,15,3.61,3.852,
03/10/2021 12:48:00,45000,1,20268.57,15,3.38,3.439,
03/10/2021 12:49:00,45000,1,20491.08,15,3.53,3.709,
03/10/2021 12:50:00,45000,1,20720.05,15,3.59,3.816,2.26
03/10/2021 12:51:00,45000,1,20956.55,15,3.66,3.942,
03/10/2021 12:52:00,45000,1,21205.97,15,3.78,4.157,
03/10/2021 12:53:00,45000,1,21446.77,15,3.70,4.013,
03/10/2021 12:54:00,45000,1,21681.12,15,3.64,3.906,
03/10/2021 12:55:00,45000,1,21909.01,15,3.58,3.798,2.26
03/10/2021 12:56:00,45000,1,22136.91,15,3.58,3.798,
03/10/2021 12:57:00,45000,1,22332.51,15,3.28,3.260,
03/10/2021 12:58:00,45000,1,22532.42,15,3.32,3.332,
03/10/2021 12:59:00,45000,1,22764.62,15,3.62,3.870,
03/10/2021 13:00:00,45000,1,22989.28,15,3.55,3.744,2.18
03/10/2021 13:01:00,45000,1,23236.55,15,3.76,4.121,
03/10/2021 13:02:00,45000,1,23449.37,15,3.44,3.547,
03/10/2021 13:03:00,45000,1,23663.27,15,3.45,3.565,
03/10/2021 13:04:00,45000,1,23876.10,15,3.44,3.547,
03/10/2021 13:05:00,45000,1,24079.24,15,3.35,3.386,2.17
03/10/2021 13:06:00,45000,1,24303.90,15,3.55,3.744,
03/10/2021 13:07:00,45000,1,24539.33,15,3.65,3.924,
03/10/2021 13:08:00,45000,1,24773.68,15,3.64,3.906,
03/10/2021 13:09:00,45000,1,25011.26,15,3.67,3.960,
03/10/2021 13:10:00,45000,1,25233.77,15,3.53,3.709,2.13
03/10/2021 13:11:00,45000,1,25451.97,15,3.49,3.637,
03/10/2021 13:12:00,45000,1,25648.66,15,3.29,3.278,
03/10/2021 13:13:00,45000,1,25864.71,15,3.47,3.601,
03/10/2021 13:14:00,45000,1,26052.78,15,3.21,3.135,
03/10/2021 13:15:00,45000,1,26255.92,15,3.35,3.386,2.11
03/10/2021 13:16:00,45000,1,26457.98,15,3.34,3.368,
03/10/2021 13:17:00,45000,1,26666.50,15,3.40,3.475,
03/10/2021 13:18:00,45000,1,26877.18,15,3.42,3.511,
03/10/2021 13:19:00,45000,1,27083.54,15,3.38,3.439,
03/10/2021 13:20:00,45000,1,27292.06,15,3.40,3.475,2.09
03/10/2021 13:21:00,45000,1,27530.72,15,3.68,3.978,
03/10/2021 13:22:00,45000,1,27760.76,15,3.60,3.834,
03/10/2021 13:23:00,45000,1,27986.50,15,3.56,3.762,
03/10/2021 13:24:00,45000,1,28199.33,15,3.44,3.547,
03/10/2021 13:25:00,45000,1,28419.69,15,3.51,3.673,2.06
03/10/2021 13:26:00,45000,1,28615.29,15,3.28,3.260,
03/10/2021 13:27:00,45000,1,28793.68,15,3.12,2.973,
03/10/2021 13:28:00,45000,1,28982.83,15,3.22,3.152,
03/10/2021 13:29:00,45000,1,29187.04,15,3.36,3.404,
03/10/2021 13:30:00,45000,1,29356.82,15,3.04,2.830,2.03
03/10/2021 13:31:00,45000,1,29576.10,15,3.50,3.655,
03/10/2021 13:32:00,45000,1,29797.53,15,3.52,3.691,
03/10/2021 13:33:00,45000,1,30032.96,15,3.65,3.924,
03/10/2021 13:34:00,45000,1,30243.63,15,3.42,3.511,
03/10/2021 13:35:00,45000,1,30439.24,15,3.28,3.260,2.06
03/10/2021 13:36:00,45000,1,30660.67,15,3.52,3.691,
03/10/2021 13:37:00,45000,1,30867.04,15,3.38,3.439,
03/10/2021 13:38:00,45000,1,31098.16,15,3.61,3.852,
03/10/2021 13:39:00,45000,1,31277.62,15,3.13,2.991,
03/10/2021 13:40:00,45000,1,31492.60,15,3.46,3.583,2.07
03/10/2021 13:41:00,45000,1,31701.12,15,3.40,3.475,
03/10/2021 13:42:00,45000,1,31911.79,15,3.42,3.511,
03/10/2021 13:43:00,45000,1,32125.70,15,3.45,3.565,
03/10/2021 13:44:00,45000,1,32332.06,15,3.38,3.439,
03/10/2021 13:45:00,45000,1,32513.68,15,3.15,3.027,2.08
03/10/2021 13:46:00,45000,1,32731.88,15,3.49,3.637,
03/10/2021 13:47:00,45000,1,32936.10,15,3.36,3.404,
03/10/2021 13:48:00,45000,1,33127.40,15,3.24,3.188,
03/10/2021 13:49:00,45000,1,33332.69,15,3.37,3.422,
03/10/2021 13:50:00,45000,1,33520.76,15,3.21,3.135,1.99
03/10/2021 13:51:00,45000,1,33726.05,15,3.37,3.422,
03/10/2021 13:52:00,45000,1,33938.88,15,3.44,3.547,
03/10/2021 13:53:00,45000,1,34139.87,15,3.33,3.350,
03/10/2021 13:54:00,45000,1,34332.24,15,3.25,3.206,
03/10/2021 13:55:00,45000,1,34538.61,15,3.38,3.439,1.98
03/10/2021 13:56:00,45000,1,34734.22,15,3.28,3.260,
03/10/2021 13:57:00,45000,1,34920.14,15,3.19,3.099,
03/10/2021 13:58:00,45000,1,35103.90,15,3.17,3.063,
03/10/2021 13:59:00,45000,1,35304.89,15,3.33,3.350,
03/10/2021 14:00:00,45000,1,35487.58,15,3.16,3.045,1.95
03/10/2021 14:01:00,45000,1,35698.25,15,3.42,3.511,
03/10/2021 14:02:00,45000,1,35901.39,15,3.35,3.386,
03/10/2021 14:03:00,45000,1,36110.99,15,3.41,3.493,
03/10/2021 14:04:00,45000,1,36315.20,15,3.36,3.404,
03/10/2021 14:05:00,45000,1,36533.41,15,3.49,3.637,2.00
03/10/2021 14:06:00,45000,1,36740.85,15,3.39,3.457,
03/10/2021 14:07:00,45000,1,36950.45,15,3.41,3.493,
03/10/2021 14:08:00,45000,1,37146.05,15,3.28,3.260,
03/10/2021 14:09:00,45000,1,37340.58,15,3.27,3.242,
03/10/2021 14:10:00,45000,1,37560.94,15,3.51,3.673,2.02
03/10/2021 14:11:00,45000,1,37771.62,15,3.42,3.511,
03/10/2021 14:12:00,45000,1,37993.05,15,3.52,3.691,
03/10/2021 14:13:00,45000,1,38178.97,15,3.19,3.099,
03/10/2021 14:14:00,45000,1,38374.58,15,3.28,3.260,
03/10/2021 14:15:00,45000,1,38575.56,15,3.33,3.350,2.07
03/10/2021 14:16:00,45000,1,38779.78,15,3.36,3.404,
03/10/2021 14:17:00,45000,1,39003.36,15,3.54,3.726,
03/10/2021 14:18:00,45000,1,39192.51,15,3.22,3.152,
03/10/2021 14:19:00,45000,1,39445.16,15,3.81,4.211,
03/10/2021 14:20:00,45000,1,39653.68,15,3.40,3.475,2.16
03/10/2021 14:21:00,45000,1,39864.35,15,3.42,3.511,
03/10/2021 14:22:00,45000,1,40083.63,15,3.50,3.655,
03/10/2021 14:23:00,45000,1,40320.14,15,3.66,3.942,
03/10/2021 14:24:00,45000,1,40550.18,15,3.60,3.834,
03/10/2021 14:25:00,45000,1,40784.53,15,3.64,3.906,2.21
03/10/2021 14:26:00,45000,1,41033.95,15,3.78,4.157,
03/10/2021 14:27:00,45000,1,41265.07,15,3.61,3.852,
03/10/2021 14:28:00,45000,1,41517.71,15,3.81,4.211,
03/10/2021 14:29:00,45000,1,41776.82,15,3.87,4.318,
03/10/2021 14:30:00,45000,1,42013.32,15,3.66,3.942,2.30
03/10/2021 14:31:00,45000,1,42263.81,15,3.79,4.175,
03/10/2021 14:32:00,45000,1,42477.71,15,3.45,3.565,
03/10/2021 14:33:00,45000,1,42731.44,15,3.82,4.229,
03/10/2021 14:34:00,45000,1,42977.62,15,3.75,4.103,
03/10/2021 14:35:00,45000,1,43235.65,15,3.86,4.300,2.38
03/10/2021 14:36:00,45000,1,43496.91,15,3.89,4.354,
03/10/2021 14:37:00,45000,1,43776.46,15,4.06,4.659,
03/10/2021 14:38:00,45000,1,44025.88,15,3.78,4.157,
03/10/2021 14:39:00,45000,1,44269.91,15,3.73,4.067,
03/10/2021 14:40:00,45000,1,44502.11,15,3.62,3.870,2.43
03/10/2021 14:41:00,45000,1,44752.60,15,3.79,4.175,
03/10/2021 14:42:00,45000,1,0.94,15,3.77,4.139,
03/10/2021 14:43:00,45000,1,243.90,16,3.72,4.049,
03/10/2021 14:44:00,45000,1,534.22,16,4.16,4.839,
03/10/2021 14:45:00,45000,1,803.01,16,3.96,4.480,2.48
03/10/2021 14:46:00,45000,1,1062.11,16,3.87,4.318,
03/10/2021 14:47:00,45000,1,1312.60,16,3.79,4.175,
03/10/2021 14:48:00,45000,1,1569.55,16,3.85,4.283,
03/10/2021 14:49:00,45000,1,1828.66,16,3.87,4.318,
03/10/2021 14:50:00,45000,1,2093.14,16,3.92,4.408,2.57
03/10/2021 14:51:00,45000,1,2387.76,16,4.20,4.910,
03/10/2021 14:52:00,45000,1,2646.86,16,3.87,4.318,
03/10/2021 14:53:00,45000,1,2912.42,16,3.93,4.426,
03/10/2021 14:54:00,45000,1,3169.37,16,3.85,4.283,
03/10/2021 14:55:00,45000,1,3417.71,16,3.77,4.139,2.64
03/10/2021 14:56:00,45000,1,3668.21,16,3.79,4.175,
03/10/2021 14:57:00,45000,1,3977.82,16,4.30,5.160,
03/10/2021 14:58:00,45000,1,4236.93,16,3.87,4.318,
03/10/2021 14:59:00,45000,1,4506.79,16,3.97,4.498,
03/10/2021 15:00:00,45000,1,4770.20,16,3.91,4.390,2.74
03/10/2021 15:01:00,45000,1,5028.23,16,3.86,4.300,
03/10/2021 15:02:00,45000,1,5300.24,16,3.99,4.534,
03/10/2021 15:03:00,45000,1,5559.35,16,3.87,4.318,
03/10/2021 15:04:00,45000,1,5874.73,16,4.33,5.256,
03/10/2021 15:05:00,45000,1,6169.35,16,4.20,4.910,2.82
03/10/2021 15:06:00,45000,1,6439.22,16,3.97,4.498,
03/10/2021 15:07:00,45000,1,6728.45,16,4.15,4.821,
03/10/2021 15:08:00,45000,1,7041.92,16,4.32,5.224,
03/10/2021 15:09:00,45000,1,7310.70,16,3.96,4.480,
03/10/2021 15:10:00,45000,1,7597.79,16,4.13,4.785,2.87
03/10/2021 15:11:00,45000,1,7866.58,16,3.96,4.480,
03/10/2021 15:12:00,45000,1,8151.51,16,4.11,4.749,
03/10/2021 15:13:00,45000,1,8437.52,16,4.12,4.767,
03/10/2021 15:14:00,45000,1,8734.29,16,4.22,4.946,
03/10/2021 15:15:00,45000,1,9068.91,16,4.43,5.577,2.93
03/10/2021 15:16:00,45000,1,9343.08,16,4.01,4.570,
03/10/2021 15:17:00,45000,1,9648.85,16,4.28,5.096,
03/10/2021 15:18:00,45000,1,9933.78,16,4.11,4.749,
03/10/2021 15:19:00,45000,1,10226.25,16,4.18,4.874,
03/10/2021 15:20:00,45000,1,10572.40,16,4.49,5.769,3.01
03/10/2021 15:21:00,45000,1,10865.94,16,4.19,4.892,
03/10/2021 15:22:00,45000,1,11169.79,16,4.27,5.064,
03/10/2021 15:23:00,45000,1,11521.71,16,4.52,5.865,
03/10/2021 15:24:00,45000,1,11816.33,16,4.20,4.910,
03/10/2021 15:25:00,45000,1,12177.87,16,4.57,6.026,3.04
03/10/2021 15:26:00,45000,1,12506.72,16,4.40,5.481,
03/10/2021 15:27:00,45000,1,12831.72,16,4.38,5.417,
03/10/2021 15:28:00,45000,1,13139.41,16,4.29,5.128,
03/10/2021 15:29:00,45000,1,13435.10,16,4.21,4.928,
03/10/2021 15:30:00,45000,1,13796.64,16,4.57,6.026,3.01
03/10/2021 15:31:00,45000,1,14092.34,16,4.21,4.928,
03/10/2021 15:32:00,45000,1,14400.03,16,4.29,5.128,
03/10/2021 15:33:00,45000,1,14679.58,16,4.06,4.659,
03/10/2021 15:34:00,45000,1,14989.20,16,4.30,5.160,
03/10/2021 15:35:00,45000,1,15335.35,16,4.49,5.769,3.01
03/10/2021 15:36:00,45000,1,15666.12,16,4.41,5.513,
03/10/2021 15:37:00,45000,1,15963.97,16,4.23,4.964,
03/10/2021 15:38:00,45000,1,16254.28,16,4.16,4.839,
03/10/2021 15:39:00,45000,1,16579.28,16,4.38,5.417,
03/10/2021 15:40:00,45000,1,16921.59,16,4.47,5.705,3.06
03/10/2021 15:41:00,45000,1,17197.91,16,4.03,4.605,
03/10/2021 15:42:00,45000,1,17513.30,16,4.33,5.256,
03/10/2021 15:43:00,45000,1,17792.85,16,4.06,4.659,
03/10/2021 15:44:00,45000,1,18135.15,16,4.47,5.705,
03/10/2021 15:45:00,45000,1,18446.69,16,4.31,5.192,3.03
03/10/2021 15:46:00,45000,1,18769.77,16,4.37,5.385,
03/10/2021 15:47:00,45000,1,19041.79,16,3.99,4.534,
03/10/2021 15:48:00,45000,1,19432.17,16,4.72,6.506,
03/10/2021 15:49:00,45000,1,19791.79,16,4.56,5.994,
03/10/2021 15:50:00,45000,1,20101.40,16,4.30,5.160,3.00
03/10/2021 15:51:00,45000,1,20375.57,16,4.01,4.570,
03/10/2021 15:52:00,45000,1,20671.27,16,4.21,4.928,
03/10/2021 15:53:00,45000,1,20963.74,16,4.18,4.874,
03/10/2021 15:54:00,45000,1,21256.20,16,4.18,4.874,
03/10/2021 15:55:00,45000,1,21611.97,16,4.54,5.929,3.03
03/10/2021 15:56:00,45000,1,21921.59,16,4.30,5.160,
03/10/2021 15:57:00,45000,1,22252.36,16,4.41,5.513,
03/10/2021 15:58:00,45000,1,22594.66,16,4.47,5.705,
03/10/2021 15:59:00,45000,1,22952.36,16,4.55,5.962,
03/10/2021 16:00:00,45000,1,23243.75,16,4.17,4.857,3.01
03/10/2021 16:01:00,45000,1,23584.13,16,4.46,5.673,
03/10/2021 16:02:00,45000,1,23871.22,16,4.13,4.785,
03/10/2021 16:03:00,45000,1,24173.14,16,4.26,5.032,
03/10/2021 16:04:00,45000,1,24468.83,16,4.21,4.928,
03/10/2021 16:05:00,45000,1,24760.22,16,4.17,4.857,3.03
03/10/2021 16:06:00,45000,1,25059.15,16,4.24,4.982,
03/10/2021 16:07:00,45000,1,25352.69,16,4.19,4.892,
03/10/2021 16:08:00,45000,1,25731.54,16,4.66,6.314,
03/10/2021 16:09:00,45000,1,26007.86,16,4.03,4.605,
03/10/2021 16:10:00,45000,1,26289.56,16,4.08,4.695,3.02
03/10/2021 16:11:00,45000,1,26574.50,16,4.11,4.749,
03/10/2021 16:12:00,45000,1,26882.19,16,4.29,5.128,
03/10/2021 16:13:00,45000,1,27209.11,16,4.39,5.449,
03/10/2021 16:14:00,45000,1,27486.51,16,4.04,4.623,
03/10/2021 16:15:00,45000,1,27826.89,16,4.46,5.673,3.12
03/10/2021 16:16:00,45000,1,28188.43,16,4.57,6.026,
03/10/2021 16:17:00,45000,1,28486.28,16,4.23,4.964,
03/10/2021 16:18:00,45000,1,28803.59,16,4.34,5.288,
03/10/2021 16:19:00,45000,1,29117.05,16,4.32,5.224,
03/10/2021 16:20:00,45000,1,29492.05,16,4.64,6.250,3.22
03/10/2021 16:21:00,45000,1,29843.97,16,4.52,5.865,
03/10/2021 16:22:00,45000,1,30197.82,16,4.53,5.897,
03/10/2021 16:23:00,45000,1,30655.51,16,5.07,7.628,
03/10/2021 16:24:00,45000,1,30965.13,16,4.30,5.160,
03/10/2021 16:25:00,45000,1,31297.82,16,4.42,5.545,3.45
03/10/2021 16:26:00,45000,1,31688.20,16,4.72,6.506,
03/10/2021 16:27:00,45000,1,32149.74,16,5.09,7.692,
03/10/2021 16:28:00,45000,1,32572.82,16,4.89,7.051,
03/10/2021 16:29:00,45000,1,32992.05,16,4.87,6.987,
