Date Time,SamplePacin,BottleNum,Incr_Flow,AliquotNum,Level_950,Vel_950,Flow_950,Level_PT,Flow _PT
MM/dd/yyyy hh:mm:ss,gal,,gal,ali,in,fps,gpm,in,gpm
03/09/2021 00:00:00,20000,1,0.00,0,0.47,0.26,2.138,1.48,161.606
03/09/2021 00:01:00,20000,1,0.00,,,,,,
03/09/2021 00:02:00,20000,1,0.00,,,,,,
03/09/2021 00:03:00,20000,1,0.00,,,,,,
03/09/2021 00:04:00,20000,1,0.00,,,,,,
03/09/2021 00:05:00,20000,1,0.00,0,0.47,0.44,3.565,1.30,120.584
03/09/2021 00:06:00,20000,1,0.00,,,,,,
03/09/2021 00:07:00,20000,1,0.00,,,,,,
03/09/2021 00:08:00,20000,1,0.00,,,,,,
03/09/2021 00:09:00,20000,1,0.00,,,,,,
03/09/2021 00:10:00,20000,1,0.00,0,0.43,0.30,2.087,1.44,151.998
03/09/2021 00:11:00,20000,1,0.00,,,,,,
03/09/2021 00:12:00,20000,1,0.00,,,,,,
03/09/2021 00:13:00,20000,1,0.00,,,,,,
03/09/2021 00:14:00,20000,1,0.00,,,,,,
03/09/2021 00:15:00,20000,1,0.00,0,0.30,0.21,0.883,1.39,140.223
03/09/2021 00:16:00,20000,1,0.00,,,,,,
03/09/2021 00:17:00,20000,1,0.00,,,,,,
03/09/2021 00:18:00,20000,1,0.00,,,,,,
03/09/2021 00:19:00,20000,1,0.00,,,,,,
03/09/2021 00:20:00,20000,1,0.00,0,0.30,0.24,0.974,1.26,111.015
03/09/2021 00:21:00,20000,1,0.00,,,,,,
03/09/2021 00:22:00,20000,1,0.00,,,,,,
03/09/2021 00:23:00,20000,1,0.00,,,,,,
03/09/2021 00:24:00,20000,1,0.00,,,,,,
03/09/2021 00:25:00,20000,1,0.00,0,0.47,0.24,1.912,1.29,118.192
03/09/2021 00:26:00,20000,1,0.00,,,,,,
03/09/2021 00:27:00,20000,1,0.00,,,,,,
03/09/2021 00:28:00,20000,1,0.00,,,,,,
03/09/2021 00:29:00,20000,1,0.00,,,,,,
03/09/2021 00:30:00,20000,1,0.00,0,0.43,0.15,1.050,1.38,137.868
03/09/2021 00:31:00,20000,1,0.00,,,,,,
03/09/2021 00:32:00,20000,1,0.00,,,,,,
03/09/2021 00:33:00,20000,1,0.00,,,,,,
03/09/2021 00:34:00,20000,1,0.00,,,,,,
03/09/2021 00:35:00,20000,1,0.00,0,0.39,0.32,1.911,1.31,122.976
03/09/2021 00:36:00,20000,1,0.00,,,,,,
03/09/2021 00:37:00,20000,1,0.00,,,,,,
03/09/2021 00:38:00,20000,1,0.00,,,,,,
03/09/2021 00:39:00,20000,1,0.00,,,,,,
03/09/2021 00:40:00,20000,1,0.00,0,0.34,0.25,1.252,1.27,113.407
03/09/2021 00:41:00,20000,1,0.00,,,,,,
03/09/2021 00:42:00,20000,1,0.00,,,,,,
03/09/2021 00:43:00,20000,1,0.00,,,,,,
03/09/2021 00:44:00,20000,1,0.00,,,,,,
03/09/2021 00:45:00,20000,1,0.00,0,0.47,0.33,2.686,1.33,127.451
03/09/2021 00:46:00,20000,1,0.00,,,,,,
03/09/2021 00:47:00,20000,1,0.00,,,,,,
03/09/2021 00:48:00,20000,1,0.00,,,,,,
03/09/2021 00:49:00,20000,1,0.00,,,,,,
03/09/2021 00:50:00,20000,1,0.00,0,0.39,0.41,2.426,1.33,127.451
03/09/2021 00:51:00,20000,1,0.00,,,,,,
03/09/2021 00:52:00,20000,1,0.00,,,,,,
03/09/2021 00:53:00,20000,1,0.00,,,,,,
03/09/2021 00:54:00,20000,1,0.00,,,,,,
03/09/2021 00:55:00,20000,1,0.00,0,0.43,0.27,1.877,1.22,103.332
03/09/2021 00:56:00,20000,1,0.00,,,,,,
03/09/2021 00:57:00,20000,1,0.00,,,,,,
03/09/2021 00:58:00,20000,1,0.00,,,,,,
03/09/2021 00:59:00,20000,1,0.00,,,,,,
03/09/2021 01:00:00,20000,1,0.00,0,0.34,0.34,1.710,1.39,140.223
03/09/2021 01:01:00,20000,1,0.00,,,,,,
03/09/2021 01:02:00,20000,1,0.00,,,,,,
03/09/2021 01:03:00,20000,1,0.00,,,,,,
03/09/2021 01:04:00,20000,1,0.00,,,,,,
03/09/2021 01:05:00,20000,1,0.00,0,0.13,0.30,0.331,1.30,120.584
03/09/2021 01:06:00,20000,1,0.00,,,,,,
03/09/2021 01:07:00,20000,1,0.00,,,,,,
03/09/2021 01:08:00,20000,1,0.00,,,,,,
03/09/2021 01:09:00,20000,1,0.00,,,,,,
03/09/2021 01:10:00,20000,1,0.00,0,0.43,2.25,-99.000,1.38,137.868
03/09/2021 01:11:00,20000,1,0.00,,,,,,
03/09/2021 01:12:00,20000,1,0.00,,,,,,
03/09/2021 01:13:00,20000,1,0.00,,,,,,
03/09/2021 01:14:00,20000,1,0.00,,,,,,
03/09/2021 01:15:00,20000,1,0.00,0,0.56,0.58,6.016,1.44,151.998
03/09/2021 01:16:00,20000,1,0.00,,,,,,
03/09/2021 01:17:00,20000,1,0.00,,,,,,
03/09/2021 01:18:00,20000,1,0.00,,,,,,
03/09/2021 01:19:00,20000,1,0.00,,,,,,
03/09/2021 01:20:00,20000,1,0.00,0,0.52,0.53,4.865,1.35,131.618
03/09/2021 01:21:00,20000,1,0.00,,,,,,
03/09/2021 01:22:00,20000,1,0.00,,,,,,
03/09/2021 01:23:00,20000,1,0.00,,,,,,
03/09/2021 01:24:00,20000,1,0.00,,,,,,
03/09/2021 01:25:00,20000,1,0.00,0,0.56,0.51,5.231,1.28,115.799
03/09/2021 01:26:00,20000,1,0.00,,,,,,
03/09/2021 01:27:00,20000,1,0.00,,,,,,
03/09/2021 01:28:00,20000,1,0.00,,,,,,
03/09/2021 01:29:00,20000,1,0.00,,,,,,
03/09/2021 01:30:00,20000,1,0.00,0,0.52,0.54,4.993,1.42,147.288
03/09/2021 01:31:00,20000,1,0.00,,,,,,
03/09/2021 01:32:00,20000,1,0.00,,,,,,
03/09/2021 01:33:00,20000,1,0.00,,,,,,
03/09/2021 01:34:00,20000,1,0.00,,,,,,
03/09/2021 01:35:00,20000,1,0.00,0,0.47,0.27,2.170,1.33,127.451
03/09/2021 01:36:00,20000,1,0.00,,,,,,
03/09/2021 01:37:00,20000,1,0.00,,,,,,
03/09/2021 01:38:00,20000,1,0.00,,,,,,
03/09/2021 01:39:00,20000,1,0.00,,,,,,
03/09/2021 01:40:00,20000,1,0.00,0,0.43,0.46,3.242,1.44,151.998
03/09/2021 01:41:00,20000,1,0.00,,,,,,
03/09/2021 01:42:00,20000,1,0.00,,,,,,
03/09/2021 01:43:00,20000,1,0.00,,,,,,
03/09/2021 01:44:00,20000,1,0.00,,,,,,
03/09/2021 01:45:00,20000,1,0.00,0,0.56,0.47,4.900,1.34,129.535
03/09/2021 01:46:00,20000,1,0.00,,,,,,
03/09/2021 01:47:00,20000,1,0.00,,,,,,
03/09/2021 01:48:00,20000,1,0.00,,,,,,
03/09/2021 01:49:00,20000,1,0.00,,,,,,
03/09/2021 01:50:00,20000,1,0.00,0,0.47,0.92,7.413,1.44,151.998
03/09/2021 01:51:00,20000,1,0.00,,,,,,
03/09/2021 01:52:00,20000,1,0.00,,,,,,
03/09/2021 01:53:00,20000,1,0.00,,,,,,
03/09/2021 01:54:00,20000,1,0.00,,,,,,
03/09/2021 01:55:00,20000,1,0.00,0,0.39,1.27,7.612,1.44,151.998
03/09/2021 01:56:00,20000,1,0.00,,,,,,
03/09/2021 01:57:00,20000,1,0.00,,,,,,
03/09/2021 01:58:00,20000,1,0.00,,,,,,
03/09/2021 01:59:00,20000,1,0.00,,,,,,
03/09/2021 02:00:00,20000,1,0.00,0,0.69,1.00,14.102,1.37,135.785
03/09/2021 02:01:00,20000,1,0.00,,,,,,
03/09/2021 02:02:00,20000,1,0.00,,,,,,
03/09/2021 02:03:00,20000,1,0.00,,,,,,
03/09/2021 02:04:00,20000,1,0.00,,,,,,
03/09/2021 02:05:00,20000,1,0.00,0,0.47,0.55,4.469,1.34,129.535
03/09/2021 02:06:00,20000,1,0.00,,,,,,
03/09/2021 02:07:00,20000,1,0.00,,,,,,
03/09/2021 02:08:00,20000,1,0.00,,,,,,
03/09/2021 02:09:00,20000,1,0.00,,,,,,
03/09/2021 02:10:00,20000,1,0.00,0,0.47,0.36,2.896,1.46,156.771
03/09/2021 02:11:00,20000,1,0.00,,,,,,
03/09/2021 02:12:00,20000,1,0.00,,,,,,
03/09/2021 02:13:00,20000,1,0.00,,,,,,
03/09/2021 02:14:00,20000,1,0.00,,,,,,
03/09/2021 02:15:00,20000,1,0.00,0,0.43,0.44,3.081,1.39,140.223
03/09/2021 02:16:00,20000,1,0.00,,,,,,
03/09/2021 02:17:00,20000,1,0.00,,,,,,
03/09/2021 02:18:00,20000,1,0.00,,,,,,
03/09/2021 02:19:00,20000,1,0.00,,,,,,
03/09/2021 02:20:00,20000,1,0.00,0,0.52,0.50,4.571,1.27,113.407
03/09/2021 02:21:00,20000,1,0.00,,,,,,
03/09/2021 02:22:00,20000,1,0.00,,,,,,
03/09/2021 02:23:00,20000,1,0.00,,,,,,
03/09/2021 02:24:00,20000,1,0.00,,,,,,
03/09/2021 02:25:00,20000,1,0.00,0,0.34,0.41,2.082,1.34,129.535
03/09/2021 02:26:00,20000,1,0.00,,,,,,
03/09/2021 02:27:00,20000,1,0.00,,,,,,
03/09/2021 02:28:00,20000,1,0.00,,,,,,
03/09/2021 02:29:00,20000,1,0.00,,,,,,
03/09/2021 02:30:00,20000,1,0.00,0,0.47,0.33,2.686,1.39,140.223
03/09/2021 02:31:00,20000,1,0.00,,,,,,
03/09/2021 02:32:00,20000,1,0.00,,,,,,
03/09/2021 02:33:00,20000,1,0.00,,,,,,
03/09/2021 02:34:00,20000,1,0.00,,,,,,
03/09/2021 02:35:00,20000,1,0.00,0,0.52,0.28,2.533,1.43,149.643
03/09/2021 02:36:00,20000,1,0.00,,,,,,
03/09/2021 02:37:00,20000,1,0.00,,,,,,
03/09/2021 02:38:00,20000,1,0.00,,,,,,
03/09/2021 02:39:00,20000,1,0.00,,,,,,
03/09/2021 02:40:00,20000,1,0.00,0,0.47,0.28,2.226,1.37,135.785
03/09/2021 02:41:00,20000,1,0.00,,,,,,
03/09/2021 02:42:00,20000,1,0.00,,,,,,
03/09/2021 02:43:00,20000,1,0.00,,,,,,
03/09/2021 02:44:00,20000,1,0.00,,,,,,
03/09/2021 02:45:00,20000,1,0.00,0,0.43,0.36,2.493,1.30,120.584
03/09/2021 02:46:00,20000,1,0.00,,,,,,
03/09/2021 02:47:00,20000,1,0.00,,,,,,
03/09/2021 02:48:00,20000,1,0.00,,,,,,
03/09/2021 02:49:00,20000,1,0.00,,,,,,
03/09/2021 02:50:00,20000,1,0.00,0,0.43,0.34,2.367,1.32,125.368
03/09/2021 02:51:00,20000,1,0.00,,,,,,
03/09/2021 02:52:00,20000,1,0.00,,,,,,
03/09/2021 02:53:00,20000,1,0.00,,,,,,
03/09/2021 02:54:00,20000,1,0.00,,,,,,
03/09/2021 02:55:00,20000,1,0.00,0,0.52,0.42,3.892,1.25,109.094
03/09/2021 02:56:00,20000,1,0.00,,,,,,
03/09/2021 02:57:00,20000,1,0.00,,,,,,
03/09/2021 02:58:00,20000,1,0.00,,,,,,
03/09/2021 02:59:00,20000,1,0.00,,,,,,
03/09/2021 03:00:00,20000,1,0.00,0,0.47,0.33,2.678,1.36,133.701
03/09/2021 03:01:00,20000,1,0.00,,,,,,
03/09/2021 03:02:00,20000,1,0.00,,,,,,
03/09/2021 03:03:00,20000,1,0.00,,,,,,
03/09/2021 03:04:00,20000,1,0.00,,,,,,
03/09/2021 03:05:00,20000,1,0.00,0,0.30,0.41,1.680,1.30,120.584
03/09/2021 03:06:00,20000,1,0.00,,,,,,
03/09/2021 03:07:00,20000,1,0.00,,,,,,
03/09/2021 03:08:00,20000,1,0.00,,,,,,
03/09/2021 03:09:00,20000,1,0.00,,,,,,
03/09/2021 03:10:00,20000,1,0.00,0,0.43,0.34,2.360,1.41,144.933
03/09/2021 03:11:00,20000,1,0.00,,,,,,
03/09/2021 03:12:00,20000,1,0.00,,,,,,
03/09/2021 03:13:00,20000,1,0.00,,,,,,
03/09/2021 03:14:00,20000,1,0.00,,,,,,
03/09/2021 03:15:00,20000,1,0.00,0,0.52,0.42,3.818,1.36,133.701
03/09/2021 03:16:00,20000,1,0.00,,,,,,
03/09/2021 03:17:00,20000,1,0.00,,,,,,
03/09/2021 03:18:00,20000,1,0.00,,,,,,
03/09/2021 03:19:00,20000,1,0.00,,,,,,
03/09/2021 03:20:00,20000,1,0.00,0,0.52,0.41,3.800,1.40,142.578
03/09/2021 03:21:00,20000,1,0.00,,,,,,
03/09/2021 03:22:00,20000,1,0.00,,,,,,
03/09/2021 03:23:00,20000,1,0.00,,,,,,
03/09/2021 03:24:00,20000,1,0.00,,,,,,
03/09/2021 03:25:00,20000,1,0.00,0,1.75,0.43,-99.000,1.32,125.368
03/09/2021 03:26:00,20000,1,0.00,,,,,,
03/09/2021 03:27:00,20000,1,0.00,,,,,,
03/09/2021 03:28:00,20000,1,0.00,,,,,,
03/09/2021 03:29:00,20000,1,0.00,,,,,,
03/09/2021 03:30:00,20000,1,0.00,0,0.47,0.30,2.396,1.38,137.868
03/09/2021 03:31:00,20000,1,0.00,,,,,,
03/09/2021 03:32:00,20000,1,0.00,,,,,,
03/09/2021 03:33:00,20000,1,0.00,,,,,,
03/09/2021 03:34:00,20000,1,0.00,,,,,,
03/09/2021 03:35:00,20000,1,0.00,0,0.34,0.36,1.806,1.33,127.451
03/09/2021 03:36:00,20000,1,0.00,,,,,,
03/09/2021 03:37:00,20000,1,0.00,,,,,,
03/09/2021 03:38:00,20000,1,0.00,,,,,,
03/09/2021 03:39:00,20000,1,0.00,,,,,,
03/09/2021 03:40:00,20000,1,0.00,0,0.30,0.34,1.391,1.39,140.223
03/09/2021 03:41:00,20000,1,0.00,,,,,,
03/09/2021 03:42:00,20000,1,0.00,,,,,,
03/09/2021 03:43:00,20000,1,0.00,,,,,,
03/09/2021 03:44:00,20000,1,0.00,,,,,,
03/09/2021 03:45:00,20000,1,0.00,0,0.43,0.33,2.339,1.43,149.643
03/09/2021 03:46:00,20000,1,0.00,,,,,,
03/09/2021 03:47:00,20000,1,0.00,,,,,,
03/09/2021 03:48:00,20000,1,0.00,,,,,,
03/09/2021 03:49:00,20000,1,0.00,,,,,,
03/09/2021 03:50:00,20000,1,0.00,0,0.13,0.20,0.219,1.35,131.618
03/09/2021 03:51:00,20000,1,0.00,,,,,,
03/09/2021 03:52:00,20000,1,0.00,,,,,,
03/09/2021 03:53:00,20000,1,0.00,,,,,,
03/09/2021 03:54:00,20000,1,0.00,,,,,,
03/09/2021 03:55:00,20000,1,0.00,0,0.13,0.32,0.352,1.29,118.192
03/09/2021 03:56:00,20000,1,0.00,,,,,,
03/09/2021 03:57:00,20000,1,0.00,,,,,,
03/09/2021 03:58:00,20000,1,0.00,,,,,,
03/09/2021 03:59:00,20000,1,0.00,,,,,,
03/09/2021 04:00:00,20000,1,0.00,0,0.34,0.28,1.429,1.42,147.288
03/09/2021 04:01:00,20000,1,0.00,,,,,,
03/09/2021 04:02:00,20000,1,0.00,,,,,,
03/09/2021 04:03:00,20000,1,0.00,,,,,,
03/09/2021 04:04:00,20000,1,0.00,,,,,,
03/09/2021 04:05:00,20000,1,0.00,0,0.30,0.31,1.280,1.34,129.535
03/09/2021 04:06:00,20000,1,0.00,,,,,,
03/09/2021 04:07:00,20000,1,0.00,,,,,,
03/09/2021 04:08:00,20000,1,0.00,,,,,,
03/09/2021 04:09:00,20000,1,0.00,,,,,,
03/09/2021 04:10:00,20000,1,0.00,0,2.53,0.36,-99.000,1.34,129.535
03/09/2021 04:11:00,20000,1,0.00,,,,,,
03/09/2021 04:12:00,20000,1,0.00,,,,,,
03/09/2021 04:13:00,20000,1,0.00,,,,,,
03/09/2021 04:14:00,20000,1,0.00,,,,,,
03/09/2021 04:15:00,20000,1,0.00,0,0.43,0.38,2.675,1.34,129.535
03/09/2021 04:16:00,20000,1,0.00,,,,,,
03/09/2021 04:17:00,20000,1,0.00,,,,,,
03/09/2021 04:18:00,20000,1,0.00,,,,,,
03/09/2021 04:19:00,20000,1,0.00,,,,,,
03/09/2021 04:20:00,20000,1,0.00,0,0.43,0.37,2.577,1.30,120.584
03/09/2021 04:21:00,20000,1,0.00,,,,,,
03/09/2021 04:22:00,20000,1,0.00,,,,,,
03/09/2021 04:23:00,20000,1,0.00,,,,,,
03/09/2021 04:24:00,20000,1,0.00,,,,,,
03/09/2021 04:25:00,20000,1,0.00,0,0.47,0.56,4.541,1.39,140.223
03/09/2021 04:26:00,20000,1,0.00,,,,,,
03/09/2021 04:27:00,20000,1,0.00,,,,,,
03/09/2021 04:28:00,20000,1,0.00,,,,,,
03/09/2021 04:29:00,20000,1,0.00,,,,,,
03/09/2021 04:30:00,20000,1,0.00,0,0.30,0.55,2.274,1.42,147.288
03/09/2021 04:31:00,20000,1,0.00,,,,,,
03/09/2021 04:32:00,20000,1,0.00,,,,,,
03/09/2021 04:33:00,20000,1,0.00,,,,,,
03/09/2021 04:34:00,20000,1,0.00,,,,,,
03/09/2021 04:35:00,20000,1,0.00,0,0.47,0.30,2.428,1.27,113.407
03/09/2021 04:36:00,20000,1,0.00,,,,,,
03/09/2021 04:37:00,20000,1,0.00,,,,,,
03/09/2021 04:38:00,20000,1,0.00,,,,,,
03/09/2021 04:39:00,20000,1,0.00,,,,,,
03/09/2021 04:40:00,20000,1,0.00,0,0.43,0.08,0.539,1.39,140.223
03/09/2021 04:41:00,20000,1,0.00,,,,,,
03/09/2021 04:42:00,20000,1,0.00,,,,,,
03/09/2021 04:43:00,20000,1,0.00,,,,,,
03/09/2021 04:44:00,20000,1,0.00,,,,,,
03/09/2021 04:45:00,20000,1,0.00,0,0.30,0.27,1.106,1.30,120.584
03/09/2021 04:46:00,20000,1,0.00,,,,,,
03/09/2021 04:47:00,20000,1,0.00,,,,,,
03/09/2021 04:48:00,20000,1,0.00,,,,,,
03/09/2021 04:49:00,20000,1,0.00,,,,,,
03/09/2021 04:50:00,20000,1,0.00,0,0.47,0.31,2.460,1.33,127.451
03/09/2021 04:51:00,20000,1,0.00,,,,,,
03/09/2021 04:52:00,20000,1,0.00,,,,,,
03/09/2021 04:53:00,20000,1,0.00,,,,,,
03/09/2021 04:54:00,20000,1,0.00,,,,,,
03/09/2021 04:55:00,20000,1,0.00,0,1.66,0.40,-99.000,1.33,127.451
03/09/2021 04:56:00,20000,1,0.00,,,,,,
03/09/2021 04:57:00,20000,1,0.00,,,,,,
03/09/2021 04:58:00,20000,1,0.00,,,,,,
03/09/2021 04:59:00,20000,1,0.00,,,,,,
03/09/2021 05:00:00,20000,1,0.00,0,0.30,0.31,1.292,1.30,120.584
03/09/2021 05:01:00,20000,1,0.00,,,,,,
03/09/2021 05:02:00,20000,1,0.00,,,,,,
03/09/2021 05:03:00,20000,1,0.00,,,,,,
03/09/2021 05:04:00,20000,1,0.00,,,,,,
03/09/2021 05:05:00,20000,1,0.00,0,0.52,0.27,2.506,1.31,122.976
03/09/2021 05:06:00,20000,1,0.00,,,,,,
03/09/2021 05:07:00,20000,1,0.00,,,,,,
03/09/2021 05:08:00,20000,1,0.00,,,,,,
03/09/2021 05:09:00,20000,1,0.00,,,,,,
03/09/2021 05:10:00,20000,1,0.00,0,0.47,0.31,2.501,1.39,140.223
03/09/2021 05:11:00,20000,1,0.00,,,,,,
03/09/2021 05:12:00,20000,1,0.00,,,,,,
03/09/2021 05:13:00,20000,1,0.00,,,,,,
03/09/2021 05:14:00,20000,1,0.00,,,,,,
03/09/2021 05:15:00,20000,1,0.00,0,0.47,0.27,2.170,1.33,127.451
03/09/2021 05:16:00,20000,1,0.00,,,,,,
03/09/2021 05:17:00,20000,1,0.00,,,,,,
03/09/2021 05:18:00,20000,1,0.00,,,,,,
03/09/2021 05:19:00,20000,1,0.00,,,,,,
03/09/2021 05:20:00,20000,1,0.00,0,0.43,0.48,3.375,1.41,144.933
03/09/2021 05:21:00,20000,1,0.00,,,,,,
03/09/2021 05:22:00,20000,1,0.00,,,,,,
03/09/2021 05:23:00,20000,1,0.00,,,,,,
03/09/2021 05:24:00,20000,1,0.00,,,,,,
03/09/2021 05:25:00,20000,1,0.00,0,0.39,1.03,6.193,1.57,184.782
03/09/2021 05:26:00,20000,1,0.00,,,,,,
03/09/2021 05:27:00,20000,1,0.00,,,,,,
03/09/2021 05:28:00,20000,1,0.00,,,,,,
03/09/2021 05:29:00,20000,1,0.00,,,,,,
03/09/2021 05:30:00,20000,1,0.00,0,0.52,0.49,4.470,1.31,122.976
03/09/2021 05:31:00,20000,1,0.00,,,,,,
03/09/2021 05:32:00,20000,1,0.00,,,,,,
03/09/2021 05:33:00,20000,1,0.00,,,,,,
03/09/2021 05:34:00,20000,1,0.00,,,,,,
03/09/2021 05:35:00,20000,1,0.00,0,0.43,0.31,2.192,1.36,133.701
03/09/2021 05:36:00,20000,1,0.00,,,,,,
03/09/2021 05:37:00,20000,1,0.00,,,,,,
03/09/2021 05:38:00,20000,1,0.00,,,,,,
03/09/2021 05:39:00,20000,1,0.00,,,,,,
03/09/2021 05:40:00,20000,1,0.00,0,0.47,1.28,-99.000,1.40,142.578
03/09/2021 05:41:00,20000,1,0.00,,,,,,
03/09/2021 05:42:00,20000,1,0.00,,,,,,
03/09/2021 05:43:00,20000,1,0.00,,,,,,
03/09/2021 05:44:00,20000,1,0.00,,,,,,
03/09/2021 05:45:00,20000,1,0.00,0,0.56,1.26,13.035,1.51,168.858
03/09/2021 05:46:00,20000,1,0.00,,,,,,
03/09/2021 05:47:00,20000,1,0.00,,,,,,
03/09/2021 05:48:00,20000,1,0.00,,,,,,
03/09/2021 05:49:00,20000,1,0.00,,,,,,
03/09/2021 05:50:00,20000,1,0.00,0,0.47,0.50,4.041,1.48,161.606
03/09/2021 05:51:00,20000,1,0.00,,,,,,
03/09/2021 05:52:00,20000,1,0.00,,,,,,
03/09/2021 05:53:00,20000,1,0.00,,,,,,
03/09/2021 05:54:00,20000,1,0.00,,,,,,
03/09/2021 05:55:00,20000,1,0.00,0,0.39,0.49,2.917,1.39,140.223
03/09/2021 05:56:00,20000,1,0.00,,,,,,
03/09/2021 05:57:00,20000,1,0.00,,,,,,
03/09/2021 05:58:00,20000,1,0.00,,,,,,
03/09/2021 05:59:00,20000,1,0.00,,,,,,
03/09/2021 06:00:00,20000,1,0.00,0,0.34,0.34,1.720,1.34,129.535
03/09/2021 06:01:00,20000,1,0.00,,,,,,
03/09/2021 06:02:00,20000,1,0.00,,,,,,
03/09/2021 06:03:00,20000,1,0.00,,,,,,
03/09/2021 06:04:00,20000,1,0.00,,,,,,
03/09/2021 06:05:00,20000,1,0.00,0,0.34,0.21,1.051,1.29,118.192
03/09/2021 06:06:00,20000,1,0.00,,,,,,
03/09/2021 06:07:00,20000,1,0.00,,,,,,
03/09/2021 06:08:00,20000,1,0.00,,,,,,
03/09/2021 06:09:00,20000,1,0.00,,,,,,
03/09/2021 06:10:00,20000,1,0.00,0,0.30,0.27,1.123,1.37,135.785
03/09/2021 06:11:00,20000,1,0.00,,,,,,
03/09/2021 06:12:00,20000,1,0.00,,,,,,
03/09/2021 06:13:00,20000,1,0.00,,,,,,
03/09/2021 06:14:00,20000,1,0.00,,,,,,
03/09/2021 06:15:00,20000,1,0.00,0,0.47,0.40,3.251,1.33,127.451
03/09/2021 06:16:00,20000,1,0.00,,,,,,
03/09/2021 06:17:00,20000,1,0.00,,,,,,
03/09/2021 06:18:00,20000,1,0.00,,,,,,
03/09/2021 06:19:00,20000,1,0.00,,,,,,
03/09/2021 06:20:00,20000,1,0.00,0,0.26,0.37,1.213,1.39,140.223
03/09/2021 06:21:00,20000,1,0.00,,,,,,
03/09/2021 06:22:00,20000,1,0.00,,,,,,
03/09/2021 06:23:00,20000,1,0.00,,,,,,
03/09/2021 06:24:00,20000,1,0.00,,,,,,
03/09/2021 06:25:00,20000,1,0.00,0,1.75,0.35,-99.000,1.30,120.584
03/09/2021 06:26:00,20000,1,0.00,,,,,,
03/09/2021 06:27:00,20000,1,0.00,,,,,,
03/09/2021 06:28:00,20000,1,0.00,,,,,,
03/09/2021 06:29:00,20000,1,0.00,,,,,,
03/09/2021 06:30:00,20000,1,0.00,0,0.30,0.28,1.176,1.41,144.933
03/09/2021 06:31:00,20000,1,0.00,,,,,,
03/09/2021 06:32:00,20000,1,0.00,,,,,,
03/09/2021 06:33:00,20000,1,0.00,,,,,,
03/09/2021 06:34:00,20000,1,0.00,,,,,,
03/09/2021 06:35:00,20000,1,0.00,0,0.43,0.20,1.414,1.39,140.223
03/09/2021 06:36:00,20000,1,0.00,,,,,,
03/09/2021 06:37:00,20000,1,0.00,,,,,,
03/09/2021 06:38:00,20000,1,0.00,,,,,,
03/09/2021 06:39:00,20000,1,0.00,,,,,,
03/09/2021 06:40:00,20000,1,0.00,0,0.47,0.42,3.404,1.37,135.785
03/09/2021 06:41:00,20000,1,0.00,,,,,,
03/09/2021 06:42:00,20000,1,0.00,,,,,,
03/09/2021 06:43:00,20000,1,0.00,,,,,,
03/09/2021 06:44:00,20000,1,0.00,,,,,,
03/09/2021 06:45:00,20000,1,0.00,0,0.39,0.15,0.880,1.31,122.976
03/09/2021 06:46:00,20000,1,0.00,,,,,,
03/09/2021 06:47:00,20000,1,0.00,,,,,,
03/09/2021 06:48:00,20000,1,0.00,,,,,,
03/09/2021 06:49:00,20000,1,0.00,,,,,,
03/09/2021 06:50:00,20000,1,0.00,0,0.26,0.29,0.943,1.35,131.618
03/09/2021 06:51:00,20000,1,0.00,,,,,,
03/09/2021 06:52:00,20000,1,0.00,,,,,,
03/09/2021 06:53:00,20000,1,0.00,,,,,,
03/09/2021 06:54:00,20000,1,0.00,,,,,,
03/09/2021 06:55:00,20000,1,0.00,0,0.43,0.32,2.241,1.34,129.535
03/09/2021 06:56:00,20000,1,0.00,,,,,,
03/09/2021 06:57:00,20000,1,0.00,,,,,,
03/09/2021 06:58:00,20000,1,0.00,,,,,,
03/09/2021 06:59:00,20000,1,0.00,,,,,,
03/09/2021 07:00:00,20000,1,0.00,0,0.34,0.35,1.761,1.35,131.618
03/09/2021 07:01:00,20000,1,0.00,,,,,,
03/09/2021 07:02:00,20000,1,0.00,,,,,,
03/09/2021 07:03:00,20000,1,0.00,,,,,,
03/09/2021 07:04:00,20000,1,0.00,,,,,,
03/09/2021 07:05:00,20000,1,0.00,0,0.30,0.25,1.036,1.31,122.976
03/09/2021 07:06:00,20000,1,0.00,,,,,,
03/09/2021 07:07:00,20000,1,0.00,,,,,,
03/09/2021 07:08:00,20000,1,0.00,,,,,,
03/09/2021 07:09:00,20000,1,0.00,,,,,,
03/09/2021 07:10:00,20000,1,0.00,0,0.47,2.58,-99.000,1.32,125.368
03/09/2021 07:11:00,20000,1,0.00,,,,,,
03/09/2021 07:12:00,20000,1,0.00,,,,,,
03/09/2021 07:13:00,20000,1,0.00,,,,,,
03/09/2021 07:14:00,20000,1,0.00,,,,,,
03/09/2021 07:15:00,20000,1,0.00,0,0.26,0.43,1.423,1.34,129.535
03/09/2021 07:16:00,20000,1,0.00,,,,,,
03/09/2021 07:17:00,20000,1,0.00,,,,,,
03/09/2021 07:18:00,20000,1,0.00,,,,,,
03/09/2021 07:19:00,20000,1,0.00,,,,,,
03/09/2021 07:20:00,20000,1,0.00,0,0.30,0.23,0.945,1.35,131.618
03/09/2021 07:21:00,20000,1,0.00,,,,,,
03/09/2021 07:22:00,20000,1,0.00,,,,,,
03/09/2021 07:23:00,20000,1,0.00,,,,,,
03/09/2021 07:24:00,20000,1,0.00,,,,,,
03/09/2021 07:25:00,20000,1,0.00,0,0.43,0.26,1.842,1.33,127.451
03/09/2021 07:26:00,20000,1,0.00,,,,,,
03/09/2021 07:27:00,20000,1,0.00,,,,,,
03/09/2021 07:28:00,20000,1,0.00,,,,,,
03/09/2021 07:29:00,20000,1,0.00,,,,,,
03/09/2021 07:30:00,20000,1,0.00,0,0.47,0.42,3.388,1.37,135.785
03/09/2021 07:31:00,20000,1,0.00,,,,,,
03/09/2021 07:32:00,20000,1,0.00,,,,,,
03/09/2021 07:33:00,20000,1,0.00,,,,,,
03/09/2021 07:34:00,20000,1,0.00,,,,,,
03/09/2021 07:35:00,20000,1,0.00,0,0.47,0.54,4.315,1.41,144.933
03/09/2021 07:36:00,20000,1,0.00,,,,,,
03/09/2021 07:37:00,20000,1,0.00,,,,,,
03/09/2021 07:38:00,20000,1,0.00,,,,,,
03/09/2021 07:39:00,20000,1,0.00,,,,,,
03/09/2021 07:40:00,20000,1,0.00,0,0.43,0.51,3.557,1.31,122.976
03/09/2021 07:41:00,20000,1,0.00,,,,,,
03/09/2021 07:42:00,20000,1,0.00,,,,,,
03/09/2021 07:43:00,20000,1,0.00,,,,,,
03/09/2021 07:44:00,20000,1,0.00,,,,,,
03/09/2021 07:45:00,20000,1,0.00,0,0.56,1.24,12.829,1.31,122.976
03/09/2021 07:46:00,20000,1,0.00,,,,,,
03/09/2021 07:47:00,20000,1,0.00,,,,,,
03/09/2021 07:48:00,20000,1,0.00,,,,,,
03/09/2021 07:49:00,20000,1,0.00,,,,,,
03/09/2021 07:50:00,20000,1,0.00,0,0.47,0.46,3.702,1.34,129.535
03/09/2021 07:51:00,20000,1,0.00,,,,,,
03/09/2021 07:52:00,20000,1,0.00,,,,,,
03/09/2021 07:53:00,20000,1,0.00,,,,,,
03/09/2021 07:54:00,20000,1,0.00,,,,,,
03/09/2021 07:55:00,20000,1,0.00,0,0.47,2.03,-99.000,1.31,122.976
03/09/2021 07:56:00,20000,1,0.00,,,,,,
03/09/2021 07:57:00,20000,1,0.00,,,,,,
03/09/2021 07:58:00,20000,1,0.00,,,,,,
03/09/2021 07:59:00,20000,1,0.00,,,,,,
03/09/2021 08:00:00,20000,1,0.00,0,0.56,1.25,12.911,1.40,142.578
03/09/2021 08:01:00,20000,1,0.00,,,,,,
03/09/2021 08:02:00,20000,1,0.00,,,,,,
03/09/2021 08:03:00,20000,1,0.00,,,,,,
03/09/2021 08:04:00,20000,1,0.00,,,,,,
03/09/2021 08:05:00,20000,1,0.00,0,0.52,0.55,5.021,1.37,135.785
03/09/2021 08:06:00,20000,1,0.00,,,,,,
03/09/2021 08:07:00,20000,1,0.00,,,,,,
03/09/2021 08:08:00,20000,1,0.00,,,,,,
03/09/2021 08:09:00,20000,1,0.00,,,,,,
03/09/2021 08:10:00,20000,1,0.00,0,0.39,0.34,2.054,1.29,118.192
03/09/2021 08:11:00,20000,1,0.00,,,,,,
03/09/2021 08:12:00,20000,1,0.00,,,,,,
03/09/2021 08:13:00,20000,1,0.00,,,,,,
03/09/2021 08:14:00,20000,1,0.00,,,,,,
03/09/2021 08:15:00,20000,1,0.00,0,0.47,0.45,3.614,1.39,140.223
03/09/2021 08:16:00,20000,1,0.00,,,,,,
03/09/2021 08:17:00,20000,1,0.00,,,,,,
03/09/2021 08:18:00,20000,1,0.00,,,,,,
03/09/2021 08:19:00,20000,1,0.00,,,,,,
03/09/2021 08:20:00,20000,1,0.00,0,0.39,0.37,2.228,1.36,133.701
03/09/2021 08:21:00,20000,1,0.00,,,,,,
03/09/2021 08:22:00,20000,1,0.00,,,,,,
03/09/2021 08:23:00,20000,1,0.00,,,,,,
03/09/2021 08:24:00,20000,1,0.00,,,,,,
03/09/2021 08:25:00,20000,1,0.00,0,0.47,0.32,2.589,1.31,122.976
03/09/2021 08:26:00,20000,1,0.00,,,,,,
03/09/2021 08:27:00,20000,1,0.00,,,,,,
03/09/2021 08:28:00,20000,1,0.00,,,,,,
03/09/2021 08:29:00,20000,1,0.00,,,,,,
03/09/2021 08:30:00,20000,1,0.00,0,0.47,0.36,2.928,1.33,127.451
03/09/2021 08:31:00,20000,1,0.00,,,,,,
03/09/2021 08:32:00,20000,1,0.00,,,,,,
03/09/2021 08:33:00,20000,1,0.00,,,,,,
03/09/2021 08:34:00,20000,1,0.00,,,,,,
03/09/2021 08:35:00,20000,1,0.00,0,0.34,0.33,1.680,1.34,129.535
03/09/2021 08:36:00,20000,1,0.00,,,,,,
03/09/2021 08:37:00,20000,1,0.00,,,,,,
03/09/2021 08:38:00,20000,1,0.00,,,,,,
03/09/2021 08:39:00,20000,1,0.00,,,,,,
03/09/2021 08:40:00,20000,1,0.00,0,0.30,0.08,0.318,1.33,127.451
03/09/2021 08:41:00,20000,1,0.00,,,,,,
03/09/2021 08:42:00,20000,1,0.00,,,,,,
03/09/2021 08:43:00,20000,1,0.00,,,,,,
03/09/2021 08:44:00,20000,1,0.00,,,,,,
03/09/2021 08:45:00,20000,1,0.00,0,0.47,0.30,2.444,1.38,137.868
03/09/2021 08:46:00,20000,1,0.00,,,,,,
03/09/2021 08:47:00,20000,1,0.00,,,,,,
03/09/2021 08:48:00,20000,1,0.00,,,,,,
03/09/2021 08:49:00,20000,1,0.00,,,,,,
03/09/2021 08:50:00,20000,1,0.00,0,0.43,0.41,2.871,1.37,135.785
03/09/2021 08:51:00,20000,1,0.00,,,,,,
03/09/2021 08:52:00,20000,1,0.00,,,,,,
03/09/2021 08:53:00,20000,1,0.00,,,,,,
03/09/2021 08:54:00,20000,1,0.00,,,,,,
03/09/2021 08:55:00,20000,1,0.00,0,0.47,0.33,2.630,1.34,129.535
03/09/2021 08:56:00,20000,1,0.00,,,,,,
03/09/2021 08:57:00,20000,1,0.00,,,,,,
03/09/2021 08:58:00,20000,1,0.00,,,,,,
03/09/2021 08:59:00,20000,1,0.00,,,,,,
03/09/2021 09:00:00,20000,1,0.00,0,0.30,0.40,1.655,1.33,127.451
03/09/2021 09:01:00,20000,1,0.00,,,,,,
03/09/2021 09:02:00,20000,1,0.00,,,,,,
03/09/2021 09:03:00,20000,1,0.00,,,,,,
03/09/2021 09:04:00,20000,1,0.00,,,,,,
03/09/2021 09:05:00,20000,1,0.00,0,0.30,0.42,1.721,1.33,127.451
03/09/2021 09:06:00,20000,1,0.00,,,,,,
03/09/2021 09:07:00,20000,1,0.00,,,,,,
03/09/2021 09:08:00,20000,1,0.00,,,,,,
03/09/2021 09:09:00,20000,1,0.00,,,,,,
03/09/2021 09:10:00,20000,1,0.00,0,0.30,0.26,1.090,1.37,135.785
03/09/2021 09:11:00,20000,1,0.00,,,,,,
03/09/2021 09:12:00,20000,1,0.00,,,,,,
03/09/2021 09:13:00,20000,1,0.00,,,,,,
03/09/2021 09:14:00,20000,1,0.00,,,,,,
03/09/2021 09:15:00,20000,1,0.00,0,0.52,0.12,1.092,1.36,133.701
03/09/2021 09:16:00,20000,1,0.00,,,,,,
03/09/2021 09:17:00,20000,1,0.00,,,,,,
03/09/2021 09:18:00,20000,1,0.00,,,,,,
03/09/2021 09:19:00,20000,1,0.00,,,,,,
03/09/2021 09:20:00,20000,1,0.00,0,0.47,0.31,2.517,1.33,127.451
03/09/2021 09:21:00,20000,1,0.00,,,,,,
03/09/2021 09:22:00,20000,1,0.00,,,,,,
03/09/2021 09:23:00,20000,1,0.00,,,,,,
03/09/2021 09:24:00,20000,1,0.00,,,,,,
03/09/2021 09:25:00,20000,1,0.00,0,0.56,3.38,-99.000,1.33,127.451
03/09/2021 09:26:00,20000,1,0.00,,,,,,
03/09/2021 09:27:00,20000,1,0.00,,,,,,
03/09/2021 09:28:00,20000,1,0.00,,,,,,
03/09/2021 09:29:00,20000,1,0.00,,,,,,
03/09/2021 09:30:00,20000,1,0.00,0,0.43,0.45,3.172,1.36,133.701
03/09/2021 09:31:00,20000,1,0.00,,,,,,
03/09/2021 09:32:00,20000,1,0.00,,,,,,
03/09/2021 09:33:00,20000,1,0.00,,,,,,
03/09/2021 09:34:00,20000,1,0.00,,,,,,
03/09/2021 09:35:00,20000,1,0.00,0,0.34,0.02,0.086,1.34,129.535
03/09/2021 09:36:00,20000,1,0.00,,,,,,
03/09/2021 09:37:00,20000,1,0.00,,,,,,
03/09/2021 09:38:00,20000,1,0.00,,,,,,
03/09/2021 09:39:00,20000,1,0.00,,,,,,
03/09/2021 09:40:00,20000,1,0.00,0,0.43,0.34,2.388,1.30,120.584
03/09/2021 09:41:00,20000,1,0.00,,,,,,
03/09/2021 09:42:00,20000,1,0.00,,,,,,
03/09/2021 09:43:00,20000,1,0.00,,,,,,
03/09/2021 09:44:00,20000,1,0.00,,,,,,
03/09/2021 09:45:00,20000,1,0.00,0,0.30,0.32,1.329,1.37,135.785
03/09/2021 09:46:00,20000,1,0.00,,,,,,
03/09/2021 09:47:00,20000,1,0.00,,,,,,
03/09/2021 09:48:00,20000,1,0.00,,,,,,
03/09/2021 09:49:00,20000,1,0.00,,,,,,
03/09/2021 09:50:00,20000,1,0.00,0,0.43,0.31,2.136,1.36,133.701
03/09/2021 09:51:00,20000,1,0.00,,,,,,
03/09/2021 09:52:00,20000,1,0.00,,,,,,
03/09/2021 09:53:00,20000,1,0.00,,,,,,
03/09/2021 09:54:00,20000,1,0.00,,,,,,
03/09/2021 09:55:00,20000,1,0.00,0,0.43,0.30,2.101,1.36,133.701
03/09/2021 09:56:00,20000,1,0.00,,,,,,
03/09/2021 09:57:00,20000,1,0.00,,,,,,
03/09/2021 09:58:00,20000,1,0.00,,,,,,
03/09/2021 09:59:00,20000,1,0.00,,,,,,
03/09/2021 10:00:00,20000,1,0.00,0,0.30,0.37,1.544,1.38,137.868
03/09/2021 10:01:00,20000,1,0.00,,,,,,
03/09/2021 10:02:00,20000,1,0.00,,,,,,
03/09/2021 10:03:00,20000,1,0.00,,,,,,
03/09/2021 10:04:00,20000,1,0.00,,,,,,
03/09/2021 10:05:00,20000,1,0.00,0,0.43,0.30,2.080,1.34,129.535
03/09/2021 10:06:00,20000,1,0.00,,,,,,
03/09/2021 10:07:00,20000,1,0.00,,,,,,
03/09/2021 10:08:00,20000,1,0.00,,,,,,
03/09/2021 10:09:00,20000,1,0.00,,,,,,
03/09/2021 10:10:00,20000,1,0.00,0,0.26,1.12,-99.000,1.31,122.976
03/09/2021 10:11:00,20000,1,0.00,,,,,,
03/09/2021 10:12:00,20000,1,0.00,,,,,,
03/09/2021 10:13:00,20000,1,0.00,,,,,,
03/09/2021 10:14:00,20000,1,0.00,,,,,,
03/09/2021 10:15:00,20000,1,0.00,0,0.43,0.19,1.295,1.36,133.701
03/09/2021 10:16:00,20000,1,0.00,,,,,,
03/09/2021 10:17:00,20000,1,0.00,,,,,,
03/09/2021 10:18:00,20000,1,0.00,,,,,,
03/09/2021 10:19:00,20000,1,0.00,,,,,,
03/09/2021 10:20:00,20000,1,0.00,0,0.34,0.26,1.298,1.33,127.451
03/09/2021 10:21:00,20000,1,0.00,,,,,,
03/09/2021 10:22:00,20000,1,0.00,,,,,,
03/09/2021 10:23:00,20000,1,0.00,,,,,,
03/09/2021 10:24:00,20000,1,0.00,,,,,,
03/09/2021 10:25:00,20000,1,0.00,0,0.43,0.29,2.017,1.36,133.701
03/09/2021 10:26:00,20000,1,0.00,,,,,,
03/09/2021 10:27:00,20000,1,0.00,,,,,,
03/09/2021 10:28:00,20000,1,0.00,,,,,,
03/09/2021 10:29:00,20000,1,0.00,,,,,,
03/09/2021 10:30:00,20000,1,0.00,0,0.34,0.17,0.840,1.36,133.701
03/09/2021 10:31:00,20000,1,0.00,,,,,,
03/09/2021 10:32:00,20000,1,0.00,,,,,,
03/09/2021 10:33:00,20000,1,0.00,,,,,,
03/09/2021 10:34:00,20000,1,0.00,,,,,,
03/09/2021 10:35:00,20000,1,0.00,0,0.43,0.30,2.108,1.34,129.535
03/09/2021 10:36:00,20000,1,0.00,,,,,,
03/09/2021 10:37:00,20000,1,0.00,,,,,,
03/09/2021 10:38:00,20000,1,0.00,,,,,,
03/09/2021 10:39:00,20000,1,0.00,,,,,,
03/09/2021 10:40:00,20000,1,0.00,0,0.26,0.29,0.960,1.30,120.584
03/09/2021 10:41:00,20000,1,0.00,,,,,,
03/09/2021 10:42:00,20000,1,0.00,,,,,,
03/09/2021 10:43:00,20000,1,0.00,,,,,,
03/09/2021 10:44:00,20000,1,0.00,,,,,,
03/09/2021 10:45:00,20000,1,0.00,0,0.30,0.44,1.820,1.34,129.535
03/09/2021 10:46:00,20000,1,0.00,,,,,,
03/09/2021 10:47:00,20000,1,0.00,,,,,,
03/09/2021 10:48:00,20000,1,0.00,,,,,,
03/09/2021 10:49:00,20000,1,0.00,,,,,,
03/09/2021 10:50:00,70000,1,0.00,0,0.13,0.29,0.318,1.39,140.223
03/09/2021 10:51:00,70000,1,0.00,,,,,,
03/09/2021 10:52:00,70000,1,0.00,,,,,,
03/09/2021 10:53:00,70000,1,0.00,,,,,,
03/09/2021 10:54:00,70000,1,0.00,,,,,,
03/09/2021 10:55:00,70000,1,0.00,0,0.30,0.27,-99.000,1.35,131.618
03/09/2021 10:56:00,70000,1,0.00,,,,,,
03/09/2021 10:57:00,70000,1,0.00,,,,,,
03/09/2021 10:58:00,70000,1,0.00,,,,,,
03/09/2021 10:59:00,70000,1,0.00,,,,,,
03/09/2021 11:00:00,70000,1,0.00,0,0.13,0.41,0.446,1.38,137.868
03/09/2021 11:01:00,70000,1,0.00,,,,,,
03/09/2021 11:02:00,70000,1,0.00,,,,,,
03/09/2021 11:03:00,70000,1,0.00,,,,,,
03/09/2021 11:04:00,70000,1,0.00,,,,,,
03/09/2021 11:05:00,70000,1,0.00,0,0.30,0.39,1.626,1.31,122.976
03/09/2021 11:06:00,70000,1,0.00,,,,,,
03/09/2021 11:07:00,70000,1,0.00,,,,,,
03/09/2021 11:08:00,70000,1,0.00,,,,,,
03/09/2021 11:09:00,70000,1,0.00,,,,,,
03/09/2021 11:10:00,70000,1,0.00,0,0.34,0.26,1.298,1.38,137.868
03/09/2021 11:11:00,70000,1,0.00,,,,,,
03/09/2021 11:12:00,70000,1,0.00,,,,,,
03/09/2021 11:13:00,70000,1,0.00,,,,,,
03/09/2021 11:14:00,70000,1,0.00,,,,,,
03/09/2021 11:15:00,70000,1,0.00,0,0.34,0.45,2.264,1.40,142.578
03/09/2021 11:16:00,70000,1,0.00,,,,,,
03/09/2021 11:17:00,70000,1,0.00,,,,,,
03/09/2021 11:18:00,70000,1,0.00,,,,,,
03/09/2021 11:19:00,70000,1,0.00,,,,,,
03/09/2021 11:20:00,70000,1,0.00,0,0.26,0.44,1.433,1.41,144.933
03/09/2021 11:21:00,70000,1,0.00,,,,,,
03/09/2021 11:22:00,70000,1,0.00,,,,,,
03/09/2021 11:23:00,70000,1,0.00,,,,,,
03/09/2021 11:24:00,70000,1,0.00,,,,,,
03/09/2021 11:25:00,70000,1,0.00,0,0.13,0.25,0.271,1.40,142.578
03/09/2021 11:26:00,70000,1,0.00,,,,,,
03/09/2021 11:27:00,70000,1,0.00,,,,,,
03/09/2021 11:28:00,70000,1,0.00,,,,,,
03/09/2021 11:29:00,70000,1,0.00,,,,,,
03/09/2021 11:30:00,70000,1,0.00,0,0.13,0.31,0.336,1.36,133.701
03/09/2021 11:31:00,70000,1,0.00,,,,,,
03/09/2021 11:32:00,70000,1,0.00,,,,,,
03/09/2021 11:33:00,70000,1,0.00,,,,,,
03/09/2021 11:34:00,70000,1,0.00,,,,,,
03/09/2021 11:35:00,70000,1,0.00,0,0.39,0.31,1.875,1.35,131.618
03/09/2021 11:36:00,70000,1,0.00,,,,,,
03/09/2021 11:37:00,70000,1,0.00,,,,,,
03/09/2021 11:38:00,70000,1,0.00,,,,,,
03/09/2021 11:39:00,70000,1,0.00,,,,,,
03/09/2021 11:40:00,70000,1,0.00,0,0.37,0.34,-99.000,1.35,131.618
03/09/2021 11:41:00,70000,1,0.00,,,,,,
03/09/2021 11:42:00,70000,1,0.00,,,,,,
03/09/2021 11:43:00,70000,1,0.00,,,,,,
03/09/2021 11:44:00,70000,1,0.00,,,,,,
03/09/2021 11:45:00,70000,1,0.00,0,0.34,0.25,1.268,1.36,133.701
03/09/2021 11:46:00,70000,1,0.00,,,,,,
03/09/2021 11:47:00,70000,1,0.00,,,,,,
03/09/2021 11:48:00,70000,1,0.00,,,,,,
03/09/2021 11:49:00,70000,1,0.00,,,,,,
03/09/2021 11:50:00,70000,1,0.00,0,0.26,0.33,1.072,1.36,133.701
03/09/2021 11:51:00,70000,1,0.00,,,,,,
03/09/2021 11:52:00,70000,1,0.00,,,,,,
03/09/2021 11:53:00,70000,1,0.00,,,,,,
03/09/2021 11:54:00,70000,1,0.00,,,,,,
03/09/2021 11:55:00,70000,1,0.00,0,0.26,0.32,1.042,1.33,127.451
03/09/2021 11:56:00,70000,1,0.00,,,,,,
03/09/2021 11:57:00,70000,1,0.00,,,,,,
03/09/2021 11:58:00,70000,1,0.00,,,,,,
03/09/2021 11:59:00,70000,1,0.00,,,,,,
03/09/2021 12:00:00,70000,1,0.00,0,0.43,0.38,2.633,1.42,147.288
03/09/2021 12:01:00,70000,1,0.00,,,,,,
03/09/2021 12:02:00,70000,1,0.00,,,,,,
03/09/2021 12:03:00,70000,1,0.00,,,,,,
03/09/2021 12:04:00,70000,1,0.00,,,,,,
03/09/2021 12:05:00,70000,1,0.00,0,0.34,0.34,1.725,1.37,135.785
03/09/2021 12:06:00,70000,1,0.00,,,,,,
03/09/2021 12:07:00,70000,1,0.00,,,,,,
03/09/2021 12:08:00,70000,1,0.00,,,,,,
03/09/2021 12:09:00,70000,1,0.00,,,,,,
03/09/2021 12:10:00,70000,1,0.00,0,0.30,0.21,0.871,1.36,133.701
03/09/2021 12:11:00,70000,1,0.00,,,,,,
03/09/2021 12:12:00,70000,1,0.00,,,,,,
03/09/2021 12:13:00,70000,1,0.00,,,,,,
03/09/2021 12:14:00,70000,1,0.00,,,,,,
03/09/2021 12:15:00,70000,1,0.00,0,0.39,0.25,1.479,1.37,135.785
03/09/2021 12:16:00,70000,1,0.00,,,,,,
03/09/2021 12:17:00,70000,1,0.00,,,,,,
03/09/2021 12:18:00,70000,1,0.00,,,,,,
03/09/2021 12:19:00,70000,1,0.00,,,,,,
03/09/2021 12:20:00,70000,1,0.00,0,0.30,0.17,0.698,1.34,129.535
03/09/2021 12:21:00,70000,1,0.00,,,,,,
03/09/2021 12:22:00,70000,1,0.00,,,,,,
03/09/2021 12:23:00,70000,1,0.00,,,,,,
03/09/2021 12:24:00,70000,1,0.00,,,,,,
03/09/2021 12:25:00,70000,1,0.00,0,0.26,1.33,-99.000,1.39,140.223
03/09/2021 12:26:00,70000,1,0.00,,,,,,
03/09/2021 12:27:00,70000,1,0.00,,,,,,
03/09/2021 12:28:00,70000,1,0.00,,,,,,
03/09/2021 12:29:00,70000,1,0.00,,,,,,
03/09/2021 12:30:00,70000,1,0.00,0,0.26,0.22,0.713,1.35,131.618
03/09/2021 12:31:00,70000,1,0.00,,,,,,
03/09/2021 12:32:00,70000,1,0.00,,,,,,
03/09/2021 12:33:00,70000,1,0.00,,,,,,
03/09/2021 12:34:00,70000,1,0.00,,,,,,
03/09/2021 12:35:00,70000,1,0.00,0,0.30,0.43,1.754,1.32,125.368
03/09/2021 12:36:00,70000,1,0.00,,,,,,
03/09/2021 12:37:00,70000,1,0.00,,,,,,
03/09/2021 12:38:00,70000,1,0.00,,,,,,
03/09/2021 12:39:00,70000,1,0.00,,,,,,
03/09/2021 12:40:00,70000,1,0.00,0,0.43,0.43,2.976,1.37,135.785
03/09/2021 12:41:00,70000,1,0.00,,,,,,
03/09/2021 12:42:00,70000,1,0.00,,,,,,
03/09/2021 12:43:00,70000,1,0.00,,,,,,
03/09/2021 12:44:00,70000,1,0.00,,,,,,
03/09/2021 12:45:00,70000,1,0.00,0,0.34,0.40,2.007,1.35,131.618
03/09/2021 12:46:00,70000,1,0.00,,,,,,
03/09/2021 12:47:00,70000,1,0.00,,,,,,
03/09/2021 12:48:00,70000,1,0.00,,,,,,
03/09/2021 12:49:00,70000,1,0.00,,,,,,
03/09/2021 12:50:00,70000,1,0.00,0,0.43,0.41,2.871,1.37,135.785
03/09/2021 12:51:00,70000,1,0.00,,,,,,
03/09/2021 12:52:00,70000,1,0.00,,,,,,
03/09/2021 12:53:00,70000,1,0.00,,,,,,
03/09/2021 12:54:00,70000,1,0.00,,,,,,
03/09/2021 12:55:00,70000,1,0.00,0,0.34,0.19,0.956,1.35,131.618
03/09/2021 12:56:00,70000,1,0.00,,,,,,
03/09/2021 12:57:00,70000,1,0.00,,,,,,
03/09/2021 12:58:00,70000,1,0.00,,,,,,
03/09/2021 12:59:00,70000,1,0.00,,,,,,
03/09/2021 13:00:00,70000,1,0.00,0,0.34,0.38,1.937,1.39,140.223
03/09/2021 13:01:00,70000,1,0.00,,,,,,
03/09/2021 13:02:00,70000,1,0.00,,,,,,
03/09/2021 13:03:00,70000,1,0.00,,,,,,
03/09/2021 13:04:00,70000,1,0.00,,,,,,
03/09/2021 13:05:00,70000,1,0.00,0,0.26,0.31,1.019,1.37,135.785
03/09/2021 13:06:00,70000,1,0.00,,,,,,
03/09/2021 13:07:00,70000,1,0.00,,,,,,
03/09/2021 13:08:00,70000,1,0.00,,,,,,
03/09/2021 13:09:00,70000,1,0.00,,,,,,
03/09/2021 13:10:00,70000,1,0.00,0,0.13,0.47,-99.000,1.36,133.701
03/09/2021 13:11:00,70000,1,0.00,,,,,,
03/09/2021 13:12:00,70000,1,0.00,,,,,,
03/09/2021 13:13:00,70000,1,0.00,,,,,,
03/09/2021 13:14:00,70000,1,0.00,,,,,,
03/09/2021 13:15:00,70000,1,0.00,0,0.30,0.30,1.234,1.35,131.618
03/09/2021 13:16:00,70000,1,0.00,,,,,,
03/09/2021 13:17:00,70000,1,0.00,,,,,,
03/09/2021 13:18:00,70000,1,0.00,,,,,,
03/09/2021 13:19:00,70000,1,0.00,,,,,,
03/09/2021 13:20:00,70000,1,0.00,0,0.30,0.45,1.858,1.33,127.451
03/09/2021 13:21:00,70000,1,0.00,,,,,,
03/09/2021 13:22:00,70000,1,0.00,,,,,,
03/09/2021 13:23:00,70000,1,0.00,,,,,,
03/09/2021 13:24:00,70000,1,0.00,,,,,,
03/09/2021 13:25:00,70000,1,0.00,0,0.13,0.35,0.381,1.36,133.701
03/09/2021 13:26:00,70000,1,0.00,,,,,,
03/09/2021 13:27:00,70000,1,0.00,,,,,,
03/09/2021 13:28:00,70000,1,0.00,,,,,,
03/09/2021 13:29:00,70000,1,0.00,,,,,,
03/09/2021 13:30:00,70000,1,0.00,0,0.34,0.40,2.017,1.37,135.785
03/09/2021 13:31:00,70000,1,0.00,,,,,,
03/09/2021 13:32:00,70000,1,0.00,,,,,,
03/09/2021 13:33:00,70000,1,0.00,,,,,,
03/09/2021 13:34:00,70000,1,0.00,,,,,,
03/09/2021 13:35:00,70000,1,0.00,0,0.13,0.21,0.231,1.41,144.933
03/09/2021 13:36:00,70000,1,0.00,,,,,,
03/09/2021 13:37:00,70000,1,0.00,,,,,,
03/09/2021 13:38:00,70000,1,0.00,,,,,,
03/09/2021 13:39:00,70000,1,0.00,,,,,,
03/09/2021 13:40:00,70000,1,0.00,0,0.13,0.37,0.410,1.38,137.868
03/09/2021 13:41:00,70000,1,0.00,,,,,,
03/09/2021 13:42:00,70000,1,0.00,,,,,,
03/09/2021 13:43:00,70000,1,0.00,,,,,,
03/09/2021 13:44:00,70000,1,0.00,,,,,,
03/09/2021 13:45:00,70000,1,0.00,0,0.26,0.39,1.269,1.36,133.701
03/09/2021 13:46:00,70000,1,0.00,,,,,,
03/09/2021 13:47:00,70000,1,0.00,,,,,,
03/09/2021 13:48:00,70000,1,0.00,,,,,,
03/09/2021 13:49:00,70000,1,0.00,,,,,,
03/09/2021 13:50:00,70000,1,0.00,0,0.43,0.36,2.542,1.39,140.223
03/09/2021 13:51:00,70000,1,0.00,,,,,,
03/09/2021 13:52:00,70000,1,0.00,,,,,,
03/09/2021 13:53:00,70000,1,0.00,,,,,,
03/09/2021 13:54:00,70000,1,0.00,,,,,,
03/09/2021 13:55:00,70000,1,0.00,0,0.26,1.38,-99.000,1.38,137.868
03/09/2021 13:56:00,70000,1,0.00,,,,,,
03/09/2021 13:57:00,70000,1,0.00,,,,,,
03/09/2021 13:58:00,70000,1,0.00,,,,,,
03/09/2021 13:59:00,70000,1,0.00,,,,,,
03/09/2021 14:00:00,70000,1,0.00,0,0.26,0.35,1.141,1.33,127.451
03/09/2021 14:01:00,70000,1,0.00,,,,,,
03/09/2021 14:02:00,70000,1,0.00,,,,,,
03/09/2021 14:03:00,70000,1,0.00,,,,,,
03/09/2021 14:04:00,70000,1,0.00,,,,,,
03/09/2021 14:05:00,70000,1,0.00,0,0.22,0.43,1.073,1.38,137.868
03/09/2021 14:06:00,70000,1,0.00,,,,,,
03/09/2021 14:07:00,70000,1,0.00,,,,,,
03/09/2021 14:08:00,70000,1,0.00,,,,,,
03/09/2021 14:09:00,70000,1,0.00,,,,,,
03/09/2021 14:10:00,70000,1,0.00,0,0.73,1.62,24.964,1.69,217.198
03/09/2021 14:11:00,70000,1,0.00,,,,,,
03/09/2021 14:12:00,70000,1,0.00,,,,,,
03/09/2021 14:13:00,70000,1,0.00,,,,,,
03/09/2021 14:14:00,70000,1,0.00,,,,,,
03/09/2021 14:15:00,70000,1,0.00,0,0.73,0.87,13.321,1.86,268.326
03/09/2021 14:16:00,70000,1,0.00,,,,,,
03/09/2021 14:17:00,70000,1,0.00,,,,,,
03/09/2021 14:18:00,70000,1,0.00,,,,,,
03/09/2021 14:19:00,70000,1,0.00,,,,,,
03/09/2021 14:20:00,70000,1,0.00,0,0.60,1.60,18.430,1.89,278.147
03/09/2021 14:21:00,70000,1,0.00,,,,,,
03/09/2021 14:22:00,70000,1,0.00,,,,,,
03/09/2021 14:23:00,70000,1,0.00,,,,,,
03/09/2021 14:24:00,70000,1,0.00,,,,,,
03/09/2021 14:25:00,70000,1,0.00,0,0.73,1.66,25.565,2.08,344.681
03/09/2021 14:26:00,70000,1,0.00,,,,,,
03/09/2021 14:27:00,70000,1,0.00,,,,,,
03/09/2021 14:28:00,70000,1,0.00,,,,,,
03/09/2021 14:29:00,70000,1,0.00,,,,,,
03/09/2021 14:30:00,70000,1,0.00,0,0.64,0.37,4.757,2.01,319.482
03/09/2021 14:31:00,70000,1,0.00,,,,,,
03/09/2021 14:32:00,70000,1,0.00,,,,,,
03/09/2021 14:33:00,70000,1,0.00,,,,,,
03/09/2021 14:34:00,70000,1,0.00,,,,,,
03/09/2021 14:35:00,70000,1,0.00,0,0.64,1.01,12.965,1.79,246.587
03/09/2021 14:36:00,70000,1,0.00,,,,,,
03/09/2021 14:37:00,70000,1,0.00,,,,,,
03/09/2021 14:38:00,70000,1,0.00,,,,,,
03/09/2021 14:39:00,70000,1,0.00,,,,,,
03/09/2021 14:40:00,70000,1,0.00,0,0.69,0.18,2.547,1.70,219.959
03/09/2021 14:41:00,70000,1,0.00,,,,,,
03/09/2021 14:42:00,70000,1,0.00,,,,,,
03/09/2021 14:43:00,70000,1,0.00,,,,,,
03/09/2021 14:44:00,70000,1,0.00,,,,,,
03/09/2021 14:45:00,70000,1,0.00,0,0.73,0.53,8.116,1.82,255.871
03/09/2021 14:46:00,70000,1,0.00,,,,,,
03/09/2021 14:47:00,70000,1,0.00,,,,,,
03/09/2021 14:48:00,70000,1,0.00,,,,,,
03/09/2021 14:49:00,70000,1,0.00,,,,,,
03/09/2021 14:50:00,70000,1,0.00,0,0.69,1.37,19.267,1.87,271.439
03/09/2021 14:51:00,70000,1,0.00,,,,,,
03/09/2021 14:52:00,70000,1,0.00,,,,,,
03/09/2021 14:53:00,70000,1,0.00,,,,,,
03/09/2021 14:54:00,70000,1,0.00,,,,,,
03/09/2021 14:55:00,70000,1,0.00,0,0.73,1.98,30.524,1.89,278.147
03/09/2021 14:56:00,70000,1,0.00,,,,,,
03/09/2021 14:57:00,70000,1,0.00,,,,,,
03/09/2021 14:58:00,70000,1,0.00,,,,,,
03/09/2021 14:59:00,70000,1,0.00,,,,,,
03/09/2021 15:00:00,70000,1,0.00,0,0.73,2.41,37.084,1.98,309.777
03/09/2021 15:01:00,70000,1,0.00,,,,,,
03/09/2021 15:02:00,70000,1,0.00,,,,,,
03/09/2021 15:03:00,70000,1,0.00,,,,,,
03/09/2021 15:04:00,70000,1,0.00,,,,,,
03/09/2021 15:05:00,70000,1,0.00,0,0.86,2.65,52.002,2.18,381.293
03/09/2021 15:06:00,70000,1,0.00,,,,,,
03/09/2021 15:07:00,70000,1,0.00,,,,,,
03/09/2021 15:08:00,70000,1,0.00,,,,,,
03/09/2021 15:09:00,70000,1,0.00,,,,,,
03/09/2021 15:10:00,70000,1,0.00,0,1.25,3.30,113.692,2.07,340.808
03/09/2021 15:11:00,70000,1,0.00,,,,,,
03/09/2021 15:12:00,70000,1,0.00,,,,,,
03/09/2021 15:13:00,70000,1,0.00,,,,,,
03/09/2021 15:14:00,70000,1,0.00,,,,,,
03/09/2021 15:15:00,70000,1,0.00,0,0.69,2.91,41.381,2.41,473.286
03/09/2021 15:16:00,70000,1,0.00,,,,,,
03/09/2021 15:17:00,70000,1,0.00,,,,,,
03/09/2021 15:18:00,70000,1,0.00,,,,,,
03/09/2021 15:19:00,70000,1,0.00,,,,,,
03/09/2021 15:20:00,70000,1,0.00,0,1.32,3.98,149.217,2.59,547.658
03/09/2021 15:21:00,70000,1,504.47,0,1.48,2.71,119.706,2.49,504.469
03/09/2021 15:22:00,70000,1,0.00,,,,,,
03/09/2021 15:23:00,70000,1,0.00,,,,,,
03/09/2021 15:24:00,70000,1,0.00,,,,,,
03/09/2021 15:25:00,70000,1,0.00,0,1.00,3.25,80.060,2.00,316.247
03/09/2021 15:26:00,70000,1,0.00,,,,,,
03/09/2021 15:27:00,70000,1,0.00,,,,,,
03/09/2021 15:28:00,70000,1,0.00,,,,,,
03/09/2021 15:29:00,70000,1,0.00,,,,,,
03/09/2021 15:30:00,70000,1,0.00,0,1.11,3.50,100.792,2.31,431.223
03/09/2021 15:31:00,70000,1,0.00,,,,,,
03/09/2021 15:32:00,70000,1,0.00,,,,,,
03/09/2021 15:33:00,70000,1,0.00,,,,,,
03/09/2021 15:34:00,70000,1,0.00,,,,,,
03/09/2021 15:35:00,70000,1,0.00,0,0.79,2.57,44.756,2.06,336.935
03/09/2021 15:36:00,70000,1,0.00,,,,,,
03/09/2021 15:37:00,70000,1,0.00,,,,,,
03/09/2021 15:38:00,70000,1,0.00,,,,,,
