Date Time,SamplePacin,BottleNum,Incr_Flow,AliquotNum,Level_950,Vel_950,Flow_950,TotFlow_950,Battery_950
MM/dd/yyyy hh:mm:ss,cf,,cf,ali,in,fps,cfs,cf,V
01/22/2021 11:44:00,1,1,0.00,,,,,,
01/22/2021 11:45:00,1,1,0.00,0,1.00,0.20,0.006,0.00,12.54
01/22/2021 11:46:00,1,1,0.00,,,,,,
01/22/2021 11:47:00,1,1,0.00,,,,,,
01/22/2021 11:48:00,1,1,0.00,,,,,,
01/22/2021 11:49:00,1,1,0.00,,,,,,
01/22/2021 11:50:00,1,1,0.00,0,0.00,0.00,0.000,0.00,12.51
01/22/2021 11:51:00,1,1,0.00,,,,,,
01/22/2021 11:52:00,1,1,0.00,,,,,,
01/22/2021 11:53:00,1,1,0.00,,,,,,
01/22/2021 11:54:00,1,1,0.00,,,,,,
01/22/2021 11:55:00,1,1,0.00,0,0.00,0.00,0.000,0.00,12.72
01/22/2021 11:56:00,1,1,0.00,,,,,,
01/22/2021 11:57:00,1,1,0.00,,,,,,
01/22/2021 11:58:00,1,1,0.00,,,,,,
01/22/2021 11:59:00,1,1,0.00,,,,,,
01/22/2021 12:00:00,1,1,0.00,0,0.00,0.00,0.000,0.00,12.74
01/22/2021 12:01:00,1,1,0.00,,,,,,
01/22/2021 12:02:00,1,1,0.00,,,,,,
01/22/2021 12:03:00,1,1,0.00,,,,,,
01/22/2021 12:04:00,1,1,0.00,,,,,,
01/22/2021 12:05:00,1,1,0.00,0,0.00,0.00,0.000,0.00,12.54
01/22/2021 12:06:00,1,1,0.00,,,,,,
01/22/2021 12:09:00,1,1,0.00,,,,,,
01/22/2021 12:10:00,1,1,0.00,0,0.00,0.00,0.000,0.00,12.52
01/22/2021 12:11:00,1,1,0.00,,,,,,
01/22/2021 12:12:00,1,1,0.00,,,,,,
01/22/2021 12:13:00,1,1,0.00,,,,,,
01/22/2021 12:14:00,1,1,0.00,,,,,,
01/22/2021 12:15:00,1,1,0.00,0,0.54,0.00,0.000,0.00,12.70
01/22/2021 12:16:00,1,1,0.00,,,,,,
01/22/2021 12:17:00,1,1,0.00,,,,,,
01/22/2021 12:18:00,1,1,0.00,,,,,,
01/22/2021 12:19:00,1,1,0.00,,,,,,
01/22/2021 12:20:00,1,1,0.00,0,0.90,0.00,0.000,0.00,12.71
01/22/2021 12:21:00,1,1,0.00,,,,,,
01/22/2021 12:22:00,1,1,0.00,,,,,,
01/22/2021 12:23:00,1,1,0.00,,,,,,
01/22/2021 12:24:00,1,1,0.00,,,,,,
01/22/2021 12:25:00,1,1,0.00,0,0.76,0.00,0.000,0.00,12.34
01/22/2021 12:26:00,1,1,0.00,,,,,,
01/22/2021 12:27:00,1,1,0.00,,,,,,
01/22/2021 12:28:00,1,1,0.00,,,,,,
01/22/2021 12:29:00,1,1,0.00,,,,,,
01/22/2021 12:30:00,1,1,0.00,0,0.96,3.03,0.110,0.00,12.56
01/22/2021 12:31:00,1,1,0.00,,,,,,
01/22/2021 12:32:00,1,1,0.00,,,,,,
01/22/2021 12:33:00,1,1,0.00,,,,,,
01/22/2021 12:34:00,1,1,0.00,,,,,,
01/22/2021 12:35:00,1,1,0.00,0,0.18,0.00,0.000,0.00,12.61
01/22/2021 12:36:00,1,1,0.00,,,,,,
01/22/2021 12:37:00,1,1,0.00,,,,,,
01/22/2021 12:38:00,1,1,0.00,,,,,,
01/22/2021 12:39:00,1,1,0.00,,,,,,
01/22/2021 12:40:00,1,1,0.00,0,0.18,0.00,0.000,0.00,12.63
01/22/2021 12:41:00,1,1,0.00,,,,,,
01/22/2021 12:42:00,1,1,0.00,,,,,,
01/22/2021 12:43:00,1,1,0.00,,,,,,
01/22/2021 12:44:00,1,1,0.00,,,,,,
01/22/2021 12:45:00,1,1,0.00,0,0.22,0.00,0.000,0.00,12.63
01/22/2021 12:46:00,1,1,0.00,,,,,,
01/22/2021 12:47:00,1,1,0.00,,,,,,
01/22/2021 12:48:00,1,1,0.00,,,,,,
01/22/2021 12:49:00,1,1,0.00,,,,,,
01/22/2021 12:50:00,1,1,0.00,0,0.18,0.00,0.000,0.00,12.63
01/22/2021 12:51:00,1,1,0.00,,,,,,
01/22/2021 12:52:00,1,1,0.00,,,,,,
01/22/2021 12:53:00,1,1,0.00,,,,,,
01/22/2021 12:54:00,1,1,0.00,,,,,,
01/22/2021 12:55:00,1,1,0.00,0,0.22,0.00,0.000,0.00,12.64
01/22/2021 12:56:00,1,1,0.00,,,,,,
01/22/2021 12:57:00,1,1,0.00,,,,,,
01/22/2021 12:58:00,1,1,0.00,,,,,,
01/22/2021 12:59:00,1,1,0.00,,,,,,
01/22/2021 13:00:00,1,1,0.00,0,0.00,0.00,0.000,0.00,12.64
01/22/2021 13:01:00,1,1,0.00,,,,,,
01/22/2021 13:02:00,1,1,0.00,,,,,,
01/22/2021 13:03:00,1,1,0.00,,,,,,
01/22/2021 13:04:00,1,1,0.00,,,,,,
01/22/2021 13:05:00,1,1,0.00,0,0.00,0.00,0.000,0.00,12.64
01/22/2021 13:06:00,1,1,0.00,,,,,,
01/22/2021 13:07:00,1,1,0.00,,,,,,
01/22/2021 13:08:00,1,1,0.00,,,,,,
01/22/2021 13:09:00,1,1,0.00,,,,,,
01/22/2021 13:10:00,1,1,0.00,0,0.00,0.00,0.000,0.00,12.64
01/22/2021 13:11:00,1,1,0.00,,,,,,
01/22/2021 13:12:00,1,1,0.00,,,,,,
01/22/2021 13:13:00,1,1,0.00,,,,,,
01/22/2021 13:14:00,1,1,0.00,,,,,,
01/22/2021 13:15:00,1,1,0.00,0,0.00,0.00,0.000,0.00,12.65
01/22/2021 13:16:00,1,1,0.00,,,,,,
01/22/2021 13:17:00,1,1,0.00,,,,,,
01/22/2021 13:18:00,1,1,0.00,,,,,,
01/22/2021 13:19:00,1,1,0.00,,,,,,
01/22/2021 13:20:00,1,1,0.00,0,0.00,0.00,0.000,0.00,12.65
01/22/2021 13:21:00,1,1,0.00,,,,,,
01/22/2021 13:22:00,1,1,0.00,,,,,,
01/22/2021 13:23:00,1,1,0.00,,,,,,
01/22/2021 13:24:00,1,1,0.00,,,,,,
01/22/2021 13:25:00,1,1,0.00,0,0.00,0.00,0.000,0.00,12.65
01/22/2021 13:26:00,1,1,0.00,,,,,,
01/22/2021 13:27:00,1,1,0.00,,,,,,
01/22/2021 13:28:00,1,1,0.00,,,,,,
01/22/2021 13:29:00,1,1,0.00,,,,,,
01/22/2021 13:30:00,1,1,0.00,0,0.00,0.00,0.000,0.00,12.65
01/22/2021 13:31:00,1,1,0.00,,,,,,
01/22/2021 13:32:00,1,1,0.00,,,,,,
01/22/2021 13:33:00,1,1,0.00,,,,,,
01/22/2021 13:34:00,1,1,0.00,,,,,,
01/22/2021 13:35:00,1,1,0.00,0,0.00,0.00,0.000,0.00,12.65
01/22/2021 13:36:00,1,1,0.00,,,,,,
01/22/2021 13:37:00,1,1,0.00,,,,,,
01/22/2021 13:38:00,1,1,0.00,,,,,,
01/22/2021 13:39:00,1,1,0.00,,,,,,
01/22/2021 13:40:00,1,1,0.00,0,0.00,0.00,0.000,0.00,12.65
01/22/2021 13:41:00,1,1,0.00,,,,,,
01/22/2021 13:42:00,1,1,0.00,,,,,,
01/22/2021 13:43:00,1,1,0.00,,,,,,
01/22/2021 13:44:00,1,1,0.00,,,,,,
01/22/2021 13:45:00,1,1,0.00,0,0.00,0.00,0.000,0.00,12.65
01/22/2021 13:46:00,1,1,0.00,,,,,,
01/22/2021 13:47:00,1,1,0.00,,,,,,
01/22/2021 13:48:00,1,1,0.00,,,,,,
01/22/2021 13:49:00,1,1,0.00,,,,,,
01/22/2021 13:50:00,1,1,0.00,0,0.00,0.00,0.000,0.00,12.65
01/22/2021 13:51:00,1,1,0.00,,,,,,
01/22/2021 13:52:00,1,1,0.00,,,,,,
01/22/2021 13:53:00,1,1,0.00,,,,,,
01/22/2021 13:54:00,1,1,0.00,,,,,,
01/22/2021 13:55:00,1,1,0.00,0,0.00,0.00,0.000,0.00,12.65
01/22/2021 13:56:00,1,1,0.00,,,,,,
01/22/2021 13:57:00,1,1,0.00,,,,,,
01/22/2021 13:58:00,1,1,0.00,,,,,,
01/22/2021 13:59:00,1,1,0.00,,,,,,
01/22/2021 14:00:00,1,1,0.00,0,0.00,0.00,0.000,0.00,12.65
01/22/2021 14:01:00,1,1,0.00,,,,,,
01/22/2021 14:02:00,1,1,0.00,,,,,,
01/22/2021 14:03:00,1,1,0.00,,,,,,
01/22/2021 14:04:00,1,1,0.00,,,,,,
01/22/2021 14:05:00,1,1,0.00,0,0.15,0.00,0.000,0.00,12.66
01/22/2021 14:06:00,1,1,0.00,,,,,,
01/22/2021 14:07:00,1,1,0.00,,,,,,
01/22/2021 14:08:00,1,1,0.00,,,,,,
01/22/2021 14:09:00,1,1,0.00,,,,,,
01/22/2021 14:10:00,1,1,0.00,0,0.15,0.00,0.000,0.00,12.66
01/22/2021 14:11:00,1,1,0.00,,,,,,
01/22/2021 14:12:00,1,1,0.00,,,,,,
01/22/2021 14:13:00,1,1,0.00,,,,,,
01/22/2021 14:14:00,1,1,0.00,,,,,,
01/22/2021 14:15:00,1,1,0.00,0,0.00,0.00,0.000,0.00,12.65
01/22/2021 14:16:00,1,1,0.00,,,,,,
01/22/2021 14:17:00,1,1,0.00,,,,,,
01/22/2021 14:18:00,1,1,0.00,,,,,,
01/22/2021 14:19:00,1,1,0.00,,,,,,
01/22/2021 14:20:00,1,1,0.00,0,0.00,0.00,0.000,0.00,12.65
01/22/2021 14:21:00,1,1,0.00,,,,,,
01/22/2021 14:22:00,1,1,0.00,,,,,,
01/22/2021 14:23:00,1,1,0.00,,,,,,
01/22/2021 14:24:00,1,1,0.00,,,,,,
01/22/2021 14:25:00,1,1,0.00,0,0.00,0.00,0.000,0.00,12.65
01/22/2021 14:26:00,1,1,0.00,,,,,,
01/22/2021 14:27:00,1,1,0.00,,,,,,
01/22/2021 14:28:00,1,1,0.00,,,,,,
01/22/2021 14:29:00,1,1,0.00,,,,,,
01/22/2021 14:30:00,1,1,0.00,0,0.00,0.00,0.000,0.00,12.65
01/22/2021 14:31:00,1,1,0.00,,,,,,
01/22/2021 14:32:00,1,1,0.00,,,,,,
01/22/2021 14:33:00,1,1,0.00,,,,,,
01/22/2021 14:34:00,1,1,0.00,,,,,,
01/22/2021 14:35:00,1,1,0.00,0,0.00,0.00,0.000,0.00,12.65
01/22/2021 14:36:00,1,1,0.00,,,,,,
01/22/2021 14:37:00,1,1,0.00,,,,,,
01/22/2021 14:38:00,1,1,0.00,,,,,,
01/22/2021 14:39:00,1,1,0.00,,,,,,
01/22/2021 14:40:00,1,1,0.00,0,0.00,0.00,0.000,0.00,12.65
01/22/2021 14:41:00,1,1,0.00,,,,,,
01/22/2021 14:42:00,1,1,0.00,,,,,,
01/22/2021 14:43:00,1,1,0.00,,,,,,
01/22/2021 14:44:00,1,1,0.00,,,,,,
01/22/2021 14:45:00,1,1,0.00,0,0.00,0.00,0.000,0.00,12.65
01/22/2021 14:46:00,1,1,0.00,,,,,,
01/22/2021 14:47:00,1,1,0.00,,,,,,
01/22/2021 14:48:00,1,1,0.00,,,,,,
01/22/2021 14:49:00,1,1,0.00,,,,,,
01/22/2021 14:50:00,1,1,0.00,0,0.18,0.00,0.000,0.00,12.66
01/22/2021 14:51:00,1,1,0.00,,,,,,
01/22/2021 14:52:00,1,1,0.00,,,,,,
01/22/2021 14:53:00,1,1,0.00,,,,,,
01/22/2021 14:54:00,1,1,0.00,,,,,,
01/22/2021 14:55:00,1,1,0.00,0,0.00,0.00,0.000,0.00,12.60
01/22/2021 14:56:00,1,1,0.00,,,,,,
01/22/2021 14:57:00,1,1,0.00,,,,,,
01/22/2021 14:58:00,1,1,0.00,,,,,,
01/22/2021 14:59:00,1,1,0.00,,,,,,
01/22/2021 15:00:00,1,1,0.00,0,0.00,0.00,0.000,0.00,12.62
01/22/2021 15:01:00,1,1,0.00,,,,,,
01/22/2021 15:02:00,1,1,0.00,,,,,,
01/22/2021 15:03:00,1,1,0.00,,,,,,
01/22/2021 15:04:00,1,1,0.00,,,,,,
01/22/2021 15:05:00,1,1,0.00,0,0.00,0.00,0.000,0.00,12.63
01/22/2021 15:06:00,1,1,0.00,,,,,,
01/22/2021 15:07:00,1,1,0.00,,,,,,
01/22/2021 15:08:00,1,1,0.00,,,,,,
01/22/2021 15:09:00,1,1,0.00,,,,,,
01/22/2021 15:10:00,1,1,0.00,0,0.00,0.00,0.000,0.00,12.63
01/22/2021 15:11:00,1,1,0.00,,,,,,
01/22/2021 15:12:00,1,1,0.00,,,,,,
01/22/2021 15:13:00,1,1,0.00,,,,,,
01/22/2021 15:14:00,1,1,0.00,,,,,,
01/22/2021 15:15:00,1,1,0.00,0,0.00,0.00,0.000,0.00,12.63
01/22/2021 15:16:00,1,1,0.00,,,,,,
01/22/2021 15:17:00,1,1,0.00,,,,,,
01/22/2021 15:18:00,1,1,0.00,,,,,,
01/22/2021 15:19:00,1,1,0.00,,,,,,
01/22/2021 15:20:00,1,1,0.00,0,0.00,0.00,0.000,0.00,12.63
01/22/2021 15:21:00,1,1,0.00,,,,,,
01/22/2021 15:22:00,1,1,0.00,,,,,,
01/22/2021 15:23:00,1,1,0.00,,,,,,
01/22/2021 15:24:00,1,1,0.00,,,,,,
01/22/2021 15:25:00,1,1,0.00,0,0.00,0.00,0.000,0.00,12.64
01/22/2021 15:26:00,1,1,0.00,,,,,,
01/22/2021 15:27:00,1,1,0.00,,,,,,
01/22/2021 15:28:00,1,1,0.00,,,,,,
01/22/2021 15:29:00,1,1,0.00,,,,,,
01/22/2021 15:30:00,1,1,0.00,0,0.00,0.00,0.000,0.00,12.63
01/22/2021 15:31:00,1,1,0.00,,,,,,
01/22/2021 15:32:00,1,1,0.00,,,,,,
01/22/2021 15:33:00,1,1,0.00,,,,,,
01/22/2021 15:34:00,1,1,0.00,,,,,,
01/22/2021 15:35:00,1,1,0.00,0,0.00,0.00,0.000,0.00,12.63
01/22/2021 15:36:00,1,1,0.00,,,,,,
01/22/2021 15:37:00,1,1,0.00,,,,,,
01/22/2021 15:38:00,1,1,0.00,,,,,,
01/22/2021 15:39:00,1,1,0.00,,,,,,
01/22/2021 15:40:00,1,1,0.00,0,0.00,0.00,0.000,0.00,12.63
01/22/2021 15:41:00,1,1,0.00,,,,,,
01/22/2021 15:42:00,1,1,0.00,,,,,,
01/22/2021 15:43:00,1,1,0.00,,,,,,
01/22/2021 15:44:00,1,1,0.00,,,,,,
01/22/2021 15:45:00,1,1,0.00,0,0.00,0.00,0.000,0.00,12.63
01/22/2021 15:46:00,1,1,0.00,,,,,,
01/22/2021 15:47:00,1,1,0.00,,,,,,
01/22/2021 15:48:00,1,1,0.00,,,,,,
01/22/2021 15:49:00,1,1,0.00,,,,,,
01/22/2021 15:50:00,1,1,0.00,0,0.00,0.00,0.000,0.00,12.63
01/22/2021 15:51:00,1,1,0.00,,,,,,
01/22/2021 15:52:00,1,1,0.00,,,,,,
01/22/2021 15:53:00,1,1,0.00,,,,,,
01/22/2021 15:54:00,1,1,0.00,,,,,,
01/22/2021 15:55:00,1,1,0.00,0,0.00,0.00,0.000,0.00,12.64
01/22/2021 15:56:00,1,1,0.00,,,,,,
01/22/2021 15:57:00,1,1,0.00,,,,,,
01/22/2021 15:58:00,1,1,0.00,,,,,,
01/22/2021 15:59:00,1,1,0.00,,,,,,
01/22/2021 16:00:00,1,1,0.00,0,0.00,0.00,0.000,0.00,12.64
01/22/2021 16:01:00,1,1,0.00,,,,,,
01/22/2021 16:02:00,1,1,0.00,,,,,,
01/22/2021 16:03:00,1,1,0.00,,,,,,
01/22/2021 16:04:00,1,1,0.00,,,,,,
01/22/2021 16:05:00,1,1,0.00,0,0.00,0.00,0.000,0.00,12.64
01/22/2021 16:06:00,1,1,0.00,,,,,,
01/22/2021 16:07:00,1,1,0.00,,,,,,
01/22/2021 16:08:00,1,1,0.00,,,,,,
01/22/2021 16:09:00,1,1,0.00,,,,,,
01/22/2021 16:10:00,1,1,0.00,0,0.00,0.00,0.000,0.00,12.64
01/22/2021 16:11:00,1,1,0.00,,,,,,
01/22/2021 16:12:00,1,1,0.00,,,,,,
01/22/2021 16:13:00,1,1,0.00,,,,,,
01/22/2021 16:14:00,1,1,0.00,,,,,,
01/22/2021 16:15:00,1,1,0.00,0,0.00,0.00,0.000,0.00,12.64
01/22/2021 16:16:00,1,1,0.00,,,,,,
01/22/2021 16:17:00,1,1,0.00,,,,,,
01/22/2021 16:18:00,1,1,0.00,,,,,,
01/22/2021 16:19:00,1,1,0.00,,,,,,
01/22/2021 16:20:00,1,1,0.00,0,0.00,0.00,0.000,0.00,12.64
01/22/2021 16:21:00,1,1,0.00,,,,,,
01/22/2021 16:22:00,1,1,0.00,,,,,,
01/22/2021 16:23:00,1,1,0.00,,,,,,
01/22/2021 16:24:00,1,1,0.00,,,,,,
01/22/2021 16:25:00,1,1,0.00,0,0.00,0.00,0.000,0.00,12.64
01/22/2021 16:26:00,1,1,0.00,,,,,,
01/22/2021 16:27:00,1,1,0.00,,,,,,
01/22/2021 16:28:00,1,1,0.00,,,,,,
01/22/2021 16:29:00,1,1,0.00,,,,,,
01/22/2021 16:30:00,1,1,0.00,0,0.00,0.00,0.000,0.00,12.64
01/22/2021 16:31:00,1,1,0.00,,,,,,
01/22/2021 16:32:00,1,1,0.00,,,,,,
01/22/2021 16:33:00,1,1,0.00,,,,,,
01/22/2021 16:34:00,1,1,0.00,,,,,,
01/22/2021 16:35:00,1,1,0.00,0,0.00,0.00,0.000,0.00,12.64
01/22/2021 16:36:00,1,1,0.00,,,,,,
01/22/2021 16:37:00,1,1,0.00,,,,,,
01/22/2021 16:38:00,1,1,0.00,,,,,,
01/22/2021 16:39:00,1,1,0.00,,,,,,
01/22/2021 16:40:00,1,1,0.00,0,0.00,0.00,0.000,0.00,12.64
01/22/2021 16:41:00,1,1,0.00,,,,,,
01/22/2021 16:42:00,1,1,0.00,,,,,,
01/22/2021 16:43:00,1,1,0.00,,,,,,
01/22/2021 16:44:00,1,1,0.00,,,,,,
01/22/2021 16:45:00,1,1,0.00,0,0.00,0.00,0.000,0.00,12.64
01/22/2021 16:46:00,1,1,0.00,,,,,,
01/22/2021 16:47:00,1,1,0.00,,,,,,
01/22/2021 16:48:00,1,1,0.00,,,,,,
01/22/2021 16:49:00,1,1,0.00,,,,,,
01/22/2021 16:50:00,1,1,0.00,0,0.00,0.00,0.000,0.00,12.64
01/22/2021 16:51:00,1,1,0.00,,,,,,
01/22/2021 16:52:00,1,1,0.00,,,,,,
01/22/2021 16:53:00,1,1,0.00,,,,,,
01/22/2021 16:54:00,1,1,0.00,,,,,,
01/22/2021 16:55:00,1,1,0.00,0,0.00,0.00,0.000,0.00,12.64
01/22/2021 16:56:00,1,1,0.00,,,,,,
01/22/2021 16:57:00,1,1,0.00,,,,,,
01/22/2021 16:58:00,1,1,0.00,,,,,,
01/22/2021 16:59:00,1,1,0.00,,,,,,
01/22/2021 17:00:00,1,1,0.00,0,0.00,0.00,0.000,0.00,12.64
01/22/2021 17:01:00,1,1,0.00,,,,,,
01/22/2021 17:02:00,1,1,0.00,,,,,,
01/22/2021 17:03:00,1,1,0.00,,,,,,
01/22/2021 17:04:00,1,1,0.00,,,,,,
01/22/2021 17:05:00,1,1,0.00,0,0.00,0.00,0.000,0.00,12.64
01/22/2021 17:06:00,1,1,0.00,,,,,,
01/22/2021 17:07:00,1,1,0.00,,,,,,
01/22/2021 17:08:00,1,1,0.00,,,,,,
01/22/2021 17:09:00,1,1,0.00,,,,,,
01/22/2021 17:10:00,1,1,0.00,0,0.00,0.00,0.000,0.00,12.64
01/22/2021 17:11:00,1,1,0.00,,,,,,
01/22/2021 17:12:00,1,1,0.00,,,,,,
01/22/2021 17:13:00,1,1,0.00,,,,,,
01/22/2021 17:14:00,1,1,0.00,,,,,,
01/22/2021 17:15:00,1,1,0.00,0,0.00,0.00,0.000,0.00,12.63
01/22/2021 17:16:00,1,1,0.00,,,,,,
01/22/2021 17:17:00,1,1,0.00,,,,,,
01/22/2021 17:18:00,1,1,0.00,,,,,,
01/22/2021 17:19:00,1,1,0.00,,,,,,
01/22/2021 17:20:00,1,1,0.00,0,0.00,0.00,0.000,0.00,12.63
01/22/2021 17:21:00,1,1,0.00,,,,,,
01/22/2021 17:22:00,1,1,0.00,,,,,,
01/22/2021 17:23:00,1,1,0.00,,,,,,
01/22/2021 17:24:00,1,1,0.00,,,,,,
01/22/2021 17:25:00,1,1,0.00,0,0.00,0.00,0.000,0.00,12.63
01/22/2021 17:26:00,1,1,0.00,,,,,,
01/22/2021 17:27:00,1,1,0.00,,,,,,
01/22/2021 17:28:00,1,1,0.00,,,,,,
01/22/2021 17:29:00,1,1,0.00,,,,,,
01/22/2021 17:30:00,1,1,0.00,0,0.00,0.00,0.000,0.00,12.63
01/22/2021 17:31:00,1,1,0.00,,,,,,
01/22/2021 17:32:00,1,1,0.00,,,,,,
01/22/2021 17:33:00,1,1,0.00,,,,,,
01/22/2021 17:34:00,1,1,0.00,,,,,,
01/22/2021 17:35:00,1,1,0.00,0,0.00,0.00,0.000,0.00,12.63
01/22/2021 17:36:00,1,1,0.00,,,,,,
01/22/2021 17:37:00,1,1,0.00,,,,,,
01/22/2021 17:38:00,1,1,0.00,,,,,,
01/22/2021 17:39:00,1,1,0.00,,,,,,
01/22/2021 17:40:00,1,1,0.00,0,0.00,0.00,0.000,0.00,12.63
01/22/2021 17:41:00,1,1,0.00,,,,,,
01/22/2021 17:42:00,1,1,0.00,,,,,,
01/22/2021 17:43:00,1,1,0.00,,,,,,
01/22/2021 17:44:00,1,1,0.00,,,,,,
01/22/2021 17:45:00,1,1,0.00,0,0.00,0.00,0.000,0.00,12.63
01/22/2021 17:46:00,1,1,0.00,,,,,,
01/22/2021 17:47:00,1,1,0.00,,,,,,
01/22/2021 17:48:00,1,1,0.00,,,,,,
01/22/2021 17:49:00,1,1,0.00,,,,,,
01/22/2021 17:50:00,1,1,0.00,0,0.00,0.00,0.000,0.00,12.63
01/22/2021 17:51:00,1,1,0.00,,,,,,
01/22/2021 17:52:00,1,1,0.00,,,,,,
01/22/2021 17:53:00,1,1,0.00,,,,,,
01/22/2021 17:54:00,1,1,0.00,,,,,,
01/22/2021 17:55:00,1,1,0.00,0,0.00,0.00,0.000,0.00,12.63
01/22/2021 17:56:00,1,1,0.00,,,,,,
01/22/2021 17:57:00,1,1,0.00,,,,,,
01/22/2021 17:58:00,1,1,0.00,,,,,,
01/22/2021 17:59:00,1,1,0.00,,,,,,
01/22/2021 18:00:00,1,1,0.00,0,0.00,0.00,0.000,0.00,12.63
01/22/2021 18:01:00,1,1,0.00,,,,,,
01/22/2021 18:02:00,1,1,0.00,,,,,,
01/22/2021 18:03:00,1,1,0.00,,,,,,
01/22/2021 18:04:00,1,1,0.00,,,,,,
01/22/2021 18:05:00,1,1,0.00,0,0.00,0.00,0.000,0.00,12.63
01/22/2021 18:06:00,1,1,0.00,,,,,,
01/22/2021 18:07:00,1,1,0.00,,,,,,
01/22/2021 18:08:00,1,1,0.00,,,,,,
01/22/2021 18:09:00,1,1,0.00,,,,,,
01/22/2021 18:10:00,1,1,0.00,0,0.00,0.00,0.000,0.00,12.63
01/22/2021 18:11:00,1,1,0.00,,,,,,
01/22/2021 18:12:00,1,1,0.00,,,,,,
01/22/2021 18:13:00,1,1,0.00,,,,,,
01/22/2021 18:14:00,1,1,0.00,,,,,,
01/22/2021 18:15:00,1,1,0.00,0,0.00,0.00,0.000,0.00,12.63
01/22/2021 18:16:00,1,1,0.00,,,,,,
01/22/2021 18:17:00,1,1,0.00,,,,,,
01/22/2021 18:18:00,1,1,0.00,,,,,,
01/22/2021 18:19:00,1,1,0.00,,,,,,
01/22/2021 18:20:00,1,1,0.00,0,0.00,0.00,0.000,0.00,12.63
01/22/2021 18:21:00,1,1,0.00,,,,,,
01/22/2021 18:22:00,1,1,0.00,,,,,,
01/22/2021 18:23:00,1,1,0.00,,,,,,
01/22/2021 18:24:00,1,1,0.00,,,,,,
01/22/2021 18:25:00,1,1,0.00,0,0.00,0.00,0.000,0.00,12.63
01/22/2021 18:26:00,1,1,0.00,,,,,,
01/22/2021 18:27:00,1,1,0.00,,,,,,
01/22/2021 18:28:00,1,1,0.00,,,,,,
01/22/2021 18:29:00,1,1,0.00,,,,,,
01/22/2021 18:30:00,1,1,0.00,0,0.00,0.00,0.000,0.00,12.63
01/22/2021 18:31:00,1,1,0.00,,,,,,
01/22/2021 18:32:00,1,1,0.00,,,,,,
01/22/2021 18:33:00,1,1,0.00,,,,,,
01/22/2021 18:34:00,1,1,0.00,,,,,,
01/22/2021 18:35:00,1,1,0.00,0,0.00,0.00,0.000,0.00,12.63
01/22/2021 18:36:00,1,1,0.00,,,,,,
01/22/2021 18:37:00,1,1,0.00,,,,,,
01/22/2021 18:38:00,1,1,0.00,,,,,,
01/22/2021 18:39:00,1,1,0.00,,,,,,
01/22/2021 18:40:00,1,1,0.00,0,0.00,0.00,0.000,0.00,12.63
01/22/2021 18:41:00,1,1,0.00,,,,,,
01/22/2021 18:42:00,1,1,0.00,,,,,,
01/22/2021 18:43:00,1,1,0.00,,,,,,
01/22/2021 18:44:00,1,1,0.00,,,,,,
01/22/2021 18:45:00,1,1,0.00,0,0.00,0.00,0.000,0.00,12.63
01/22/2021 18:46:00,1,1,0.00,,,,,,
01/22/2021 18:47:00,1,1,0.00,,,,,,
01/22/2021 18:48:00,1,1,0.00,,,,,,
01/22/2021 18:49:00,1,1,0.00,,,,,,
01/22/2021 18:50:00,1,1,0.00,0,0.00,0.00,0.000,0.00,12.63
01/22/2021 18:51:00,1,1,0.00,,,,,,
01/22/2021 18:52:00,1,1,0.00,,,,,,
01/22/2021 18:53:00,1,1,0.00,,,,,,
01/22/2021 18:54:00,1,1,0.00,,,,,,
01/22/2021 18:55:00,1,1,0.00,0,0.00,0.00,0.000,0.00,12.63
01/22/2021 18:56:00,1,1,0.00,,,,,,
01/22/2021 18:57:00,1,1,0.00,,,,,,
01/22/2021 18:58:00,1,1,0.00,,,,,,
01/22/2021 18:59:00,1,1,0.00,,,,,,
01/22/2021 19:00:00,1,1,0.00,0,0.00,0.00,0.000,0.00,12.63
01/22/2021 19:01:00,1,1,0.00,,,,,,
01/22/2021 19:02:00,1,1,0.00,,,,,,
01/22/2021 19:03:00,1,1,0.00,,,,,,
01/22/2021 19:04:00,1,1,0.00,,,,,,
01/22/2021 19:05:00,1,1,0.00,0,0.00,0.00,0.000,0.00,12.63
01/22/2021 19:06:00,1,1,0.00,,,,,,
01/22/2021 19:07:00,1,1,0.00,,,,,,
01/22/2021 19:08:00,1,1,0.00,,,,,,
01/22/2021 19:09:00,1,1,0.00,,,,,,
01/22/2021 19:10:00,1,1,0.00,0,0.00,0.00,0.000,0.00,12.63
01/22/2021 19:11:00,1,1,0.00,,,,,,
01/22/2021 19:12:00,1,1,0.00,,,,,,
01/22/2021 19:13:00,1,1,0.00,,,,,,
01/22/2021 19:14:00,1,1,0.00,,,,,,
01/22/2021 19:15:00,1,1,0.00,0,0.00,0.00,0.000,0.00,12.63
01/22/2021 19:16:00,1,1,0.00,,,,,,
01/22/2021 19:17:00,1,1,0.00,,,,,,
01/22/2021 19:18:00,1,1,0.00,,,,,,
01/22/2021 19:19:00,1,1,0.00,,,,,,
01/22/2021 19:20:00,1,1,0.00,0,0.00,0.00,0.000,0.00,12.62
01/22/2021 19:21:00,1,1,0.00,,,,,,
01/22/2021 19:22:00,1,1,0.00,,,,,,
01/22/2021 19:23:00,1,1,0.00,,,,,,
01/22/2021 19:24:00,1,1,0.00,,,,,,
01/22/2021 19:25:00,1,1,0.00,0,0.00,0.00,0.000,0.00,12.62
01/22/2021 19:26:00,1,1,0.00,,,,,,
01/22/2021 19:27:00,1,1,0.00,,,,,,
01/22/2021 19:28:00,1,1,0.00,,,,,,
01/22/2021 19:29:00,1,1,0.00,,,,,,
01/22/2021 19:30:00,1,1,0.00,0,0.00,0.00,0.000,0.00,12.62
01/22/2021 19:31:00,1,1,0.00,,,,,,
01/22/2021 19:32:00,1,1,0.00,,,,,,
01/22/2021 19:33:00,1,1,0.00,,,,,,
01/22/2021 19:34:00,1,1,0.00,,,,,,
01/22/2021 19:35:00,1,1,0.00,0,0.00,0.00,0.000,0.00,12.62
01/22/2021 19:36:00,1,1,0.00,,,,,,
01/22/2021 19:37:00,1,1,0.00,,,,,,
01/22/2021 19:38:00,1,1,0.00,,,,,,
01/22/2021 19:39:00,1,1,0.00,,,,,,
01/22/2021 19:40:00,1,1,0.00,0,0.00,0.00,0.000,0.00,12.62
01/22/2021 19:41:00,1,1,0.00,,,,,,
01/22/2021 19:42:00,1,1,0.00,,,,,,
01/22/2021 19:43:00,1,1,0.00,,,,,,
01/22/2021 19:44:00,1,1,0.00,,,,,,
01/22/2021 19:45:00,1,1,0.00,0,0.00,0.00,0.000,0.00,12.62
01/22/2021 19:46:00,1,1,0.00,,,,,,
01/22/2021 19:47:00,1,1,0.00,,,,,,
01/22/2021 19:48:00,1,1,0.00,,,,,,
01/22/2021 19:49:00,1,1,0.00,,,,,,
01/22/2021 19:50:00,1,1,0.00,0,0.00,0.00,0.000,0.00,12.62
01/22/2021 19:51:00,1,1,0.00,,,,,,
01/22/2021 19:52:00,1,1,0.00,,,,,,
01/22/2021 19:53:00,1,1,0.00,,,,,,
01/22/2021 19:54:00,1,1,0.00,,,,,,
01/22/2021 19:55:00,1,1,0.00,0,0.00,0.00,0.000,0.00,12.62
01/22/2021 19:56:00,1,1,0.00,,,,,,
01/22/2021 19:57:00,1,1,0.00,,,,,,
01/22/2021 19:58:00,1,1,0.00,,,,,,
01/22/2021 19:59:00,1,1,0.00,,,,,,
01/22/2021 20:00:00,1,1,0.00,0,0.00,0.00,0.000,0.00,12.61
01/22/2021 20:01:00,1,1,0.00,,,,,,
01/22/2021 20:02:00,1,1,0.00,,,,,,
01/22/2021 20:03:00,1,1,0.00,,,,,,
01/22/2021 20:04:00,1,1,0.00,,,,,,
01/22/2021 20:05:00,1,1,0.00,0,0.00,0.00,0.000,0.00,12.62
01/22/2021 20:06:00,1,1,0.00,,,,,,
01/22/2021 20:07:00,1,1,0.00,,,,,,
01/22/2021 20:08:00,1,1,0.00,,,,,,
01/22/2021 20:09:00,1,1,0.00,,,,,,
01/22/2021 20:10:00,1,1,0.00,0,0.00,0.00,0.000,0.00,12.62
01/22/2021 20:11:00,1,1,0.00,,,,,,
01/22/2021 20:12:00,1,1,0.00,,,,,,
01/22/2021 20:13:00,1,1,0.00,,,,,,
01/22/2021 20:14:00,1,1,0.00,,,,,,
01/22/2021 20:15:00,1,1,0.00,0,0.00,0.00,0.000,0.00,12.62
01/22/2021 20:16:00,1,1,0.00,,,,,,
01/22/2021 20:17:00,1,1,0.00,,,,,,
01/22/2021 20:18:00,1,1,0.00,,,,,,
01/22/2021 20:19:00,1,1,0.00,,,,,,
01/22/2021 20:20:00,1,1,0.00,0,0.00,0.00,0.000,0.00,12.62
01/22/2021 20:21:00,1,1,0.00,,,,,,
01/22/2021 20:22:00,1,1,0.00,,,,,,
01/22/2021 20:23:00,1,1,0.00,,,,,,
01/22/2021 20:24:00,1,1,0.00,,,,,,
01/22/2021 20:25:00,1,1,0.00,0,0.00,0.00,0.000,0.00,12.62
01/22/2021 20:26:00,1,1,0.00,,,,,,
01/22/2021 20:27:00,1,1,0.00,,,,,,
01/22/2021 20:28:00,1,1,0.00,,,,,,
01/22/2021 20:29:00,1,1,0.00,,,,,,
01/22/2021 20:30:00,1,1,0.00,0,0.00,0.00,0.000,0.00,12.62
01/22/2021 20:31:00,1,1,0.00,,,,,,
01/22/2021 20:32:00,1,1,0.00,,,,,,
01/22/2021 20:33:00,1,1,0.00,,,,,,
01/22/2021 20:34:00,1,1,0.00,,,,,,
01/22/2021 20:35:00,1,1,0.00,0,0.00,0.00,0.000,0.00,12.62
01/22/2021 20:36:00,1,1,0.00,,,,,,
01/22/2021 20:37:00,1,1,0.00,,,,,,
01/22/2021 20:38:00,1,1,0.00,,,,,,
01/22/2021 20:39:00,1,1,0.00,,,,,,
01/22/2021 20:40:00,1,1,0.00,0,0.00,0.00,0.000,0.00,12.61
01/22/2021 20:41:00,1,1,0.00,,,,,,
01/22/2021 20:42:00,1,1,0.00,,,,,,
01/22/2021 20:43:00,1,1,0.00,,,,,,
01/22/2021 20:44:00,1,1,0.00,,,,,,
01/22/2021 20:45:00,1,1,0.00,0,0.00,0.00,0.000,0.00,12.61
01/22/2021 20:46:00,1,1,0.00,,,,,,
01/22/2021 20:47:00,1,1,0.00,,,,,,
01/22/2021 20:48:00,1,1,0.00,,,,,,
01/22/2021 20:49:00,1,1,0.00,,,,,,
01/22/2021 20:50:00,1,1,0.00,0,0.00,0.00,0.000,0.00,12.61
01/22/2021 20:51:00,1,1,0.00,,,,,,
01/22/2021 20:52:00,1,1,0.00,,,,,,
01/22/2021 20:53:00,1,1,0.00,,,,,,
01/22/2021 20:54:00,1,1,0.00,,,,,,
01/22/2021 20:55:00,1,1,0.00,0,0.00,0.00,0.000,0.00,12.61
01/22/2021 20:56:00,1,1,0.00,,,,,,
01/22/2021 20:57:00,1,1,0.00,,,,,,
01/22/2021 20:58:00,1,1,0.00,,,,,,
01/22/2021 20:59:00,1,1,0.00,,,,,,
01/22/2021 21:00:00,1,1,0.00,0,0.00,0.00,0.000,0.00,12.61
01/22/2021 21:01:00,1,1,0.00,,,,,,
01/22/2021 21:02:00,1,1,0.00,,,,,,
01/22/2021 21:03:00,1,1,0.00,,,,,,
01/22/2021 21:04:00,1,1,0.00,,,,,,
01/22/2021 21:05:00,1,1,0.00,0,0.00,0.00,0.000,0.00,12.61
01/22/2021 21:06:00,1,1,0.00,,,,,,
01/22/2021 21:07:00,1,1,0.00,,,,,,
01/22/2021 21:08:00,1,1,0.00,,,,,,
01/22/2021 21:09:00,1,1,0.00,,,,,,
01/22/2021 21:10:00,1,1,0.00,0,0.00,0.00,0.000,0.00,12.61
01/22/2021 21:11:00,1,1,0.00,,,,,,
01/22/2021 21:12:00,1,1,0.00,,,,,,
01/22/2021 21:13:00,1,1,0.00,,,,,,
01/22/2021 21:14:00,1,1,0.00,,,,,,
01/22/2021 21:15:00,1,1,0.00,0,0.00,0.00,0.000,0.00,12.61
01/22/2021 21:16:00,1,1,0.00,,,,,,
01/22/2021 21:17:00,1,1,0.00,,,,,,
01/22/2021 21:18:00,1,1,0.00,,,,,,
01/22/2021 21:19:00,1,1,0.00,,,,,,
01/22/2021 21:20:00,1,1,0.00,0,0.00,0.00,0.000,0.00,12.61
01/22/2021 21:21:00,1,1,0.00,,,,,,
01/22/2021 21:22:00,1,1,0.00,,,,,,
01/22/2021 21:23:00,1,1,0.00,,,,,,
01/22/2021 21:24:00,1,1,0.00,,,,,,
01/22/2021 21:25:00,1,1,0.00,0,0.00,0.00,0.000,0.00,12.61
01/22/2021 21:26:00,1,1,0.00,,,,,,
01/22/2021 21:27:00,1,1,0.00,,,,,,
01/22/2021 21:28:00,1,1,0.00,,,,,,
01/22/2021 21:29:00,1,1,0.00,,,,,,
01/22/2021 21:30:00,1,1,0.00,0,0.00,0.00,0.000,0.00,12.61
01/22/2021 21:31:00,1,1,0.00,,,,,,
01/22/2021 21:32:00,1,1,0.00,,,,,,
01/22/2021 21:33:00,1,1,0.00,,,,,,
01/22/2021 21:34:00,1,1,0.00,,,,,,
01/22/2021 21:35:00,1,1,0.00,0,0.00,0.00,0.000,0.00,12.61
01/22/2021 21:36:00,1,1,0.00,,,,,,
01/22/2021 21:37:00,1,1,0.00,,,,,,
01/22/2021 21:38:00,1,1,0.00,,,,,,
01/22/2021 21:39:00,1,1,0.00,,,,,,
01/22/2021 21:40:00,1,1,0.00,0,0.00,0.00,0.000,0.00,12.61
01/22/2021 21:41:00,1,1,0.00,,,,,,
01/22/2021 21:42:00,1,1,0.00,,,,,,
01/22/2021 21:43:00,1,1,0.00,,,,,,
01/22/2021 21:44:00,1,1,0.00,,,,,,
01/22/2021 21:45:00,1,1,0.00,0,0.00,0.00,0.000,0.00,12.61
01/22/2021 21:46:00,1,1,0.00,,,,,,
01/22/2021 21:47:00,1,1,0.00,,,,,,
01/22/2021 21:48:00,1,1,0.00,,,,,,
01/22/2021 21:49:00,1,1,0.00,,,,,,
01/22/2021 21:50:00,1,1,0.00,0,0.00,0.00,0.000,0.00,12.61
01/22/2021 21:51:00,1,1,0.00,,,,,,
01/22/2021 21:52:00,1,1,0.00,,,,,,
01/22/2021 21:53:00,1,1,0.00,,,,,,
01/22/2021 21:54:00,1,1,0.00,,,,,,
01/22/2021 21:55:00,1,1,0.00,0,0.00,0.00,0.000,0.00,12.61
01/22/2021 21:56:00,1,1,0.00,,,,,,
01/22/2021 21:57:00,1,1,0.00,,,,,,
01/22/2021 21:58:00,1,1,0.00,,,,,,
01/22/2021 21:59:00,1,1,0.00,,,,,,
01/22/2021 22:00:00,1,1,0.00,0,0.00,0.00,0.000,0.00,12.61
01/22/2021 22:01:00,1,1,0.00,,,,,,
01/22/2021 22:02:00,1,1,0.00,,,,,,
01/22/2021 22:03:00,1,1,0.00,,,,,,
01/22/2021 22:04:00,1,1,0.00,,,,,,
01/22/2021 22:05:00,1,1,0.00,0,0.00,0.00,0.000,0.00,12.61
01/22/2021 22:06:00,1,1,0.00,,,,,,
01/22/2021 22:07:00,1,1,0.00,,,,,,
01/22/2021 22:08:00,1,1,0.00,,,,,,
01/22/2021 22:09:00,1,1,0.00,,,,,,
01/22/2021 22:10:00,1,1,0.00,0,0.00,0.00,0.000,0.00,12.61
01/22/2021 22:11:00,1,1,0.00,,,,,,
01/22/2021 22:12:00,1,1,0.00,,,,,,
01/22/2021 22:13:00,1,1,0.00,,,,,,
01/22/2021 22:14:00,1,1,0.00,,,,,,
01/22/2021 22:15:00,1,1,0.00,0,0.00,0.00,0.000,0.00,12.61
01/22/2021 22:16:00,1,1,0.00,,,,,,
01/22/2021 22:17:00,1,1,0.00,,,,,,
01/22/2021 22:18:00,1,1,0.00,,,,,,
01/22/2021 22:19:00,1,1,0.00,,,,,,
01/22/2021 22:20:00,1,1,0.00,0,0.00,0.00,0.000,0.00,12.61
01/22/2021 22:21:00,1,1,0.00,,,,,,
01/22/2021 22:22:00,1,1,0.00,,,,,,
01/22/2021 22:23:00,1,1,0.00,,,,,,
01/22/2021 22:24:00,1,1,0.00,,,,,,
01/22/2021 22:25:00,1,1,0.00,0,0.00,0.00,0.000,0.00,12.61
01/22/2021 22:26:00,1,1,0.00,,,,,,
01/22/2021 22:27:00,1,1,0.00,,,,,,
01/22/2021 22:28:00,1,1,0.00,,,,,,
01/22/2021 22:29:00,1,1,0.00,,,,,,
01/22/2021 22:30:00,1,1,0.00,0,0.00,0.00,0.000,0.00,12.61
01/22/2021 22:31:00,1,1,0.00,,,,,,
01/22/2021 22:32:00,1,1,0.00,,,,,,
01/22/2021 22:33:00,1,1,0.00,,,,,,
01/22/2021 22:34:00,1,1,0.00,,,,,,
01/22/2021 22:35:00,1,1,0.00,0,0.00,0.00,0.000,0.00,12.61
01/22/2021 22:36:00,1,1,0.00,,,,,,
01/22/2021 22:37:00,1,1,0.00,,,,,,
01/22/2021 22:38:00,1,1,0.00,,,,,,
01/22/2021 22:39:00,1,1,0.00,,,,,,
01/22/2021 22:40:00,1,1,0.00,0,0.00,0.00,0.000,0.00,12.61
01/22/2021 22:41:00,1,1,0.00,,,,,,
01/22/2021 22:42:00,1,1,0.00,,,,,,
01/22/2021 22:43:00,1,1,0.00,,,,,,
01/22/2021 22:44:00,1,1,0.00,,,,,,
01/22/2021 22:45:00,1,1,0.00,0,0.00,0.00,0.000,0.00,12.61
01/22/2021 22:46:00,1,1,0.00,,,,,,
01/22/2021 22:47:00,1,1,0.00,,,,,,
01/22/2021 22:48:00,1,1,0.00,,,,,,
01/22/2021 22:49:00,1,1,0.00,,,,,,
01/22/2021 22:50:00,1,1,0.00,0,0.00,0.00,0.000,0.00,12.61
01/22/2021 22:51:00,1,1,0.00,,,,,,
01/22/2021 22:52:00,1,1,0.00,,,,,,
01/22/2021 22:53:00,1,1,0.00,,,,,,
01/22/2021 22:54:00,1,1,0.00,,,,,,
01/22/2021 22:55:00,1,1,0.00,0,0.00,0.00,0.000,0.00,12.61
01/22/2021 22:56:00,1,1,0.00,,,,,,
01/22/2021 22:57:00,1,1,0.00,,,,,,
01/22/2021 22:58:00,1,1,0.00,,,,,,
01/22/2021 22:59:00,1,1,0.00,,,,,,
01/22/2021 23:00:00,1,1,0.00,0,0.00,0.00,0.000,0.00,12.61
01/22/2021 23:01:00,1,1,0.00,,,,,,
01/22/2021 23:02:00,1,1,0.00,,,,,,
01/22/2021 23:03:00,1,1,0.00,,,,,,
01/22/2021 23:04:00,1,1,0.00,,,,,,
01/22/2021 23:05:00,1,1,0.00,0,0.00,0.00,0.000,0.00,12.61
01/22/2021 23:06:00,1,1,0.00,,,,,,
01/22/2021 23:07:00,1,1,0.00,,,,,,
01/22/2021 23:08:00,1,1,0.00,,,,,,
01/22/2021 23:09:00,1,1,0.00,,,,,,
01/22/2021 23:10:00,1,1,0.00,0,0.00,0.00,0.000,0.00,12.61
01/22/2021 23:11:00,1,1,0.00,,,,,,
01/22/2021 23:12:00,1,1,0.00,,,,,,
01/22/2021 23:13:00,1,1,0.00,,,,,,
01/22/2021 23:14:00,1,1,0.00,,,,,,
01/22/2021 23:15:00,1,1,0.00,0,0.00,0.00,0.000,0.00,12.61
01/22/2021 23:16:00,1,1,0.00,,,,,,
01/22/2021 23:17:00,1,1,0.00,,,,,,
01/22/2021 23:18:00,1,1,0.00,,,,,,
01/22/2021 23:19:00,1,1,0.00,,,,,,
01/22/2021 23:20:00,1,1,0.00,0,0.00,0.00,0.000,0.00,12.61
01/22/2021 23:21:00,1,1,0.00,,,,,,
01/22/2021 23:22:00,1,1,0.00,,,,,,
01/22/2021 23:23:00,1,1,0.00,,,,,,
01/22/2021 23:24:00,1,1,0.00,,,,,,
01/22/2021 23:25:00,1,1,0.00,0,0.00,0.00,0.000,0.00,12.61
01/22/2021 23:26:00,1,1,0.00,,,,,,
01/22/2021 23:27:00,1,1,0.00,,,,,,
01/22/2021 23:28:00,1,1,0.00,,,,,,
01/22/2021 23:29:00,1,1,0.00,,,,,,
01/22/2021 23:30:00,1,1,0.00,0,0.00,0.00,0.000,0.00,12.61
01/22/2021 23:31:00,1,1,0.00,,,,,,
01/22/2021 23:32:00,1,1,0.00,,,,,,
01/22/2021 23:33:00,1,1,0.00,,,,,,
01/22/2021 23:34:00,1,1,0.00,,,,,,
01/22/2021 23:35:00,1,1,0.00,0,0.00,0.00,0.000,0.00,12.61
01/22/2021 23:36:00,1,1,0.00,,,,,,
01/22/2021 23:37:00,1,1,0.00,,,,,,
01/22/2021 23:38:00,1,1,0.00,,,,,,
01/22/2021 23:39:00,1,1,0.00,,,,,,
01/22/2021 23:40:00,1,1,0.00,0,0.00,0.00,0.000,0.00,12.61
01/22/2021 23:41:00,1,1,0.00,,,,,,
01/22/2021 23:42:00,1,1,0.00,,,,,,
01/22/2021 23:43:00,1,1,0.00,,,,,,
01/22/2021 23:44:00,1,1,0.00,,,,,,
01/22/2021 23:45:00,1,1,0.00,0,0.00,0.00,0.000,0.00,12.61
01/22/2021 23:46:00,1,1,0.00,,,,,,
01/22/2021 23:47:00,1,1,0.00,,,,,,
01/22/2021 23:48:00,1,1,0.00,,,,,,
01/22/2021 23:49:00,1,1,0.00,,,,,,
01/22/2021 23:50:00,1,1,0.00,0,0.00,0.00,0.000,0.00,12.61
01/22/2021 23:51:00,1,1,0.00,,,,,,
01/22/2021 23:52:00,1,1,0.00,,,,,,
01/22/2021 23:53:00,1,1,0.00,,,,,,
01/22/2021 23:54:00,1,1,0.00,,,,,,
01/22/2021 23:55:00,1,1,0.00,0,0.00,0.00,0.000,0.00,12.61
01/22/2021 23:56:00,1,1,0.00,,,,,,
01/22/2021 23:57:00,1,1,0.00,,,,,,
01/22/2021 23:58:00,1,1,0.00,,,,,,
01/22/2021 23:59:00,1,1,0.00,,,,,,
01/23/2021 00:00:00,1,1,0.00,0,0.00,0.00,0.000,0.00,12.60
01/23/2021 00:01:00,1,1,0.00,,,,,,
01/23/2021 00:02:00,1,1,0.00,,,,,,
01/23/2021 00:03:00,1,1,0.00,,,,,,
01/23/2021 00:04:00,1,1,0.00,,,,,,
01/23/2021 00:05:00,1,1,0.00,0,0.00,0.00,0.000,0.00,12.60
01/23/2021 00:06:00,1,1,0.00,,,,,,
01/23/2021 00:07:00,1,1,0.00,,,,,,
01/23/2021 00:08:00,1,1,0.00,,,,,,
01/23/2021 00:09:00,1,1,0.00,,,,,,
01/23/2021 00:10:00,1,1,0.00,0,0.00,0.00,0.000,0.00,12.60
01/23/2021 00:11:00,1,1,0.00,,,,,,
01/23/2021 00:12:00,1,1,0.00,,,,,,
01/23/2021 00:13:00,1,1,0.00,,,,,,
01/23/2021 00:14:00,1,1,0.00,,,,,,
01/23/2021 00:15:00,1,1,0.00,0,0.00,0.00,0.000,0.00,12.60
01/23/2021 00:16:00,1,1,0.00,,,,,,
01/23/2021 00:17:00,1,1,0.00,,,,,,
01/23/2021 00:18:00,1,1,0.00,,,,,,
01/23/2021 00:19:00,1,1,0.00,,,,,,
01/23/2021 00:20:00,1,1,0.00,0,0.00,0.00,0.000,0.00,12.60
01/23/2021 00:21:00,1,1,0.00,,,,,,
01/23/2021 00:22:00,1,1,0.00,,,,,,
01/23/2021 00:23:00,1,1,0.00,,,,,,
01/23/2021 00:24:00,1,1,0.00,,,,,,
01/23/2021 00:25:00,1,1,0.00,0,0.40,0.35,0.003,0.00,12.60
01/23/2021 00:26:00,1,1,0.00,,,,,,
01/23/2021 00:27:00,1,1,0.00,,,,,,
01/23/2021 00:28:00,1,1,0.00,,,,,,
01/23/2021 00:29:00,1,1,0.00,,,,,,
01/23/2021 00:30:00,1,1,0.00,0,1.04,0.71,0.029,0.00,12.59
01/23/2021 00:31:00,1,1,0.00,,,,,,
01/23/2021 00:32:00,1,1,0.00,,,,,,
01/23/2021 00:33:00,1,1,0.00,,,,,,
01/23/2021 00:34:00,1,1,0.00,,,,,,
01/23/2021 00:35:00,1,1,0.00,0,0.65,0.66,0.013,0.00,12.59
01/23/2021 00:36:00,1,1,0.00,,,,,,
01/23/2021 00:37:00,1,1,0.00,,,,,,
01/23/2021 00:38:00,1,1,0.00,,,,,,
01/23/2021 00:39:00,1,1,0.00,,,,,,
01/23/2021 00:40:00,1,1,0.00,0,0.36,0.42,0.004,0.00,12.59
01/23/2021 00:41:00,1,1,0.00,,,,,,
01/23/2021 00:42:00,1,1,0.00,,,,,,
01/23/2021 00:43:00,1,1,0.00,,,,,,
01/23/2021 00:44:00,1,1,0.00,,,,,,
01/23/2021 00:45:00,1,1,0.00,0,0.15,0.30,0.001,0.00,12.58
01/23/2021 00:46:00,1,1,0.00,,,,,,
01/23/2021 00:47:00,1,1,0.00,,,,,,
01/23/2021 00:48:00,1,1,0.00,,,,,,
01/23/2021 00:49:00,1,1,0.00,,,,,,
01/23/2021 00:50:00,1,1,0.00,0,0.22,0.11,0.000,0.00,12.58
01/23/2021 00:51:00,1,1,0.00,,,,,,
01/23/2021 00:52:00,1,1,0.00,,,,,,
01/23/2021 00:53:00,1,1,0.00,,,,,,
01/23/2021 00:54:00,1,1,0.00,,,,,,
01/23/2021 00:55:00,1,1,0.00,0,0.18,0.11,0.000,0.00,12.57
01/23/2021 00:56:00,1,1,0.00,,,,,,
01/23/2021 00:57:00,1,1,0.00,,,,,,
01/23/2021 00:58:00,1,1,0.00,,,,,,
01/23/2021 00:59:00,1,1,0.00,,,,,,
01/23/2021 01:00:00,1,1,0.00,0,0.00,0.05,0.000,0.00,12.56
01/23/2021 01:01:00,1,1,0.00,,,,,,
01/23/2021 01:02:00,1,1,0.00,,,,,,
01/23/2021 01:03:00,1,1,0.00,,,,,,
01/23/2021 01:04:00,1,1,0.00,,,,,,
01/23/2021 01:05:00,1,1,0.00,0,0.00,0.00,0.000,0.00,12.58
01/23/2021 01:06:00,1,1,0.00,,,,,,
01/23/2021 01:07:00,1,1,0.00,,,,,,
01/23/2021 01:08:00,1,1,0.00,,,,,,
01/23/2021 01:09:00,1,1,0.00,,,,,,
01/23/2021 01:10:00,1,1,0.00,0,0.00,0.00,0.000,0.00,12.58
01/23/2021 01:11:00,1,1,0.00,,,,,,
01/23/2021 01:12:00,1,1,0.00,,,,,,
01/23/2021 01:13:00,1,1,0.00,,,,,,
01/23/2021 01:14:00,1,1,0.00,,,,,,
01/23/2021 01:15:00,1,1,0.00,0,0.00,0.00,0.000,0.00,12.58
01/23/2021 01:16:00,1,1,0.00,,,,,,
01/23/2021 01:17:00,1,1,0.00,,,,,,
01/23/2021 01:18:00,1,1,0.00,,,,,,
01/23/2021 01:19:00,1,1,0.00,,,,,,
01/23/2021 01:20:00,1,1,0.00,0,0.61,0.72,0.013,0.00,12.58
01/23/2021 01:21:00,1,1,0.00,,,,,,
01/23/2021 01:22:00,1,1,0.00,,,,,,
01/23/2021 01:23:00,1,1,0.00,,,,,,
01/23/2021 01:24:00,1,1,0.00,,,,,,
01/23/2021 01:25:00,1,1,0.00,0,1.76,0.90,0.080,0.00,12.58
01/23/2021 01:26:00,1,1,0.00,,,,,,
01/23/2021 01:27:00,1,1,0.00,,,,,,
01/23/2021 01:28:00,1,1,0.00,,,,,,
01/23/2021 01:29:00,1,1,0.00,,,,,,
01/23/2021 01:30:00,1,1,0.00,0,1.19,0.88,0.043,0.00,12.58
01/23/2021 01:31:00,1,1,0.00,,,,,,
01/23/2021 01:32:00,1,1,0.00,,,,,,
01/23/2021 01:33:00,1,1,0.00,,,,,,
01/23/2021 01:34:00,1,1,0.00,,,,,,
01/23/2021 01:35:00,1,1,0.00,0,0.68,0.78,0.017,0.00,12.58
01/23/2021 01:36:00,1,1,0.00,,,,,,
01/23/2021 01:37:00,1,1,0.00,,,,,,
01/23/2021 01:38:00,1,1,0.00,,,,,,
01/23/2021 01:39:00,1,1,0.00,,,,,,
01/23/2021 01:40:00,1,1,0.00,0,0.47,0.68,0.009,0.00,12.58
01/23/2021 01:41:00,1,1,0.00,,,,,,
01/23/2021 01:42:00,1,1,0.00,,,,,,
01/23/2021 01:43:00,1,1,0.00,,,,,,
01/23/2021 01:44:00,1,1,0.00,,,,,,
01/23/2021 01:45:00,1,1,0.00,0,0.36,0.33,0.003,0.00,12.58
01/23/2021 01:46:00,1,1,0.00,,,,,,
01/23/2021 01:47:00,1,1,0.00,,,,,,
01/23/2021 01:48:00,1,1,0.00,,,,,,
01/23/2021 01:49:00,1,1,0.00,,,,,,
01/23/2021 01:50:00,1,1,0.00,0,0.26,0.21,0.001,0.00,12.58
01/23/2021 01:51:00,1,1,0.00,,,,,,
01/23/2021 01:52:00,1,1,0.00,,,,,,
01/23/2021 01:53:00,1,1,0.00,,,,,,
01/23/2021 01:54:00,1,1,0.00,,,,,,
01/23/2021 01:55:00,1,1,0.00,0,0.15,0.34,0.001,0.00,12.58
01/23/2021 01:56:00,1,1,0.00,,,,,,
01/23/2021 01:57:00,1,1,0.00,,,,,,
01/23/2021 01:58:00,1,1,0.00,,,,,,
01/23/2021 01:59:00,1,1,0.00,,,,,,
01/23/2021 02:00:00,1,1,0.00,0,0.18,0.25,0.001,0.00,12.58
01/23/2021 02:01:00,1,1,0.00,,,,,,
01/23/2021 02:02:00,1,1,0.00,,,,,,
01/23/2021 02:03:00,1,1,0.00,,,,,,
01/23/2021 02:04:00,1,1,0.00,,,,,,
01/23/2021 02:05:00,1,1,0.00,0,0.18,0.26,0.001,0.00,12.58
01/23/2021 02:06:00,1,1,0.00,,,,,,
01/23/2021 02:07:00,1,1,0.00,,,,,,
01/23/2021 02:08:00,1,1,0.00,,,,,,
01/23/2021 02:09:00,1,1,0.00,,,,,,
01/23/2021 02:10:00,1,1,0.00,0,0.15,0.16,0.000,0.00,12.57
01/23/2021 02:11:00,1,1,0.00,,,,,,
01/23/2021 02:12:00,1,1,0.00,,,,,,
01/23/2021 02:13:00,1,1,0.00,,,,,,
01/23/2021 02:14:00,1,1,0.00,,,,,,
01/23/2021 02:15:00,1,1,0.00,0,0.00,0.05,0.000,0.00,12.56
01/23/2021 02:16:00,1,1,0.00,,,,,,
01/23/2021 02:17:00,1,1,0.00,,,,,,
01/23/2021 02:18:00,1,1,0.00,,,,,,
01/23/2021 02:19:00,1,1,0.00,,,,,,
01/23/2021 02:20:00,1,1,0.00,0,0.00,0.00,0.000,0.00,12.56
01/23/2021 02:21:00,1,1,0.00,,,,,,
01/23/2021 02:22:00,1,1,0.00,,,,,,
01/23/2021 02:23:00,1,1,0.00,,,,,,
01/23/2021 02:24:00,1,1,0.00,,,,,,
01/23/2021 02:25:00,1,1,0.00,0,0.00,0.00,0.000,0.00,12.56
01/23/2021 02:26:00,1,1,0.00,,,,,,
01/23/2021 02:27:00,1,1,0.00,,,,,,
01/23/2021 02:28:00,1,1,0.00,,,,,,
01/23/2021 02:29:00,1,1,0.00,,,,,,
01/23/2021 02:30:00,1,1,0.00,0,0.00,0.00,0.000,0.00,12.57
01/23/2021 02:31:00,1,1,0.00,,,,,,
01/23/2021 02:32:00,1,1,0.00,,,,,,
01/23/2021 02:33:00,1,1,0.00,,,,,,
01/23/2021 02:34:00,1,1,0.00,,,,,,
01/23/2021 02:35:00,1,1,0.00,0,0.00,0.00,0.000,0.00,12.58
01/23/2021 02:36:00,1,1,0.00,,,,,,
01/23/2021 02:37:00,1,1,0.00,,,,,,
01/23/2021 02:38:00,1,1,0.00,,,,,,
01/23/2021 02:39:00,1,1,0.00,,,,,,
01/23/2021 02:40:00,1,1,0.00,0,0.00,0.00,0.000,0.00,12.58
01/23/2021 02:41:00,1,1,0.00,,,,,,
01/23/2021 02:42:00,1,1,0.00,,,,,,
01/23/2021 02:43:00,1,1,0.00,,,,,,
01/23/2021 02:44:00,1,1,0.00,,,,,,
01/23/2021 02:45:00,1,1,0.00,0,0.00,0.00,0.000,0.00,12.58
01/23/2021 02:46:00,1,1,0.00,,,,,,
01/23/2021 02:47:00,1,1,0.00,,,,,,
01/23/2021 02:48:00,1,1,0.00,,,,,,
01/23/2021 02:49:00,1,1,0.00,,,,,,
01/23/2021 02:50:00,1,1,0.00,0,0.00,0.00,0.000,0.00,12.58
01/23/2021 02:51:00,1,1,0.00,,,,,,
01/23/2021 02:52:00,1,1,0.00,,,,,,
01/23/2021 02:53:00,1,1,0.00,,,,,,
01/23/2021 02:54:00,1,1,0.00,,,,,,
01/23/2021 02:55:00,1,1,0.00,0,0.00,0.00,0.000,0.00,12.58
01/23/2021 02:56:00,1,1,0.00,,,,,,
01/23/2021 02:57:00,1,1,0.00,,,,,,
01/23/2021 02:58:00,1,1,0.00,,,,,,
01/23/2021 02:59:00,1,1,0.00,,,,,,
01/23/2021 03:00:00,1,1,0.00,0,0.00,0.00,0.000,0.00,12.58
01/23/2021 03:01:00,1,1,0.00,,,,,,
01/23/2021 03:02:00,1,1,0.00,,,,,,
01/23/2021 03:03:00,1,1,0.00,,,,,,
01/23/2021 03:04:00,1,1,0.00,,,,,,
01/23/2021 03:05:00,1,1,0.00,0,0.00,0.00,0.000,0.00,12.58
01/23/2021 03:06:00,1,1,0.00,,,,,,
01/23/2021 03:07:00,1,1,0.00,,,,,,
01/23/2021 03:08:00,1,1,0.00,,,,,,
01/23/2021 03:09:00,1,1,0.00,,,,,,
01/23/2021 03:10:00,1,1,0.00,0,0.00,0.00,0.000,0.00,12.58
01/23/2021 03:11:00,1,1,0.00,,,,,,
01/23/2021 03:12:00,1,1,0.00,,,,,,
01/23/2021 03:13:00,1,1,0.00,,,,,,
01/23/2021 03:14:00,1,1,0.00,,,,,,
01/23/2021 03:15:00,1,1,0.00,0,0.00,0.00,0.000,0.00,12.58
01/23/2021 03:16:00,1,1,0.00,,,,,,
01/23/2021 03:17:00,1,1,0.00,,,,,,
01/23/2021 03:18:00,1,1,0.00,,,,,,
01/23/2021 03:19:00,1,1,0.00,,,,,,
01/23/2021 03:20:00,1,1,0.00,0,0.00,0.00,0.000,0.00,12.59
01/23/2021 03:21:00,1,1,0.00,,,,,,
01/23/2021 03:22:00,1,1,0.00,,,,,,
01/23/2021 03:23:00,1,1,0.00,,,,,,
01/23/2021 03:24:00,1,1,0.00,,,,,,
01/23/2021 03:25:00,1,1,0.00,0,0.00,0.00,0.000,0.00,12.59
01/23/2021 03:26:00,1,1,0.00,,,,,,
01/23/2021 03:27:00,1,1,0.00,,,,,,
01/23/2021 03:28:00,1,1,0.00,,,,,,
01/23/2021 03:29:00,1,1,0.00,,,,,,
01/23/2021 03:30:00,1,1,0.00,0,0.00,0.00,0.000,0.00,12.59
01/23/2021 03:31:00,1,1,0.00,,,,,,
01/23/2021 03:32:00,1,1,0.00,,,,,,
01/23/2021 03:33:00,1,1,0.00,,,,,,
01/23/2021 03:34:00,1,1,0.00,,,,,,
01/23/2021 03:35:00,1,1,0.00,0,0.00,0.00,0.000,0.00,12.59
01/23/2021 03:36:00,1,1,0.00,,,,,,
01/23/2021 03:37:00,1,1,0.00,,,,,,
01/23/2021 03:38:00,1,1,0.00,,,,,,
01/23/2021 03:39:00,1,1,0.00,,,,,,
01/23/2021 03:40:00,1,1,0.00,0,0.00,0.00,0.000,0.00,12.59
01/23/2021 03:41:00,1,1,0.00,,,,,,
01/23/2021 03:42:00,1,1,0.00,,,,,,
01/23/2021 03:43:00,1,1,0.00,,,,,,
01/23/2021 03:44:00,1,1,0.00,,,,,,
01/23/2021 03:45:00,1,1,0.00,0,0.00,0.00,0.000,0.00,12.59
01/23/2021 03:46:00,1,1,0.00,,,,,,
01/23/2021 03:47:00,1,1,0.00,,,,,,
01/23/2021 03:48:00,1,1,0.00,,,,,,
01/23/2021 03:49:00,1,1,0.00,,,,,,
01/23/2021 03:50:00,1,1,0.00,0,0.00,0.00,0.000,0.00,12.59
01/23/2021 03:51:00,1,1,0.00,,,,,,
01/23/2021 03:52:00,1,1,0.00,,,,,,
01/23/2021 03:53:00,1,1,0.00,,,,,,
01/23/2021 03:54:00,1,1,0.00,,,,,,
01/23/2021 03:55:00,1,1,0.00,0,0.00,0.00,0.000,0.00,12.59
01/23/2021 03:56:00,1,1,0.00,,,,,,
01/23/2021 03:57:00,1,1,0.00,,,,,,
01/23/2021 03:58:00,1,1,0.00,,,,,,
01/23/2021 03:59:00,1,1,0.00,,,,,,
01/23/2021 04:00:00,1,1,0.00,0,0.00,0.00,0.000,0.00,12.59
01/23/2021 04:01:00,1,1,0.00,,,,,,
01/23/2021 04:02:00,1,1,0.00,,,,,,
01/23/2021 04:03:00,1,1,0.00,,,,,,
01/23/2021 04:04:00,1,1,0.00,,,,,,
01/23/2021 04:05:00,1,1,0.00,0,0.00,0.00,0.000,0.00,12.59
01/23/2021 04:06:00,1,1,0.00,,,,,,
01/23/2021 04:07:00,1,1,0.00,,,,,,
01/23/2021 04:08:00,1,1,0.00,,,,,,
01/23/2021 04:09:00,1,1,0.00,,,,,,
01/23/2021 04:10:00,1,1,0.00,0,0.00,0.00,0.000,0.00,12.59
01/23/2021 04:11:00,1,1,0.00,,,,,,
01/23/2021 04:12:00,1,1,0.00,,,,,,
01/23/2021 04:13:00,1,1,0.00,,,,,,
01/23/2021 04:14:00,1,1,0.00,,,,,,
01/23/2021 04:15:00,1,1,0.00,0,0.00,0.00,0.000,0.00,12.59
01/23/2021 04:16:00,1,1,0.00,,,,,,
01/23/2021 04:17:00,1,1,0.00,,,,,,
01/23/2021 04:18:00,1,1,0.00,,,,,,
01/23/2021 04:19:00,1,1,0.00,,,,,,
01/23/2021 04:20:00,1,1,0.00,0,0.00,0.00,0.000,0.00,12.59
01/23/2021 04:21:00,1,1,0.00,,,,,,
01/23/2021 04:22:00,1,1,0.00,,,,,,
01/23/2021 04:23:00,1,1,0.00,,,,,,
01/23/2021 04:24:00,1,1,0.00,,,,,,
01/23/2021 04:25:00,1,1,0.00,0,0.00,0.00,0.000,0.00,12.59
01/23/2021 04:26:00,1,1,0.00,,,,,,
01/23/2021 04:27:00,1,1,0.00,,,,,,
01/23/2021 04:28:00,1,1,0.00,,,,,,
01/23/2021 04:29:00,1,1,0.00,,,,,,
01/23/2021 04:30:00,1,1,0.00,0,0.00,0.00,0.000,0.00,12.58
01/23/2021 04:31:00,1,1,0.00,,,,,,
01/23/2021 04:32:00,1,1,0.00,,,,,,
01/23/2021 04:33:00,1,1,0.00,,,,,,
01/23/2021 04:34:00,1,1,0.00,,,,,,
01/23/2021 04:35:00,1,1,0.00,0,0.00,0.00,0.000,0.00,12.59
01/23/2021 04:36:00,1,1,0.00,,,,,,
01/23/2021 04:37:00,1,1,0.00,,,,,,
01/23/2021 04:38:00,1,1,0.00,,,,,,
01/23/2021 04:39:00,1,1,0.00,,,,,,
01/23/2021 04:40:00,1,1,0.00,0,0.00,0.00,0.000,0.00,12.58
01/23/2021 04:41:00,1,1,0.00,,,,,,
01/23/2021 04:42:00,1,1,0.00,,,,,,
01/23/2021 04:43:00,1,1,0.00,,,,,,
01/23/2021 04:44:00,1,1,0.00,,,,,,
01/23/2021 04:45:00,1,1,0.00,0,0.00,0.00,0.000,0.00,12.58
01/23/2021 04:46:00,1,1,0.00,,,,,,
01/23/2021 04:47:00,1,1,0.00,,,,,,
01/23/2021 04:48:00,1,1,0.00,,,,,,
01/23/2021 04:49:00,1,1,0.00,,,,,,
01/23/2021 04:50:00,1,1,0.00,0,0.00,0.00,0.000,0.00,12.58
01/23/2021 04:51:00,1,1,0.00,,,,,,
01/23/2021 04:52:00,1,1,0.00,,,,,,
01/23/2021 04:53:00,1,1,0.00,,,,,,
01/23/2021 04:54:00,1,1,0.00,,,,,,
01/23/2021 04:55:00,1,1,0.00,0,0.00,0.00,0.000,0.00,12.59
01/23/2021 04:56:00,1,1,0.00,,,,,,
01/23/2021 04:57:00,1,1,0.00,,,,,,
01/23/2021 04:58:00,1,1,0.00,,,,,,
01/23/2021 04:59:00,1,1,0.00,,,,,,
01/23/2021 05:00:00,1,1,0.00,0,0.00,0.00,0.000,0.00,12.58
01/23/2021 05:01:00,1,1,0.00,,,,,,
01/23/2021 05:02:00,1,1,0.00,,,,,,
01/23/2021 05:03:00,1,1,0.00,,,,,,
01/23/2021 05:04:00,1,1,0.00,,,,,,
01/23/2021 05:05:00,1,1,0.00,0,0.00,0.00,0.000,0.00,12.58
01/23/2021 05:06:00,1,1,0.00,,,,,,
01/23/2021 05:07:00,1,1,0.00,,,,,,
01/23/2021 05:08:00,1,1,0.00,,,,,,
01/23/2021 05:09:00,1,1,0.00,,,,,,
01/23/2021 05:10:00,1,1,0.00,0,0.00,0.00,0.000,0.00,12.58
01/23/2021 05:11:00,1,1,0.00,,,,,,
01/23/2021 05:12:00,1,1,0.00,,,,,,
01/23/2021 05:13:00,1,1,0.00,,,,,,
01/23/2021 05:14:00,1,1,0.00,,,,,,
01/23/2021 05:15:00,1,1,0.00,0,0.00,0.00,0.000,0.00,12.58
01/23/2021 05:16:00,1,1,0.00,,,,,,
01/23/2021 05:17:00,1,1,0.00,,,,,,
01/23/2021 05:18:00,1,1,0.00,,,,,,
01/23/2021 05:19:00,1,1,0.00,,,,,,
01/23/2021 05:20:00,1,1,0.00,0,0.00,0.00,0.000,0.00,12.58
01/23/2021 05:21:00,1,1,0.00,,,,,,
01/23/2021 05:22:00,1,1,0.00,,,,,,
01/23/2021 05:23:00,1,1,0.00,,,,,,
01/23/2021 05:24:00,1,1,0.00,,,,,,
01/23/2021 05:25:00,1,1,0.00,0,0.00,0.00,0.000,0.00,12.58
01/23/2021 05:26:00,1,1,0.00,,,,,,
01/23/2021 05:27:00,1,1,0.00,,,,,,
01/23/2021 05:28:00,1,1,0.00,,,,,,
01/23/2021 05:29:00,1,1,0.00,,,,,,
01/23/2021 05:30:00,1,1,0.00,0,0.00,0.00,0.000,0.00,12.58
01/23/2021 05:31:00,1,1,0.00,,,,,,
01/23/2021 05:32:00,1,1,0.00,,,,,,
01/23/2021 05:33:00,1,1,0.00,,,,,,
01/23/2021 05:34:00,1,1,0.00,,,,,,
01/23/2021 05:35:00,1,1,0.00,0,0.00,0.00,0.000,0.00,12.58
01/23/2021 05:36:00,1,1,0.00,,,,,,
01/23/2021 05:37:00,1,1,0.00,,,,,,
01/23/2021 05:38:00,1,1,0.00,,,,,,
01/23/2021 05:39:00,1,1,0.00,,,,,,
01/23/2021 05:40:00,1,1,0.00,0,0.00,0.00,0.000,0.00,12.58
01/23/2021 05:41:00,1,1,0.00,,,,,,
01/23/2021 05:42:00,1,1,0.00,,,,,,
01/23/2021 05:43:00,1,1,0.00,,,,,,
01/23/2021 05:44:00,1,1,0.00,,,,,,
01/23/2021 05:45:00,1,1,0.00,0,0.00,0.00,0.000,0.00,12.58
01/23/2021 05:46:00,1,1,0.00,,,,,,
01/23/2021 05:47:00,1,1,0.00,,,,,,
01/23/2021 05:48:00,1,1,0.00,,,,,,
01/23/2021 05:49:00,1,1,0.00,,,,,,
01/23/2021 05:50:00,1,1,0.00,0,0.00,0.00,0.000,0.00,12.58
01/23/2021 05:51:00,1,1,0.00,,,,,,
01/23/2021 05:52:00,1,1,0.00,,,,,,
01/23/2021 05:53:00,1,1,0.00,,,,,,
01/23/2021 05:54:00,1,1,0.00,,,,,,
01/23/2021 05:55:00,1,1,0.00,0,0.00,0.00,0.000,0.00,12.58
01/23/2021 05:56:00,1,1,0.00,,,,,,
01/23/2021 05:57:00,1,1,0.00,,,,,,
01/23/2021 05:58:00,1,1,0.00,,,,,,
01/23/2021 05:59:00,1,1,0.00,,,,,,
01/23/2021 06:00:00,1,1,0.00,0,0.00,0.00,0.000,0.00,12.58
01/23/2021 06:01:00,1,1,0.00,,,,,,
01/23/2021 06:02:00,1,1,0.00,,,,,,
01/23/2021 06:03:00,1,1,0.00,,,,,,
01/23/2021 06:04:00,1,1,0.00,,,,,,
01/23/2021 06:05:00,1,1,0.00,0,0.00,0.00,0.000,0.00,12.58
01/23/2021 06:06:00,1,1,0.00,,,,,,
01/23/2021 06:07:00,1,1,0.00,,,,,,
01/23/2021 06:08:00,1,1,0.00,,,,,,
01/23/2021 06:09:00,1,1,0.00,,,,,,
01/23/2021 06:10:00,1,1,0.00,0,0.00,0.00,0.000,0.00,12.58
01/23/2021 06:11:00,1,1,0.00,,,,,,
01/23/2021 06:12:00,1,1,0.00,,,,,,
01/23/2021 06:13:00,1,1,0.00,,,,,,
01/23/2021 06:14:00,1,1,0.00,,,,,,
01/23/2021 06:15:00,1,1,0.00,0,0.00,0.00,0.000,0.00,12.58
01/23/2021 06:16:00,1,1,0.00,,,,,,
01/23/2021 06:17:00,1,1,0.00,,,,,,
01/23/2021 06:18:00,1,1,0.00,,,,,,
01/23/2021 06:19:00,1,1,0.00,,,,,,
01/23/2021 06:20:00,1,1,0.00,0,0.00,0.00,0.000,0.00,12.58
01/23/2021 06:21:00,1,1,0.00,,,,,,
01/23/2021 06:22:00,1,1,0.00,,,,,,
01/23/2021 06:23:00,1,1,0.00,,,,,,
01/23/2021 06:24:00,1,1,0.00,,,,,,
01/23/2021 06:25:00,1,1,0.00,0,0.00,0.00,0.000,0.00,12.58
01/23/2021 06:26:00,1,1,0.00,,,,,,
01/23/2021 06:27:00,1,1,0.00,,,,,,
01/23/2021 06:28:00,1,1,0.00,,,,,,
01/23/2021 06:29:00,1,1,0.00,,,,,,
01/23/2021 06:30:00,1,1,0.00,0,0.00,0.00,0.000,0.00,12.58
01/23/2021 06:31:00,1,1,0.00,,,,,,
01/23/2021 06:32:00,1,1,0.00,,,,,,
01/23/2021 06:33:00,1,1,0.00,,,,,,
01/23/2021 06:34:00,1,1,0.00,,,,,,
01/23/2021 06:35:00,1,1,0.00,0,0.00,0.00,0.000,0.00,12.58
01/23/2021 06:36:00,1,1,0.00,,,,,,
01/23/2021 06:37:00,1,1,0.00,,,,,,
01/23/2021 06:38:00,1,1,0.00,,,,,,
01/23/2021 06:39:00,1,1,0.00,,,,,,
01/23/2021 06:40:00,1,1,0.00,0,0.00,0.00,0.000,0.00,12.58
01/23/2021 06:41:00,1,1,0.00,,,,,,
01/23/2021 06:42:00,1,1,0.00,,,,,,
01/23/2021 06:43:00,1,1,0.00,,,,,,
01/23/2021 06:44:00,1,1,0.00,,,,,,
01/23/2021 06:45:00,1,1,0.00,0,0.00,0.00,0.000,0.00,12.58
01/23/2021 06:46:00,1,1,0.00,,,,,,
01/23/2021 06:47:00,1,1,0.00,,,,,,
01/23/2021 06:48:00,1,1,0.00,,,,,,
01/23/2021 06:49:00,1,1,0.00,,,,,,
01/23/2021 06:50:00,1,1,0.00,0,0.00,0.00,0.000,0.00,12.58
01/23/2021 06:51:00,1,1,0.00,,,,,,
01/23/2021 06:52:00,1,1,0.00,,,,,,
01/23/2021 06:53:00,1,1,0.00,,,,,,
01/23/2021 06:54:00,1,1,0.00,,,,,,
01/23/2021 06:55:00,1,1,0.00,0,0.00,0.00,0.000,0.00,12.58
01/23/2021 06:56:00,1,1,0.00,,,,,,
01/23/2021 06:57:00,1,1,0.00,,,,,,
01/23/2021 06:58:00,1,1,0.00,,,,,,
01/23/2021 06:59:00,1,1,0.00,,,,,,
01/23/2021 07:00:00,1,1,0.00,0,0.00,0.00,0.000,0.00,12.58
01/23/2021 07:01:00,1,1,0.00,,,,,,
01/23/2021 07:02:00,1,1,0.00,,,,,,
01/23/2021 07:03:00,1,1,0.00,,,,,,
01/23/2021 07:04:00,1,1,0.00,,,,,,
01/23/2021 07:05:00,1,1,0.00,0,0.00,0.00,0.000,0.00,12.58
01/23/2021 07:06:00,1,1,0.00,,,,,,
01/23/2021 07:07:00,1,1,0.00,,,,,,
01/23/2021 07:08:00,1,1,0.00,,,,,,
01/23/2021 07:09:00,1,1,0.00,,,,,,
01/23/2021 07:10:00,1,1,0.00,0,0.00,0.00,0.000,0.00,12.58
01/23/2021 07:11:00,1,1,0.00,,,,,,
01/23/2021 07:12:00,1,1,0.00,,,,,,
01/23/2021 07:13:00,1,1,0.00,,,,,,
01/23/2021 07:14:00,1,1,0.00,,,,,,
01/23/2021 07:15:00,1,1,0.00,0,0.00,0.00,0.000,0.00,12.58
01/23/2021 07:16:00,1,1,0.00,,,,,,
01/23/2021 07:17:00,1,1,0.00,,,,,,
01/23/2021 07:18:00,1,1,0.00,,,,,,
01/23/2021 07:19:00,1,1,0.00,,,,,,
01/23/2021 07:20:00,1,1,0.00,0,0.00,0.00,0.000,0.00,12.58
01/23/2021 07:21:00,1,1,0.00,,,,,,
01/23/2021 07:22:00,1,1,0.00,,,,,,
01/23/2021 07:23:00,1,1,0.00,,,,,,
01/23/2021 07:24:00,1,1,0.00,,,,,,
01/23/2021 07:25:00,1,1,0.00,0,0.00,0.00,0.000,0.00,12.58
01/23/2021 07:26:00,1,1,0.00,,,,,,
01/23/2021 07:27:00,1,1,0.00,,,,,,
01/23/2021 07:28:00,1,1,0.00,,,,,,
01/23/2021 07:29:00,1,1,0.00,,,,,,
01/23/2021 07:30:00,1,1,0.00,0,0.00,0.00,0.000,0.00,12.58
01/23/2021 07:31:00,1,1,0.00,,,,,,
01/23/2021 07:32:00,1,1,0.00,,,,,,
01/23/2021 07:33:00,1,1,0.00,,,,,,
01/23/2021 07:34:00,1,1,0.00,,,,,,
01/23/2021 07:35:00,1,1,0.00,0,0.00,0.00,0.000,0.00,12.58
01/23/2021 07:36:00,1,1,0.00,,,,,,
01/23/2021 07:37:00,1,1,0.00,,,,,,
01/23/2021 07:38:00,1,1,0.00,,,,,,
01/23/2021 07:39:00,1,1,0.00,,,,,,
01/23/2021 07:40:00,1,1,0.00,0,0.00,0.00,0.000,0.00,12.58
01/23/2021 07:41:00,1,1,0.00,,,,,,
01/23/2021 07:42:00,1,1,0.00,,,,,,
01/23/2021 07:43:00,1,1,0.00,,,,,,
01/23/2021 07:44:00,1,1,0.00,,,,,,
01/23/2021 07:45:00,1,1,0.00,0,0.00,0.00,0.000,0.00,12.58
01/23/2021 07:46:00,1,1,0.00,,,,,,
01/23/2021 07:47:00,1,1,0.00,,,,,,
01/23/2021 07:48:00,1,1,0.00,,,,,,
01/23/2021 07:49:00,1,1,0.00,,,,,,
01/23/2021 07:50:00,1,1,0.00,0,0.00,0.00,0.000,0.00,12.58
01/23/2021 07:51:00,1,1,0.00,,,,,,
01/23/2021 07:52:00,1,1,0.00,,,,,,
01/23/2021 07:53:00,1,1,0.00,,,,,,
01/23/2021 07:54:00,1,1,0.00,,,,,,
01/23/2021 07:55:00,1,1,0.00,0,0.00,0.00,0.000,0.00,12.58
01/23/2021 07:56:00,1,1,0.00,,,,,,
01/23/2021 07:57:00,1,1,0.00,,,,,,
01/23/2021 07:58:00,1,1,0.00,,,,,,
01/23/2021 07:59:00,1,1,0.00,,,,,,
01/23/2021 08:00:00,1,1,0.00,0,0.00,0.00,0.000,0.00,12.58
01/23/2021 08:01:00,1,1,0.00,,,,,,
01/23/2021 08:02:00,1,1,0.00,,,,,,
01/23/2021 08:03:00,1,1,0.00,,,,,,
01/23/2021 08:04:00,1,1,0.00,,,,,,
01/23/2021 08:05:00,1,1,0.00,0,0.00,0.00,0.000,0.00,12.58
01/23/2021 08:06:00,1,1,0.00,,,,,,
01/23/2021 08:07:00,1,1,0.00,,,,,,
01/23/2021 08:08:00,1,1,0.00,,,,,,
01/23/2021 08:09:00,1,1,0.00,,,,,,
01/23/2021 08:10:00,1,1,0.00,0,0.00,0.00,0.000,0.00,12.58
01/23/2021 08:11:00,1,1,0.00,,,,,,
01/23/2021 08:12:00,1,1,0.00,,,,,,
01/23/2021 08:13:00,1,1,0.00,,,,,,
01/23/2021 08:14:00,1,1,0.00,,,,,,
01/23/2021 08:15:00,1,1,0.00,0,0.00,0.00,0.000,0.00,12.58
01/23/2021 08:16:00,1,1,0.00,,,,,,
01/23/2021 08:17:00,1,1,0.00,,,,,,
01/23/2021 08:18:00,1,1,0.00,,,,,,
01/23/2021 08:19:00,1,1,0.00,,,,,,
01/23/2021 08:20:00,1,1,0.00,0,0.00,0.00,0.000,0.00,12.58
01/23/2021 08:21:00,1,1,0.00,,,,,,
01/23/2021 08:22:00,1,1,0.00,,,,,,
01/23/2021 08:23:00,1,1,0.00,,,,,,
01/23/2021 08:24:00,1,1,0.00,,,,,,
01/23/2021 08:25:00,1,1,0.00,0,0.00,0.00,0.000,0.00,12.58
01/23/2021 08:26:00,1,1,0.00,,,,,,
01/23/2021 08:27:00,1,1,0.00,,,,,,
01/23/2021 08:28:00,1,1,0.00,,,,,,
01/23/2021 08:29:00,1,1,0.00,,,,,,
01/23/2021 08:30:00,1,1,0.00,0,0.00,0.00,0.000,0.00,12.58
01/23/2021 08:31:00,1,1,0.00,,,,,,
01/23/2021 08:32:00,1,1,0.00,,,,,,
01/23/2021 08:33:00,1,1,0.00,,,,,,
01/23/2021 08:34:00,1,1,0.00,,,,,,
01/23/2021 08:35:00,1,1,0.00,0,0.00,0.00,0.000,0.00,12.58
01/23/2021 08:36:00,1,1,0.00,,,,,,
01/23/2021 08:37:00,1,1,0.00,,,,,,
01/23/2021 08:38:00,1,1,0.00,,,,,,
01/23/2021 08:39:00,1,1,0.00,,,,,,
01/23/2021 08:40:00,1,1,0.00,0,0.00,0.10,0.000,0.00,12.32
01/23/2021 08:41:00,1,1,0.00,,,,,,
01/23/2021 08:42:00,1,1,0.00,,,,,,
01/23/2021 08:43:00,1,1,0.00,,,,,,
01/23/2021 08:44:00,1,1,0.00,,,,,,
01/23/2021 08:45:00,1,1,0.00,0,0.00,0.10,0.000,0.00,12.54
01/23/2021 08:46:00,1,1,0.00,,,,,,
01/23/2021 08:47:00,1,1,0.00,,,,,,
01/23/2021 08:48:00,1,1,0.00,,,,,,
01/23/2021 08:49:00,1,1,0.00,,,,,,
01/23/2021 08:50:00,1,1,0.00,0,0.00,0.10,0.000,0.00,12.55
01/23/2021 08:51:00,1,1,0.00,,,,,,
01/23/2021 08:52:00,1,1,0.00,,,,,,
01/23/2021 08:53:00,1,1,0.00,,,,,,
01/23/2021 08:54:00,1,1,0.00,,,,,,
01/23/2021 08:55:00,1,1,0.00,0,0.00,0.10,0.000,0.00,12.56
01/23/2021 08:56:00,1,1,0.00,,,,,,
01/23/2021 08:57:00,1,1,0.00,,,,,,
01/23/2021 08:58:00,1,1,0.00,,,,,,
01/23/2021 08:59:00,1,1,0.00,,,,,,
01/23/2021 09:00:00,1,1,0.00,0,0.00,0.10,0.000,0.00,12.56
01/23/2021 09:01:00,1,1,0.00,,,,,,
01/23/2021 09:02:00,1,1,0.00,,,,,,
01/23/2021 09:03:00,1,1,0.00,,,,,,
01/23/2021 09:04:00,1,1,0.00,,,,,,
01/23/2021 09:05:00,1,1,0.00,0,0.00,0.10,0.000,0.00,12.57
01/23/2021 09:06:00,1,1,0.00,,,,,,
01/23/2021 09:07:00,1,1,0.00,,,,,,
01/23/2021 09:08:00,1,1,0.00,,,,,,
01/23/2021 09:09:00,1,1,0.00,,,,,,
01/23/2021 09:10:00,1,1,0.00,0,0.00,0.10,0.000,0.00,12.57
01/23/2021 09:11:00,1,1,0.00,,,,,,
01/23/2021 09:12:00,1,1,0.00,,,,,,
01/23/2021 09:13:00,1,1,0.00,,,,,,
01/23/2021 09:14:00,1,1,0.00,,,,,,
01/23/2021 09:15:00,1,1,0.00,0,0.00,0.35,0.000,0.00,12.57
01/23/2021 09:16:00,1,1,0.00,,,,,,
01/23/2021 09:17:00,1,1,0.00,,,,,,
01/23/2021 09:18:00,1,1,0.00,,,,,,
01/23/2021 09:19:00,1,1,0.00,,,,,,
01/23/2021 09:20:00,1,1,0.00,0,0.33,0.45,0.003,0.00,12.57
01/23/2021 09:21:00,1,1,0.00,,,,,,
01/23/2021 09:22:00,1,1,0.00,,,,,,
01/23/2021 09:23:00,1,1,0.00,,,,,,
01/23/2021 09:24:00,1,1,0.00,,,,,,
01/23/2021 09:25:00,1,1,0.00,0,0.58,0.84,0.014,0.00,12.57
01/23/2021 09:26:00,1,1,0.00,,,,,,
01/23/2021 09:27:00,1,1,0.00,,,,,,
01/23/2021 09:28:00,1,1,0.00,,,,,,
01/23/2021 09:29:00,1,1,0.00,,,,,,
01/23/2021 09:30:00,1,1,0.00,0,0.83,0.33,0.010,0.00,12.57
01/23/2021 09:31:00,1,1,0.00,,,,,,
01/23/2021 09:32:00,1,1,0.00,,,,,,
01/23/2021 09:33:00,1,1,0.00,,,,,,
01/23/2021 09:34:00,1,1,0.00,,,,,,
01/23/2021 09:35:00,1,1,0.00,0,0.94,0.35,0.012,0.00,12.57
01/23/2021 09:36:00,1,1,0.00,,,,,,
01/23/2021 09:37:00,1,1,0.00,,,,,,
01/23/2021 09:38:00,1,1,0.00,,,,,,
01/23/2021 09:39:00,1,1,0.00,,,,,,
01/23/2021 09:40:00,1,1,0.00,0,1.08,0.46,0.020,0.00,12.57
01/23/2021 09:41:00,1,1,0.00,,,,,,
01/23/2021 09:42:00,1,1,0.00,,,,,,
01/23/2021 09:43:00,1,1,0.00,,,,,,
01/23/2021 09:44:00,1,1,0.00,,,,,,
01/23/2021 09:45:00,1,1,0.00,0,0.83,0.42,0.012,0.00,12.56
01/23/2021 09:46:00,1,1,0.00,,,,,,
01/23/2021 09:47:00,1,1,0.00,,,,,,
01/23/2021 09:48:00,1,1,0.00,,,,,,
01/23/2021 09:49:00,1,1,0.00,,,,,,
01/23/2021 09:50:00,1,1,0.00,0,0.68,0.37,0.008,0.00,12.57
01/23/2021 09:51:00,1,1,0.00,,,,,,
01/23/2021 09:52:00,1,1,0.00,,,,,,
01/23/2021 09:53:00,1,1,0.00,,,,,,
01/23/2021 09:54:00,1,1,0.00,,,,,,
01/23/2021 09:55:00,1,1,0.00,0,0.79,0.13,0.004,0.00,12.56
01/23/2021 09:56:00,1,1,0.00,,,,,,
01/23/2021 09:57:00,1,1,0.00,,,,,,
01/23/2021 09:58:00,1,1,0.00,,,,,,
01/23/2021 09:59:00,1,1,0.00,,,,,,
01/23/2021 10:00:00,1,1,0.00,0,0.61,0.75,0.014,0.00,12.57
01/23/2021 10:01:00,1,1,0.00,,,,,,
01/23/2021 10:02:00,1,1,0.00,,,,,,
01/23/2021 10:03:00,1,1,0.00,,,,,,
01/23/2021 10:04:00,1,1,0.00,,,,,,
01/23/2021 10:05:00,1,1,0.00,0,0.43,0.46,0.005,0.00,12.57
01/23/2021 10:06:00,1,1,0.00,,,,,,
01/23/2021 10:07:00,1,1,0.00,,,,,,
01/23/2021 10:08:00,1,1,0.00,,,,,,
01/23/2021 10:09:00,1,1,0.00,,,,,,
01/23/2021 10:10:00,1,1,0.00,0,0.36,0.23,0.002,0.00,12.56
01/23/2021 10:11:00,1,1,0.00,,,,,,
01/23/2021 10:12:00,1,1,0.00,,,,,,
01/23/2021 10:13:00,1,1,0.00,,,,,,
01/23/2021 10:14:00,1,1,0.00,,,,,,
01/23/2021 10:15:00,1,1,0.00,0,0.29,0.25,0.002,0.00,12.56
01/23/2021 10:16:00,1,1,0.00,,,,,,
01/23/2021 10:17:00,1,1,0.00,,,,,,
01/23/2021 10:18:00,1,1,0.00,,,,,,
01/23/2021 10:19:00,1,1,0.00,,,,,,
01/23/2021 10:20:00,1,1,0.00,0,0.22,0.27,0.001,0.00,12.56
01/23/2021 10:21:00,1,1,0.00,,,,,,
01/23/2021 10:22:00,1,1,0.00,,,,,,
01/23/2021 10:23:00,1,1,0.00,,,,,,
01/23/2021 10:24:00,1,1,0.00,,,,,,
01/23/2021 10:25:00,1,1,0.00,0,0.00,0.24,0.000,0.00,12.56
01/23/2021 10:26:00,1,1,0.00,,,,,,
01/23/2021 10:27:00,1,1,0.00,,,,,,
01/23/2021 10:28:00,1,1,0.00,,,,,,
01/23/2021 10:29:00,1,1,0.00,,,,,,
01/23/2021 10:30:00,1,1,0.00,0,0.00,0.33,0.000,0.00,12.56
01/23/2021 10:31:00,1,1,0.00,,,,,,
01/23/2021 10:32:00,1,1,0.00,,,,,,
01/23/2021 10:33:00,1,1,0.00,,,,,,
01/23/2021 10:34:00,1,1,0.00,,,,,,
01/23/2021 10:35:00,1,1,0.00,0,0.00,0.24,0.000,0.00,12.56
01/23/2021 10:36:00,1,1,0.00,,,,,,
01/23/2021 10:37:00,1,1,0.00,,,,,,
01/23/2021 10:38:00,1,1,0.00,,,,,,
01/23/2021 10:39:00,1,1,0.00,,,,,,
01/23/2021 10:40:00,1,1,0.00,0,0.00,0.10,0.000,0.00,12.56
01/23/2021 10:41:00,1,1,0.00,,,,,,
01/23/2021 10:42:00,1,1,0.00,,,,,,
01/23/2021 10:43:00,1,1,0.00,,,,,,
01/23/2021 10:44:00,1,1,0.00,,,,,,
01/23/2021 10:45:00,1,1,0.00,0,0.00,0.10,0.000,0.00,12.56
01/23/2021 10:46:00,1,1,0.00,,,,,,
01/23/2021 10:47:00,1,1,0.00,,,,,,
01/23/2021 10:48:00,1,1,0.00,,,,,,
01/23/2021 10:49:00,1,1,0.00,,,,,,
01/23/2021 10:50:00,1,1,0.00,0,0.00,0.10,0.000,0.00,12.57
01/23/2021 10:51:00,1,1,0.00,,,,,,
01/23/2021 10:52:00,1,1,0.00,,,,,,
01/23/2021 10:53:00,1,1,0.00,,,,,,
01/23/2021 10:54:00,1,1,0.00,,,,,,
01/23/2021 10:55:00,1,1,0.00,0,0.00,0.10,0.000,0.00,12.37
01/23/2021 10:56:00,1,1,0.00,,,,,,
01/23/2021 10:57:00,1,1,0.00,,,,,,
01/23/2021 10:58:00,10,1,0.00,,,,,,
01/23/2021 10:59:00,10,1,0.00,,,,,,
01/23/2021 11:00:00,10,1,0.00,0,0.00,0.10,0.000,0.00,12.31
01/23/2021 11:01:00,10,1,0.00,,,,,,
01/23/2021 11:02:00,10,1,0.00,,,,,,
01/23/2021 11:03:00,10,1,0.00,,,,,,
01/23/2021 11:04:00,10,1,0.00,,,,,,
01/23/2021 11:05:00,10,1,0.00,0,0.00,0.10,0.000,0.00,12.52
01/23/2021 11:06:00,10,1,0.00,,,,,,
01/23/2021 11:07:00,10,1,0.00,,,,,,
01/23/2021 11:08:00,10,1,0.00,,,,,,
01/23/2021 11:09:00,10,1,0.00,,,,,,
01/23/2021 11:10:00,10,1,0.00,0,0.00,0.10,0.000,0.00,12.54
01/23/2021 11:11:00,10,1,0.00,,,,,,
01/23/2021 11:12:00,10,1,0.00,,,,,,
01/23/2021 11:13:00,10,1,0.00,,,,,,
01/23/2021 11:14:00,10,1,0.00,,,,,,
01/23/2021 11:15:00,10,1,0.00,0,0.00,0.10,0.000,0.00,12.55
01/23/2021 11:16:00,10,1,0.00,,,,,,
01/23/2021 11:17:00,10,1,0.00,,,,,,
01/23/2021 11:18:00,10,1,0.00,,,,,,
01/23/2021 11:19:00,10,1,0.00,,,,,,
01/23/2021 11:20:00,10,1,0.00,0,0.00,0.10,0.000,0.00,12.56
01/23/2021 11:21:00,10,1,0.00,,,,,,
01/23/2021 11:22:00,10,1,0.00,,,,,,
01/23/2021 11:23:00,10,1,0.00,,,,,,
01/23/2021 11:24:00,10,1,0.00,,,,,,
01/23/2021 11:25:00,10,1,0.00,0,0.00,0.10,0.000,0.00,12.56
01/23/2021 11:26:00,10,1,0.00,,,,,,
01/23/2021 11:27:00,10,1,0.00,,,,,,
01/23/2021 11:28:00,10,1,0.00,,,,,,
01/23/2021 11:29:00,10,1,0.00,,,,,,
01/23/2021 11:30:00,10,1,0.00,0,0.00,0.10,0.000,0.00,12.56
01/23/2021 11:31:00,10,1,0.00,,,,,,
01/23/2021 11:32:00,10,1,0.00,,,,,,
01/23/2021 11:33:00,10,1,0.00,,,,,,
01/23/2021 11:34:00,10,1,0.00,,,,,,
01/23/2021 11:35:00,10,1,0.00,0,0.00,0.30,0.000,0.00,12.56
01/23/2021 11:36:00,10,1,0.00,,,,,,
01/23/2021 11:37:00,10,1,0.00,,,,,,
01/23/2021 11:38:00,10,1,0.00,,,,,,
01/23/2021 11:39:00,10,1,0.00,,,,,,
01/23/2021 11:40:00,10,1,0.00,0,0.36,0.27,0.002,0.00,12.56
01/23/2021 11:41:00,10,1,0.00,,,,,,
01/23/2021 11:42:00,10,1,0.00,,,,,,
01/23/2021 11:43:00,10,1,0.00,,,,,,
01/23/2021 11:44:00,10,1,0.00,,,,,,
01/23/2021 11:45:00,10,1,0.00,0,0.36,0.24,0.002,0.00,12.56
01/23/2021 11:46:00,10,1,0.00,,,,,,
01/23/2021 11:47:00,10,1,0.00,,,,,,
01/23/2021 11:48:00,10,1,0.00,,,,,,
01/23/2021 11:49:00,10,1,0.00,,,,,,
01/23/2021 11:50:00,10,1,0.00,0,0.33,0.23,0.002,0.00,12.56
01/23/2021 11:51:00,10,1,0.00,,,,,,
01/23/2021 11:52:00,10,1,0.00,,,,,,
01/23/2021 11:53:00,10,1,0.00,,,,,,
01/23/2021 11:54:00,10,1,0.00,,,,,,
01/23/2021 11:55:00,10,1,0.00,0,0.36,0.25,0.002,0.00,12.56
01/23/2021 11:56:00,10,1,0.00,,,,,,
01/23/2021 11:57:00,10,1,0.00,,,,,,
01/23/2021 11:58:00,10,1,0.00,,,,,,
01/23/2021 11:59:00,10,1,0.00,,,,,,
01/23/2021 12:00:00,10,1,0.00,0,0.43,0.69,0.008,0.00,12.56
01/23/2021 12:01:00,10,1,0.00,0,0.58,0.75,0.014,0.00,12.27
01/23/2021 12:02:00,10,1,1.10,0,0.68,0.83,0.018,0.00,12.25
01/23/2021 12:03:00,10,1,2.45,0,0.79,0.82,0.023,0.00,12.33
01/23/2021 12:04:00,10,1,3.89,0,0.79,0.88,0.024,0.00,12.51
01/23/2021 12:05:00,10,1,5.39,0,0.79,0.91,0.025,0.00,12.52
01/23/2021 12:06:00,10,1,6.99,0,0.83,0.92,0.027,0.00,12.52
01/23/2021 12:07:00,10,1,8.66,0,0.83,0.96,0.028,0.00,12.53
01/23/2021 12:08:00,10,1,0.67,0,0.90,1.01,0.033,0.00,12.53
01/23/2021 12:09:00,10,1,2.46,1,0.90,0.90,0.030,0.00,12.38
01/23/2021 12:10:00,10,1,4.56,1,0.94,1.00,0.035,0.00,12.46
01/23/2021 12:11:00,10,1,6.64,1,0.97,0.94,0.035,0.00,12.48
01/23/2021 12:12:00,10,1,8.96,1,1.01,0.99,0.039,0.00,12.50
01/23/2021 12:13:00,10,1,1.51,1,1.04,1.04,0.043,0.00,12.51
01/23/2021 12:14:00,10,1,4.44,2,1.08,1.13,0.049,0.00,12.32
01/23/2021 12:15:00,10,1,7.41,2,1.08,1.15,0.049,0.00,12.45
01/23/2021 12:16:00,10,1,2.95,2,1.11,2.04,0.092,0.00,12.47
01/23/2021 12:17:00,10,1,7.11,3,1.26,1.28,0.069,0.00,12.34
01/23/2021 12:18:00,10,1,2.93,3,1.61,1.24,0.097,0.00,12.43
01/23/2021 12:19:00,10,1,8.12,4,1.51,1.52,0.087,0.00,12.12
01/23/2021 12:20:00,10,1,5.04,4,1.36,1.75,0.115,0.00,12.18
01/23/2021 12:21:00,10,1,1.09,5,1.19,2.14,0.101,0.00,12.15
01/23/2021 12:22:00,10,1,8.37,6,1.29,2.15,0.121,0.00,12.20
01/23/2021 12:23:00,10,1,5.09,6,1.29,1.98,0.112,0.00,12.44
01/23/2021 12:24:00,10,1,0.63,7,1.15,1.95,0.092,0.00,12.36
01/23/2021 12:25:00,10,1,4.55,8,1.15,1.38,0.065,0.00,12.34
01/23/2021 12:26:00,10,1,7.09,8,1.01,1.08,0.042,0.00,12.44
01/23/2021 12:27:00,10,1,9.27,8,1.01,0.93,0.036,0.00,12.47
01/23/2021 12:28:00,10,1,1.55,8,1.01,0.97,0.038,0.00,12.49
01/23/2021 12:29:00,10,1,3.94,9,0.97,1.08,0.040,0.00,12.20
01/23/2021 12:30:00,10,1,5.90,9,0.97,0.88,0.033,0.00,12.33
01/23/2021 12:31:00,10,1,8.20,9,0.97,1.03,0.038,0.00,12.44
01/23/2021 12:32:00,10,1,0.40,9,0.90,1.11,0.037,0.00,12.28
01/23/2021 12:33:00,10,1,2.07,10,0.79,1.02,0.028,0.00,12.15
01/23/2021 12:34:00,10,1,3.95,10,0.79,1.14,0.031,0.00,12.27
01/23/2021 12:35:00,10,1,5.61,10,0.79,1.01,0.028,0.00,12.47
01/23/2021 12:36:00,10,1,7.01,10,0.72,0.99,0.023,0.00,12.50
01/23/2021 12:37:00,10,1,8.21,10,0.72,0.84,0.020,0.00,12.50
01/23/2021 12:38:00,10,1,9.12,10,0.65,0.74,0.015,0.00,12.51
01/23/2021 12:39:00,10,1,0.04,10,0.68,0.70,0.015,0.00,12.52
01/23/2021 12:40:00,10,1,0.88,11,0.61,0.74,0.014,0.00,12.21
01/23/2021 12:41:00,10,1,1.36,11,0.51,0.58,0.008,0.00,12.46
01/23/2021 12:42:00,10,1,2.08,11,0.61,0.64,0.012,0.00,12.49
01/23/2021 12:43:00,10,1,2.66,11,0.54,0.62,0.010,0.00,12.50
01/23/2021 12:44:00,10,1,3.19,11,0.54,0.56,0.009,0.00,12.51
01/23/2021 12:45:00,10,1,3.56,11,0.43,0.56,0.006,0.00,12.52
01/23/2021 12:46:00,10,1,4.00,11,0.47,0.57,0.007,0.00,12.52
01/23/2021 12:47:00,10,1,4.47,11,0.51,0.56,0.008,0.00,12.52
01/23/2021 12:48:00,10,1,5.10,11,0.51,0.75,0.010,0.00,12.52
01/23/2021 12:49:00,10,1,5.79,11,0.58,0.68,0.012,0.00,12.52
01/23/2021 12:50:00,10,1,6.72,11,0.65,0.76,0.016,0.00,12.53
01/23/2021 12:51:00,10,1,7.75,11,0.68,0.78,0.017,0.00,12.53
01/23/2021 12:52:00,10,1,8.59,11,0.58,0.82,0.014,0.00,12.54
01/23/2021 12:53:00,10,1,9.74,11,0.72,0.80,0.019,0.00,12.54
01/23/2021 12:54:00,10,1,0.59,11,0.58,0.83,0.014,0.00,12.54
01/23/2021 12:55:00,10,1,1.59,12,0.68,0.76,0.017,0.00,12.39
01/23/2021 12:56:00,10,1,2.74,12,0.68,0.87,0.019,0.00,12.47
01/23/2021 12:57:00,10,1,3.51,12,0.58,0.75,0.013,0.00,12.49
01/23/2021 12:58:00,10,1,4.30,12,0.68,0.60,0.013,0.00,12.50
01/23/2021 12:59:00,10,1,5.07,12,0.65,0.63,0.013,0.00,12.52
01/23/2021 13:00:00,10,1,5.80,12,0.61,0.64,0.012,0.00,12.52
01/23/2021 13:01:00,10,1,6.30,12,0.47,0.67,0.008,0.00,12.25
01/23/2021 13:02:00,10,1,6.79,12,0.51,0.58,0.008,0.00,12.31
01/23/2021 13:03:00,10,1,7.33,12,0.51,0.64,0.009,0.00,12.23
01/23/2021 13:04:00,10,1,7.78,12,0.51,0.54,0.008,0.00,12.32
01/23/2021 13:05:00,10,1,8.26,12,0.51,0.57,0.008,0.00,12.50
01/23/2021 13:06:00,10,1,8.70,12,0.51,0.52,0.007,0.00,12.52
01/23/2021 13:07:00,10,1,9.00,12,0.43,0.44,0.005,0.00,12.52
01/23/2021 13:08:00,10,1,9.22,12,0.40,0.38,0.004,0.00,12.52
01/23/2021 13:09:00,10,1,9.41,12,0.40,0.33,0.003,0.00,12.53
01/23/2021 13:10:00,10,1,9.56,12,0.40,0.25,0.002,0.00,12.25
01/23/2021 13:11:00,10,1,9.76,12,0.40,0.34,0.003,0.00,12.32
01/23/2021 13:12:00,10,1,9.92,12,0.36,0.31,0.003,0.00,12.32
01/23/2021 13:13:00,10,1,0.05,12,0.36,0.27,0.002,0.00,12.50
01/23/2021 13:14:00,10,1,0.23,13,0.36,0.35,0.003,0.00,12.35
01/23/2021 13:15:00,10,1,0.43,13,0.40,0.34,0.003,0.00,12.45
01/23/2021 13:16:00,10,1,0.67,13,0.40,0.40,0.004,0.00,12.47
01/23/2021 13:17:00,10,1,1.01,13,0.36,0.68,0.006,0.00,12.50
01/23/2021 13:18:00,10,1,2.12,13,0.65,0.91,0.019,0.00,12.51
01/23/2021 13:19:00,10,1,4.74,13,0.97,1.18,0.044,0.00,12.52
01/23/2021 13:20:00,10,1,0.57,13,1.29,1.72,0.097,0.00,12.52
01/23/2021 13:21:00,10,1,4.66,14,1.51,0.96,0.068,0.00,12.38
01/23/2021 13:22:00,10,1,5.02,14,1.79,1.89,0.173,0.00,12.46
01/23/2021 13:23:00,10,1,1.74,15,1.76,1.26,0.112,0.00,12.18
01/23/2021 13:24:00,10,1,7.87,16,1.72,1.15,0.102,0.00,12.13
01/23/2021 13:25:00,10,1,6.53,16,1.47,2.11,0.144,0.00,12.18
01/23/2021 13:26:00,10,1,3.61,17,1.29,2.09,0.118,0.00,12.20
01/23/2021 13:27:00,10,1,8.36,18,1.29,1.40,0.079,0.00,12.18
01/23/2021 13:28:00,10,1,6.14,18,1.47,1.90,0.130,0.00,12.44
01/23/2021 13:29:00,10,1,3.90,19,1.40,2.04,0.129,0.00,12.34
01/23/2021 13:30:00,10,1,2.64,20,1.54,1.99,0.146,0.00,12.35
01/23/2021 13:31:00,10,1,1.33,21,1.47,2.12,0.145,0.00,12.35
01/23/2021 13:32:00,10,1,9.12,22,1.26,2.40,0.130,0.00,12.14
01/23/2021 13:33:00,10,1,5.41,22,1.15,2.21,0.105,0.00,12.18
01/23/2021 13:34:00,10,1,9.60,23,1.04,1.70,0.070,0.00,12.21
01/23/2021 13:35:00,10,1,1.88,23,1.04,0.93,0.038,0.00,12.45
01/23/2021 13:36:00,10,1,4.05,24,0.97,0.98,0.036,0.00,12.33
01/23/2021 13:37:00,10,1,6.08,24,0.94,0.97,0.034,0.00,12.45
01/23/2021 13:38:00,10,1,7.86,24,0.83,1.02,0.030,0.00,12.47
01/23/2021 13:39:00,10,1,9.38,24,0.83,0.87,0.025,0.00,12.50
01/23/2021 13:40:00,10,1,0.50,24,0.76,0.73,0.019,0.00,12.50
01/23/2021 13:41:00,10,1,1.51,25,0.68,0.77,0.017,0.00,12.39
01/23/2021 13:42:00,10,1,2.34,25,0.61,0.74,0.014,0.00,12.47
01/23/2021 13:43:00,10,1,3.35,25,0.76,0.66,0.017,0.00,12.49
01/23/2021 13:44:00,10,1,4.19,25,0.61,0.75,0.014,0.00,12.50
01/23/2021 13:45:00,10,1,5.08,25,0.65,0.73,0.015,0.00,12.52
01/23/2021 13:46:00,10,1,5.97,25,0.65,0.73,0.015,0.00,12.52
01/23/2021 13:47:00,10,1,6.60,25,0.54,0.68,0.010,0.00,12.52
01/23/2021 13:48:00,10,1,7.45,25,0.61,0.76,0.014,0.00,12.53
01/23/2021 13:49:00,10,1,8.19,25,0.58,0.72,0.012,0.00,12.53
01/23/2021 13:50:00,10,1,8.89,25,0.58,0.69,0.012,0.00,12.54
01/23/2021 13:51:00,10,1,9.64,25,0.61,0.67,0.012,0.00,12.54
01/23/2021 13:52:00,10,1,0.33,25,0.58,0.68,0.012,0.00,12.54
01/23/2021 13:53:00,10,1,0.91,26,0.51,0.69,0.010,0.00,12.36
01/23/2021 13:54:00,10,1,1.39,26,0.47,0.63,0.008,0.00,12.47
01/23/2021 13:55:00,10,1,1.95,26,0.54,0.61,0.009,0.00,12.50
01/23/2021 13:56:00,10,1,2.45,26,0.51,0.59,0.008,0.00,12.51
01/23/2021 13:57:00,10,1,2.88,26,0.47,0.57,0.007,0.00,12.26
01/23/2021 13:58:00,10,1,3.38,26,0.51,0.59,0.008,0.00,12.23
01/23/2021 13:59:00,10,1,3.77,26,0.47,0.53,0.007,0.00,12.30
01/23/2021 14:00:00,10,1,4.15,26,0.47,0.50,0.006,0.00,12.32
01/23/2021 14:01:00,10,1,4.50,26,0.47,0.46,0.006,0.00,12.50
01/23/2021 14:02:00,10,1,4.78,26,0.43,0.42,0.005,0.00,12.52
01/23/2021 14:03:00,10,1,5.08,26,0.43,0.44,0.005,0.00,12.52
01/23/2021 14:04:00,10,1,5.32,26,0.40,0.42,0.004,0.00,12.52
01/23/2021 14:05:00,10,1,5.54,26,0.40,0.37,0.004,0.00,12.53
01/23/2021 14:06:00,10,1,5.85,26,0.43,0.45,0.005,0.00,12.53
01/23/2021 14:07:00,10,1,6.09,26,0.40,0.41,0.004,0.00,12.54
01/23/2021 14:08:00,10,1,6.44,26,0.43,0.52,0.006,0.00,12.54
01/23/2021 14:09:00,10,1,7.01,26,0.47,0.76,0.010,0.00,12.54
01/23/2021 14:10:00,10,1,7.71,26,0.54,0.75,0.012,0.00,12.54
01/23/2021 14:11:00,10,1,8.92,26,0.65,1.00,0.020,0.00,12.54
01/23/2021 14:12:00,10,1,0.68,26,0.83,1.00,0.029,0.00,12.54
01/23/2021 14:13:00,10,1,3.01,27,1.01,1.00,0.039,0.00,12.22
01/23/2021 14:14:00,10,1,7.54,27,1.04,1.84,0.076,0.00,12.47
01/23/2021 14:15:00,10,1,2.04,27,1.04,1.82,0.075,0.00,12.49
01/23/2021 14:16:00,10,1,7.07,28,1.01,2.15,0.084,0.00,12.38
01/23/2021 14:17:00,10,1,2.46,28,1.15,1.89,0.090,0.00,12.46
01/23/2021 14:18:00,10,1,7.94,29,1.11,2.02,0.091,0.00,12.22
01/23/2021 14:19:00,10,1,3.46,29,1.11,1.90,0.092,0.00,12.21
01/23/2021 14:20:00,10,1,7.57,30,0.94,1.96,0.068,0.00,12.22
01/23/2021 14:21:00,10,1,1.79,30,0.94,2.01,0.070,0.00,12.46
01/23/2021 14:22:00,10,1,6.85,31,1.01,2.16,0.084,0.00,12.35
01/23/2021 14:23:00,10,1,2.35,31,1.08,2.13,0.092,0.00,12.19
01/23/2021 14:24:00,10,1,7.72,32,1.08,2.07,0.089,0.00,12.24
01/23/2021 14:25:00,10,1,3.70,32,1.15,2.10,0.100,0.00,12.27
01/23/2021 14:26:00,10,1,9.83,33,1.15,2.15,0.102,0.00,12.34
01/23/2021 14:27:00,10,1,5.23,33,1.11,1.98,0.090,0.00,12.45
01/23/2021 14:28:00,10,1,0.86,34,1.11,2.07,0.094,0.00,12.37
01/23/2021 14:29:00,10,1,7.09,35,1.15,2.18,0.104,0.00,12.18
01/23/2021 14:30:00,10,1,3.78,35,1.15,2.35,0.111,0.00,12.44
01/23/2021 14:31:00,10,1,0.07,36,1.11,2.31,0.105,0.00,12.21
01/23/2021 14:32:00,10,1,8.41,37,1.29,2.46,0.139,0.00,12.23
01/23/2021 14:33:00,10,1,5.50,37,1.29,2.09,0.118,0.00,12.27
01/23/2021 14:34:00,10,1,2.88,38,1.29,2.18,0.123,0.00,12.34
01/23/2021 14:35:00,10,1,0.17,39,1.29,2.15,0.122,0.00,12.36
01/23/2021 14:36:00,10,1,7.58,40,1.26,2.28,0.123,0.00,12.36
01/23/2021 14:37:00,20,1,14.06,0,1.19,2.17,0.108,0.00,12.44
01/23/2021 14:38:00,20,1,0.51,0,1.19,2.16,0.107,0.00,12.12
01/23/2021 14:39:00,20,1,5.77,1,1.11,1.94,0.088,0.00,12.24
01/23/2021 14:40:00,20,1,11.32,1,1.15,1.95,0.093,0.00,12.19
01/23/2021 14:41:00,20,1,14.11,1,1.11,1.02,0.046,0.00,12.29
01/23/2021 14:42:00,20,1,16.92,1,1.11,1.04,0.047,0.00,12.48
01/23/2021 14:43:00,20,1,19.58,1,1.11,0.98,0.044,0.00,12.49
01/23/2021 14:44:00,20,1,2.31,1,1.01,1.17,0.046,0.00,12.50
01/23/2021 14:45:00,20,1,4.32,2,0.86,1.08,0.033,0.00,12.23
01/23/2021 14:46:00,20,1,6.67,2,0.94,1.12,0.039,0.00,12.45
01/23/2021 14:47:00,20,1,8.48,2,0.79,1.10,0.030,0.00,12.48
01/23/2021 14:48:00,20,1,10.22,2,0.83,0.99,0.029,0.00,12.50
01/23/2021 14:49:00,20,1,11.72,2,0.79,0.92,0.025,0.00,12.51
01/23/2021 14:50:00,20,1,13.05,2,0.76,0.87,0.022,0.00,12.52
01/23/2021 14:51:00,20,1,14.21,2,0.72,0.81,0.019,0.00,12.52
01/23/2021 14:52:00,20,1,15.32,2,0.72,0.78,0.018,0.00,12.52
01/23/2021 14:53:00,20,1,16.15,2,0.65,0.68,0.014,0.00,12.52
01/23/2021 14:54:00,20,1,17.00,2,0.68,0.64,0.014,0.00,12.53
01/23/2021 14:55:00,20,1,18.06,2,0.68,0.80,0.018,0.00,12.53
01/23/2021 14:56:00,20,1,18.81,2,0.58,0.73,0.013,0.00,12.53
01/23/2021 14:57:00,20,1,19.51,2,0.58,0.68,0.012,0.00,12.53
01/23/2021 14:58:00,20,1,0.48,2,0.68,0.73,0.016,0.00,12.53
01/23/2021 14:59:00,20,1,1.90,3,0.72,1.00,0.024,0.00,12.35
01/23/2021 15:00:00,20,1,3.31,3,0.72,0.99,0.023,0.00,12.46
01/23/2021 15:01:00,20,1,5.51,3,0.90,1.11,0.037,0.00,12.48
01/23/2021 15:02:00,20,1,7.58,3,0.94,0.99,0.035,0.00,12.50
01/23/2021 15:03:00,20,1,10.19,3,0.97,1.17,0.043,0.00,12.51
01/23/2021 15:04:00,20,1,14.81,3,1.11,1.70,0.077,0.00,12.52
01/23/2021 15:05:00,20,1,19.66,3,1.04,1.97,0.081,0.00,12.52
01/23/2021 15:06:00,20,1,3.41,3,1.04,1.52,0.062,0.00,12.52
01/23/2021 15:07:00,20,1,8.51,4,1.04,2.07,0.085,0.00,12.40
01/23/2021 15:08:00,20,1,13.50,4,1.01,2.13,0.083,0.00,12.46
01/23/2021 15:09:00,20,1,17.66,4,1.22,1.34,0.069,0.00,12.49
01/23/2021 15:10:00,20,1,8.87,4,1.69,2.23,0.187,0.00,12.50
01/23/2021 15:11:00,20,1,2.49,5,1.97,2.16,0.227,0.00,12.38
01/23/2021 15:12:00,20,1,0.35,6,2.12,2.56,0.298,0.00,12.33
01/23/2021 15:13:00,20,1,15.02,7,1.93,2.41,0.244,0.00,12.34
01/23/2021 15:14:00,20,1,8.65,7,1.90,2.28,0.227,0.00,12.44
01/23/2021 15:15:00,20,1,2.32,8,1.90,2.29,0.228,0.00,12.37
01/23/2021 15:16:00,20,1,15.67,9,2.04,2.01,0.222,0.00,12.35
01/23/2021 15:17:00,20,1,8.75,9,1.94,2.13,0.218,0.00,12.44
01/23/2021 15:18:00,20,1,18.60,10,1.54,2.24,0.164,0.00,12.19
01/23/2021 15:19:00,20,1,8.42,10,1.58,2.16,0.164,0.00,12.44
01/23/2021 15:20:00,20,1,17.24,11,1.54,2.00,0.147,0.00,12.18
01/23/2021 15:21:00,20,1,4.76,11,1.40,1.97,0.125,0.00,12.45
01/23/2021 15:22:00,20,1,13.42,12,1.36,2.36,0.144,0.00,12.34
01/23/2021 15:23:00,20,1,1.45,12,1.33,2.27,0.134,0.00,12.45
01/23/2021 15:24:00,20,1,8.07,13,1.19,2.22,0.110,0.00,12.14
01/23/2021 15:25:00,20,1,13.46,13,1.01,2.30,0.090,0.00,12.18
01/23/2021 15:26:00,20,1,19.81,13,1.11,2.13,0.106,0.00,12.20
01/23/2021 15:27:00,20,1,5.71,13,1.15,2.07,0.098,0.00,12.30
01/23/2021 15:28:00,20,1,11.15,14,1.15,1.91,0.091,0.00,12.37
01/23/2021 15:29:00,20,1,15.88,14,1.08,1.82,0.079,0.00,12.45
01/23/2021 15:30:00,20,1,1.39,14,1.15,1.93,0.092,0.00,12.47
01/23/2021 15:31:00,20,1,6.00,15,1.19,1.55,0.077,0.00,12.37
01/23/2021 15:32:00,20,1,9.03,15,1.11,1.12,0.051,0.00,12.45
01/23/2021 15:33:00,20,1,12.24,15,1.11,1.18,0.053,0.00,12.47
01/23/2021 15:34:00,20,1,17.05,15,1.15,1.69,0.080,0.00,12.48
01/23/2021 15:35:00,20,1,1.13,15,1.15,1.43,0.068,0.00,12.50
01/23/2021 15:36:00,20,1,6.06,16,1.08,1.81,0.082,0.00,12.36
01/23/2021 15:37:00,20,1,10.12,16,1.15,1.71,0.068,0.00,12.21
01/23/2021 15:38:00,20,1,14.82,16,1.04,1.88,0.078,0.00,12.20
01/23/2021 15:39:00,20,1,19.29,16,1.01,1.91,0.074,0.00,12.30
01/23/2021 15:40:00,20,1,3.77,16,1.01,1.91,0.075,0.00,12.48
01/23/2021 15:41:00,20,1,8.98,17,1.11,1.91,0.087,0.00,12.38
01/23/2021 15:42:00,20,1,12.90,17,1.19,1.32,0.065,0.00,12.45
01/23/2021 15:43:00,20,1,15.48,17,0.97,1.16,0.043,0.00,12.48
01/23/2021 15:44:00,20,1,18.58,17,1.15,1.09,0.052,0.00,12.50
01/23/2021 15:45:00,20,1,1.25,17,1.11,0.98,0.044,0.00,12.34
01/23/2021 15:46:00,20,1,3.64,18,1.01,1.03,0.040,0.00,12.16
01/23/2021 15:47:00,20,1,6.36,18,1.11,1.00,0.045,0.00,12.26
01/23/2021 15:48:00,20,1,8.85,18,1.11,0.92,0.042,0.00,12.29
01/23/2021 15:49:00,20,1,11.24,18,1.11,0.88,0.040,0.00,12.48
01/23/2021 15:50:00,20,1,13.56,18,1.01,0.99,0.039,0.00,12.49
01/23/2021 15:51:00,20,1,16.04,18,1.08,0.96,0.041,0.00,12.50
01/23/2021 15:52:00,20,1,18.16,18,0.94,1.01,0.035,0.00,12.50
01/23/2021 15:53:00,20,1,0.38,18,0.97,1.00,0.037,0.00,12.51
01/23/2021 15:54:00,20,1,2.86,19,0.97,1.12,0.041,0.00,12.22
01/23/2021 15:55:00,20,1,4.74,19,0.79,1.14,0.031,0.00,12.27
01/23/2021 15:56:00,20,1,6.47,19,0.83,0.99,0.029,0.00,12.21
01/23/2021 15:57:00,20,1,8.02,19,0.76,1.01,0.026,0.00,12.21
01/23/2021 15:58:00,20,1,9.59,19,0.79,0.96,0.026,0.00,12.28
01/23/2021 15:59:00,20,1,11.00,19,0.72,0.99,0.024,0.00,12.49
01/23/2021 16:00:00,20,1,12.25,19,0.76,0.81,0.021,0.00,12.31
01/23/2021 16:01:00,20,1,13.43,19,0.72,0.83,0.020,0.00,12.30
01/23/2021 16:02:00,20,1,14.43,19,0.65,0.82,0.017,0.00,12.31
01/23/2021 16:03:00,20,1,15.28,19,0.65,0.70,0.014,0.00,12.50
01/23/2021 16:04:00,20,1,16.37,19,0.72,0.76,0.018,0.00,12.50
01/23/2021 16:05:00,20,1,17.38,19,0.68,0.77,0.017,0.00,12.50
01/23/2021 16:06:00,20,1,18.38,19,0.68,0.75,0.017,0.00,12.51
01/23/2021 16:07:00,20,1,19.15,19,0.61,0.69,0.013,0.00,12.24
01/23/2021 16:08:00,20,1,19.92,19,0.61,0.69,0.013,0.00,12.23
01/23/2021 16:09:00,20,1,0.70,19,0.58,0.75,0.013,0.00,12.31
01/23/2021 16:10:00,20,1,1.40,20,0.58,0.69,0.012,0.00,12.21
01/23/2021 16:11:00,40,1,2.22,0,0.61,0.74,0.014,0.00,12.45
01/23/2021 16:12:00,40,1,3.21,0,0.65,0.81,0.016,0.00,12.47
01/23/2021 16:13:00,40,1,4.28,0,0.68,0.81,0.018,0.00,12.49
01/23/2021 16:14:00,40,1,5.04,0,0.61,0.68,0.013,0.00,12.50
01/23/2021 16:15:00,40,1,5.81,0,0.54,0.83,0.013,0.00,12.50
01/23/2021 16:16:00,40,1,6.76,0,0.65,0.78,0.016,0.00,12.51
01/23/2021 16:17:00,40,1,7.68,0,0.61,0.82,0.015,0.00,12.52
01/23/2021 16:18:00,40,1,8.74,0,0.68,0.80,0.018,0.00,12.52
01/23/2021 16:19:00,40,1,9.89,0,0.68,0.87,0.019,0.00,12.52
01/23/2021 16:20:00,40,1,11.10,0,0.65,0.99,0.020,0.00,12.52
01/23/2021 16:21:00,40,1,12.59,0,0.76,0.97,0.025,0.00,12.52
01/23/2021 16:22:00,40,1,13.96,0,0.72,0.96,0.023,0.00,12.52
01/23/2021 16:23:00,40,1,15.60,0,0.83,0.94,0.027,0.00,12.52
01/23/2021 16:24:00,40,1,17.30,0,0.83,0.97,0.028,0.00,12.52
01/23/2021 16:25:00,40,1,18.75,0,0.76,0.95,0.024,0.00,12.52
01/23/2021 16:26:00,40,1,20.35,0,0.79,0.98,0.027,0.00,12.52
01/23/2021 16:27:00,40,1,21.92,0,0.76,1.02,0.026,0.00,12.52
01/23/2021 16:28:00,40,1,23.06,0,0.68,0.86,0.019,0.00,12.53
01/23/2021 16:29:00,40,1,24.39,0,0.76,0.87,0.022,0.00,12.53
01/23/2021 16:30:00,40,1,25.67,0,0.76,0.83,0.021,0.00,12.53
01/23/2021 16:31:00,40,1,26.61,0,0.65,0.77,0.016,0.00,12.53
01/23/2021 16:32:00,40,1,27.52,0,0.61,0.81,0.015,0.00,12.53
01/23/2021 16:33:00,40,1,28.61,0,0.68,0.82,0.018,0.00,12.53
01/23/2021 16:34:00,40,1,29.62,0,0.68,0.76,0.017,0.00,12.53
01/23/2021 16:35:00,40,1,30.56,0,0.68,0.72,0.016,0.00,12.53
01/23/2021 16:36:00,40,1,31.59,0,0.68,0.78,0.017,0.00,12.53
01/23/2021 16:37:00,40,1,32.64,0,0.68,0.80,0.018,0.00,12.53
01/23/2021 16:38:00,40,1,33.71,0,0.65,0.88,0.018,0.00,12.53
01/23/2021 16:39:00,40,1,34.69,0,0.68,0.74,0.016,0.00,12.53
01/23/2021 16:40:00,40,1,35.72,0,0.68,0.77,0.017,0.00,12.53
01/23/2021 16:41:00,40,1,36.69,0,0.68,0.74,0.016,0.00,12.53
01/23/2021 16:42:00,40,1,37.63,0,0.65,0.77,0.016,0.00,12.53
01/23/2021 16:43:00,40,1,38.57,0,0.65,0.77,0.016,0.00,12.53
01/23/2021 16:44:00,40,1,39.52,0,0.72,0.67,0.016,0.00,12.53
01/23/2021 16:45:00,40,1,0.46,0,0.68,0.71,0.016,0.00,12.54
01/23/2021 16:46:00,40,1,1.52,1,0.72,0.74,0.018,0.00,12.39
01/23/2021 16:47:00,40,1,2.37,1,0.65,0.69,0.014,0.00,12.46
01/23/2021 16:48:00,40,1,3.35,1,0.65,0.81,0.016,0.00,12.48
01/23/2021 16:49:00,40,1,4.30,1,0.65,0.78,0.016,0.00,12.50
01/23/2021 16:50:00,40,1,5.17,1,0.65,0.71,0.014,0.00,12.50
01/23/2021 16:51:00,40,1,5.80,1,0.54,0.67,0.010,0.00,12.32
01/23/2021 16:52:00,40,1,6.35,1,0.51,0.65,0.009,0.00,12.23
01/23/2021 16:53:00,40,1,7.04,1,0.58,0.67,0.012,0.00,12.21
01/23/2021 16:54:00,40,1,7.48,1,0.47,0.59,0.007,0.00,12.30
01/23/2021 16:55:00,40,1,8.03,1,0.47,0.72,0.009,0.00,12.49
01/23/2021 16:56:00,40,1,8.69,1,0.58,0.65,0.011,0.00,12.50
01/23/2021 16:57:00,40,1,9.34,1,0.58,0.63,0.011,0.00,12.50
01/23/2021 16:58:00,40,1,9.91,1,0.54,0.60,0.009,0.00,12.51
01/23/2021 16:59:00,40,1,10.46,1,0.54,0.60,0.009,0.00,12.51
01/23/2021 17:00:00,40,1,10.98,1,0.54,0.56,0.009,0.00,12.52
01/23/2021 17:01:00,40,1,11.49,1,0.51,0.61,0.009,0.00,12.52
01/23/2021 17:02:00,40,1,11.91,1,0.51,0.49,0.007,0.00,12.52
01/23/2021 17:03:00,40,1,12.37,1,0.51,0.55,0.008,0.00,12.52
01/23/2021 17:04:00,40,1,12.74,1,0.47,0.48,0.006,0.00,12.52
01/23/2021 17:05:00,40,1,13.07,1,0.43,0.50,0.006,0.00,12.52
01/23/2021 17:06:00,40,1,13.45,1,0.47,0.50,0.006,0.00,12.52
01/23/2021 17:07:00,40,1,13.75,1,0.43,0.46,0.005,0.00,12.52
01/23/2021 17:08:00,40,1,14.02,1,0.40,0.45,0.004,0.00,12.52
01/23/2021 17:09:00,40,1,14.24,1,0.40,0.38,0.004,0.00,12.52
01/23/2021 17:10:00,40,1,14.48,1,0.40,0.41,0.004,0.00,12.53
01/23/2021 17:11:00,40,1,14.70,1,0.40,0.38,0.004,0.00,12.53
01/23/2021 17:12:00,40,1,14.97,1,0.43,0.39,0.004,0.00,12.53
01/23/2021 17:13:00,40,1,15.19,1,0.40,0.37,0.004,0.00,12.53
01/23/2021 17:14:00,40,1,15.36,1,0.36,0.35,0.003,0.00,12.53
01/23/2021 17:15:00,40,1,15.57,1,0.40,0.35,0.003,0.00,12.53
01/23/2021 17:16:00,40,1,15.74,1,0.36,0.33,0.003,0.00,12.53
01/23/2021 17:17:00,40,1,15.93,1,0.36,0.36,0.003,0.00,12.53
01/23/2021 17:18:00,40,1,16.14,1,0.40,0.37,0.004,0.00,12.53
01/23/2021 17:19:00,40,1,16.30,1,0.36,0.30,0.003,0.00,12.54
01/23/2021 17:20:00,40,1,16.44,1,0.36,0.27,0.002,0.00,12.54
01/23/2021 17:21:00,40,1,16.56,1,0.36,0.25,0.002,0.00,12.53
01/23/2021 17:22:00,40,1,16.71,1,0.36,0.28,0.002,0.00,12.53
01/23/2021 17:23:00,40,1,16.84,1,0.33,0.30,0.002,0.00,12.54
01/23/2021 17:24:00,40,1,16.97,1,0.33,0.29,0.002,0.00,12.53
01/23/2021 17:25:00,40,1,17.08,1,0.33,0.24,0.002,0.00,12.54
01/23/2021 17:26:00,40,1,17.21,1,0.33,0.30,0.002,0.00,12.53
01/23/2021 17:27:00,40,1,17.32,1,0.33,0.26,0.002,0.00,12.53
01/23/2021 17:28:00,40,1,17.44,1,0.33,0.27,0.002,0.00,12.53
01/23/2021 17:29:00,40,1,17.57,1,0.33,0.30,0.002,0.00,12.53
01/23/2021 17:30:00,40,1,17.69,1,0.33,0.27,0.002,0.00,12.53
01/23/2021 17:31:00,40,1,17.77,1,0.29,0.20,0.001,0.00,12.53
01/23/2021 17:32:00,40,1,17.87,1,0.29,0.28,0.002,0.00,12.53
01/23/2021 17:33:00,40,1,18.00,1,0.29,0.35,0.002,0.00,12.28
01/23/2021 17:34:00,40,1,18.04,1,0.15,0.29,0.001,0.00,12.32
01/23/2021 17:35:00,40,1,18.14,1,0.29,0.27,0.002,0.00,12.30
01/23/2021 17:36:00,40,1,18.22,1,0.26,0.26,0.001,0.00,12.31
01/23/2021 17:37:00,40,1,18.29,1,0.26,0.24,0.001,0.00,12.50
01/23/2021 17:38:00,40,1,18.37,1,0.26,0.28,0.001,0.00,12.50
01/23/2021 17:39:00,40,1,18.48,1,0.29,0.29,0.002,0.00,12.50
01/23/2021 17:40:00,40,1,18.57,1,0.29,0.25,0.002,0.00,12.51
01/23/2021 17:41:00,40,1,18.69,1,0.29,0.30,0.002,0.00,12.51
01/23/2021 17:42:00,40,1,18.71,1,0.11,0.25,0.000,0.00,12.52
01/23/2021 17:43:00,40,1,18.77,1,0.22,0.25,0.001,0.00,12.52
01/23/2021 17:44:00,40,1,18.84,1,0.26,0.23,0.001,0.00,12.52
01/23/2021 17:45:00,40,1,18.89,1,0.22,0.19,0.001,0.00,12.52
01/23/2021 17:46:00,40,1,18.95,1,0.22,0.26,0.001,0.00,12.52
01/23/2021 17:47:00,40,1,19.00,1,0.18,0.28,0.001,0.00,12.52
01/23/2021 17:48:00,40,1,19.05,1,0.26,0.16,0.001,0.00,12.52
01/23/2021 17:49:00,40,1,19.12,1,0.26,0.23,0.001,0.00,12.52
01/23/2021 17:50:00,40,1,19.16,1,0.18,0.20,0.001,0.00,12.52
01/23/2021 17:51:00,40,1,19.19,1,0.26,0.11,0.001,0.00,12.52
01/23/2021 17:52:00,40,1,19.26,1,0.22,0.31,0.001,0.00,12.52
01/23/2021 17:53:00,40,1,19.30,1,0.22,0.16,0.001,0.00,12.52
01/23/2021 17:54:00,40,1,19.30,1,0.00,0.14,0.000,0.00,12.52
01/23/2021 17:55:00,40,1,19.34,1,0.15,0.26,0.001,0.00,12.52
01/23/2021 17:56:00,40,1,19.39,1,0.18,0.25,0.001,0.00,12.52
01/23/2021 17:57:00,40,1,19.41,1,0.18,0.14,0.000,0.00,12.52
01/23/2021 17:58:00,40,1,19.45,1,0.26,0.13,0.001,0.00,12.52
01/23/2021 17:59:00,40,1,19.49,1,0.22,0.16,0.001,0.00,12.52
01/23/2021 18:00:00,40,1,19.51,1,0.15,0.15,0.000,0.00,12.52
01/23/2021 18:01:00,40,1,19.55,1,0.22,0.16,0.001,0.00,12.52
01/23/2021 18:02:00,40,1,19.59,1,0.18,0.22,0.001,0.00,12.53
01/23/2021 18:03:00,40,1,19.61,1,0.22,0.10,0.000,0.00,12.52
01/23/2021 18:04:00,40,1,19.66,1,0.18,0.22,0.001,0.00,12.52
01/23/2021 18:05:00,40,1,19.69,1,0.22,0.12,0.000,0.00,12.52
01/23/2021 18:06:00,40,1,19.70,1,0.18,0.10,0.000,0.00,12.52
01/23/2021 18:07:00,40,1,19.73,1,0.22,0.10,0.000,0.00,12.52
01/23/2021 18:08:00,40,1,19.75,1,0.22,0.10,0.000,0.00,12.52
01/23/2021 18:09:00,40,1,19.81,1,0.18,0.30,0.001,0.00,12.52
01/23/2021 18:10:00,40,1,19.89,1,0.26,0.28,0.001,0.00,12.52
01/23/2021 18:11:00,40,1,19.93,1,0.22,0.17,0.001,0.00,12.34
01/23/2021 18:12:00,40,1,19.93,,,,,,
01/23/2021 18:13:00,40,1,19.93,,,,,,
01/23/2021 18:14:00,40,1,19.93,,,,,,
01/23/2021 18:15:00,40,1,19.93,1,0.22,0.17,0.001,0.00,12.47
01/23/2021 18:16:00,40,1,19.93,,,,,,
01/23/2021 18:17:00,40,1,19.93,,,,,,
01/23/2021 18:18:00,40,1,19.93,,,,,,
