Date Time,SamplePacin,BottleNum,Incr_Flow,AliquotNum,Level_950,Vel_950,Flow_950,Level_PT,Flow _PT,Level_PTnew
MM/dd/yyyy hh:mm:ss,gal,,gal,ali,in,fps,gpm,in,gpm,in
03/10/2021 00:00:00,5000,1,0.00,0,0.10,0.40,0.288,-0.09,0.000,-0.64
03/10/2021 00:01:00,5000,1,0.00,,,,,,,-0.64
03/10/2021 00:02:00,5000,1,0.00,,,,,,,-0.64
03/10/2021 00:03:00,5000,1,0.00,,,,,,,-0.63
03/10/2021 00:04:00,5000,1,0.00,,,,,,,-0.64
03/10/2021 00:05:00,5000,1,0.00,0,0.10,0.40,0.288,-0.10,0.000,-0.65
03/10/2021 00:06:00,5000,1,0.00,,,,,,,-0.65
03/10/2021 00:07:00,5000,1,0.00,,,,,,,-0.64
03/10/2021 00:08:00,5000,1,0.00,,,,,,,-0.65
03/10/2021 00:09:00,5000,1,0.00,,,,,,,-0.64
03/10/2021 00:10:00,5000,1,0.00,0,0.10,0.40,0.288,-0.10,0.000,-0.64
03/10/2021 00:11:00,5000,1,0.00,,,,,,,-0.65
03/10/2021 00:12:00,5000,1,0.00,,,,,,,-0.64
03/10/2021 00:13:00,5000,1,0.00,,,,,,,-0.64
03/10/2021 00:14:00,5000,1,0.00,,,,,,,-0.65
03/10/2021 00:15:00,5000,1,0.00,0,0.10,0.40,0.288,-0.09,0.000,-0.64
03/10/2021 00:16:00,5000,1,0.00,,,,,,,-0.64
03/10/2021 00:17:00,5000,1,0.00,,,,,,,-0.64
03/10/2021 00:18:00,5000,1,0.00,,,,,,,-0.44
03/10/2021 00:19:00,5000,1,0.00,,,,,,,-0.45
03/10/2021 00:20:00,5000,1,0.00,0,0.10,0.40,0.288,0.29,0.000,-0.43
03/10/2021 00:21:00,5000,1,0.00,,,,,,,-0.44
03/10/2021 00:22:00,5000,1,0.00,,,,,,,-0.35
03/10/2021 00:23:00,5000,1,0.00,,,,,,,-0.39
03/10/2021 00:24:00,5000,1,0.00,,,,,,,-0.36
03/10/2021 00:25:00,5000,1,0.00,0,0.23,0.41,1.046,0.36,0.000,-0.44
03/10/2021 00:26:00,5000,1,0.00,,,,,,,-0.26
03/10/2021 00:27:00,5000,1,0.00,,,,,,,-0.33
03/10/2021 00:28:00,5000,1,0.00,,,,,,,-0.38
03/10/2021 00:29:00,5000,1,0.00,,,,,,,-0.38
03/10/2021 00:30:00,5000,1,0.00,0,0.28,0.40,1.324,0.42,0.000,-0.36
03/10/2021 00:31:00,5000,1,0.00,,,,,,,-0.21
03/10/2021 00:32:00,5000,1,0.00,,,,,,,-0.20
03/10/2021 00:33:00,5000,1,0.00,,,,,,,-0.40
03/10/2021 00:34:00,5000,1,0.00,,,,,,,-0.45
03/10/2021 00:35:00,5000,1,0.00,0,0.10,0.47,0.334,0.12,0.000,-0.46
03/10/2021 00:36:00,5000,1,0.00,,,,,,,-0.54
03/10/2021 00:37:00,5000,1,0.00,,,,,,,-0.55
03/10/2021 00:38:00,5000,1,0.00,,,,,,,-0.58
03/10/2021 00:39:00,5000,1,0.00,,,,,,,-0.61
03/10/2021 00:40:00,5000,1,0.00,0,0.10,0.88,0.632,-0.06,0.000,-0.63
03/10/2021 00:41:00,5000,1,0.00,,,,,,,-0.63
03/10/2021 00:42:00,5000,1,0.00,,,,,,,-0.63
03/10/2021 00:43:00,5000,1,0.00,,,,,,,-0.63
03/10/2021 00:44:00,5000,1,0.00,,,,,,,-0.63
03/10/2021 00:45:00,5000,1,0.00,0,0.10,0.40,0.288,-0.06,0.000,-0.63
03/10/2021 00:46:00,5000,1,0.00,,,,,,,-0.63
03/10/2021 00:47:00,5000,1,0.00,,,,,,,-0.63
03/10/2021 00:48:00,5000,1,0.00,,,,,,,-0.63
03/10/2021 00:49:00,5000,1,0.00,,,,,,,-0.62
03/10/2021 00:50:00,5000,1,0.00,0,0.10,0.40,0.288,-0.08,0.000,-0.63
03/10/2021 00:51:00,5000,1,0.00,,,,,,,-0.63
03/10/2021 00:52:00,5000,1,0.00,,,,,,,-0.63
03/10/2021 00:53:00,5000,1,0.00,,,,,,,-0.63
03/10/2021 00:54:00,5000,1,0.00,,,,,,,-0.63
03/10/2021 00:55:00,5000,1,0.00,0,0.10,0.40,0.288,-0.08,0.000,-0.63
03/10/2021 00:56:00,5000,1,0.00,,,,,,,-0.63
03/10/2021 00:57:00,5000,1,0.00,,,,,,,-0.63
03/10/2021 00:58:00,5000,1,0.00,,,,,,,-0.63
03/10/2021 00:59:00,5000,1,0.00,,,,,,,-0.63
03/10/2021 01:00:00,5000,1,0.00,0,0.10,0.40,0.288,-0.06,0.000,-0.63
03/10/2021 01:01:00,5000,1,0.00,,,,,,,-0.63
03/10/2021 01:02:00,5000,1,0.00,,,,,,,-0.63
03/10/2021 01:03:00,5000,1,0.00,,,,,,,-0.63
03/10/2021 01:04:00,5000,1,0.00,,,,,,,-0.63
03/10/2021 01:05:00,5000,1,0.00,0,0.10,0.40,0.288,-0.07,0.000,-0.62
03/10/2021 01:06:00,5000,1,0.00,,,,,,,-0.63
03/10/2021 01:07:00,5000,1,0.00,,,,,,,-0.63
03/10/2021 01:08:00,5000,1,0.00,,,,,,,-0.63
03/10/2021 01:09:00,5000,1,0.00,,,,,,,-0.63
03/10/2021 01:10:00,5000,1,0.00,0,0.10,0.40,0.288,-0.07,0.000,-0.63
03/10/2021 01:11:00,5000,1,0.00,,,,,,,-0.63
03/10/2021 01:12:00,5000,1,0.00,,,,,,,-0.62
03/10/2021 01:13:00,5000,1,0.00,,,,,,,-0.63
03/10/2021 01:14:00,5000,1,0.00,,,,,,,-0.63
03/10/2021 01:15:00,5000,1,0.00,0,0.10,0.40,0.288,-0.08,0.000,-0.62
03/10/2021 01:16:00,5000,1,0.00,,,,,,,-0.63
03/10/2021 01:17:00,5000,1,0.00,,,,,,,-0.63
03/10/2021 01:18:00,5000,1,0.00,,,,,,,-0.63
03/10/2021 01:19:00,5000,1,0.00,,,,,,,-0.64
03/10/2021 01:20:00,5000,1,0.00,0,0.10,0.40,0.288,-0.06,0.000,-0.63
03/10/2021 01:21:00,5000,1,0.00,,,,,,,-0.63
03/10/2021 01:22:00,5000,1,0.00,,,,,,,-0.63
03/10/2021 01:23:00,5000,1,0.00,,,,,,,-0.63
03/10/2021 01:24:00,5000,1,0.00,,,,,,,-0.63
03/10/2021 01:25:00,5000,1,0.00,0,0.10,0.40,0.288,-0.09,0.000,-0.62
03/10/2021 01:26:00,5000,1,0.00,,,,,,,-0.63
03/10/2021 01:27:00,5000,1,0.00,,,,,,,-0.63
03/10/2021 01:28:00,5000,1,0.00,,,,,,,-0.63
03/10/2021 01:29:00,5000,1,0.00,,,,,,,-0.64
03/10/2021 01:30:00,5000,1,0.00,0,0.10,0.40,0.288,-0.07,0.000,-0.63
03/10/2021 01:31:00,5000,1,0.00,,,,,,,-0.64
03/10/2021 01:32:00,5000,1,0.00,,,,,,,-0.63
03/10/2021 01:33:00,5000,1,0.00,,,,,,,-0.63
03/10/2021 01:34:00,5000,1,0.00,,,,,,,-0.62
03/10/2021 01:35:00,5000,1,0.00,0,0.10,0.40,0.288,-0.07,0.000,-0.63
03/10/2021 01:36:00,5000,1,0.00,,,,,,,-0.63
03/10/2021 01:37:00,5000,1,0.00,,,,,,,-0.63
03/10/2021 01:38:00,5000,1,0.00,,,,,,,-0.63
03/10/2021 01:39:00,5000,1,0.00,,,,,,,-0.63
03/10/2021 01:40:00,5000,1,0.00,0,0.10,0.40,0.288,-0.08,0.000,-0.64
03/10/2021 01:41:00,5000,1,0.00,,,,,,,-0.63
03/10/2021 01:42:00,5000,1,0.00,,,,,,,-0.63
03/10/2021 01:43:00,5000,1,0.00,,,,,,,-0.63
03/10/2021 01:44:00,5000,1,0.00,,,,,,,-0.63
03/10/2021 01:45:00,5000,1,0.00,0,0.10,0.40,0.288,-0.08,0.000,-0.63
03/10/2021 01:46:00,5000,1,0.00,,,,,,,-0.63
03/10/2021 01:47:00,5000,1,0.00,,,,,,,-0.63
03/10/2021 01:48:00,5000,1,0.00,,,,,,,-0.63
03/10/2021 01:49:00,5000,1,0.00,,,,,,,-0.63
03/10/2021 01:50:00,5000,1,0.00,0,0.10,0.40,0.288,-0.07,0.000,-0.63
03/10/2021 01:51:00,5000,1,0.00,,,,,,,-0.63
03/10/2021 01:52:00,5000,1,0.00,,,,,,,-0.63
03/10/2021 01:53:00,5000,1,0.00,,,,,,,-0.63
03/10/2021 01:54:00,5000,1,0.00,,,,,,,-0.63
03/10/2021 01:55:00,5000,1,0.00,0,0.10,0.40,0.288,-0.06,0.000,-0.63
03/10/2021 01:56:00,5000,1,0.00,,,,,,,-0.63
03/10/2021 01:57:00,5000,1,0.00,,,,,,,-0.62
03/10/2021 01:58:00,5000,1,0.00,,,,,,,-0.61
03/10/2021 01:59:00,5000,1,0.00,,,,,,,-0.62
03/10/2021 02:00:00,5000,1,0.00,0,0.10,0.40,0.288,-0.06,0.000,-0.62
03/10/2021 02:01:00,5000,1,0.00,,,,,,,-0.62
03/10/2021 02:02:00,5000,1,0.00,,,,,,,-0.62
03/10/2021 02:03:00,5000,1,0.00,,,,,,,-0.62
03/10/2021 02:04:00,5000,1,0.00,,,,,,,-0.61
03/10/2021 02:05:00,5000,1,0.00,0,0.10,0.40,0.288,-0.07,0.000,-0.62
03/10/2021 02:06:00,5000,1,0.00,,,,,,,-0.61
03/10/2021 02:07:00,5000,1,0.00,,,,,,,-0.61
03/10/2021 02:08:00,5000,1,0.00,,,,,,,-0.61
03/10/2021 02:09:00,5000,1,0.00,,,,,,,-0.60
03/10/2021 02:10:00,5000,1,0.00,0,0.10,0.83,0.599,0.34,0.000,-0.36
03/10/2021 02:11:00,5000,1,0.00,,,,,,,-0.20
03/10/2021 02:12:00,5000,1,0.00,,,,,,,-0.11
03/10/2021 02:13:00,5000,1,0.00,,,,,,,-0.08
03/10/2021 02:14:00,5000,1,0.00,,,,,,,-0.18
03/10/2021 02:15:00,5000,1,0.00,0,0.49,0.40,3.109,0.48,0.000,-0.16
03/10/2021 02:16:00,5000,1,0.00,,,,,,,-0.13
03/10/2021 02:17:00,5000,1,0.00,,,,,,,-0.15
03/10/2021 02:18:00,5000,1,0.00,,,,,,,-0.18
03/10/2021 02:19:00,5000,1,0.00,,,,,,,-0.18
03/10/2021 02:20:00,5000,1,0.00,0,0.40,0.48,2.809,0.41,0.000,-0.18
03/10/2021 02:21:00,5000,1,0.00,,,,,,,-0.18
03/10/2021 02:22:00,5000,1,0.00,,,,,,,-0.29
03/10/2021 02:23:00,5000,1,0.00,,,,,,,-0.29
03/10/2021 02:24:00,5000,1,0.00,,,,,,,-0.32
03/10/2021 02:25:00,5000,1,0.00,0,0.28,0.40,1.324,0.28,0.000,-0.31
03/10/2021 02:26:00,5000,1,0.00,,,,,,,-0.33
03/10/2021 02:27:00,5000,1,0.00,,,,,,,-0.31
03/10/2021 02:28:00,5000,1,0.00,,,,,,,-0.32
03/10/2021 02:29:00,5000,1,0.00,,,,,,,-0.29
03/10/2021 02:30:00,5000,1,0.00,0,0.23,0.40,1.031,0.29,0.000,-0.32
03/10/2021 02:31:00,5000,1,0.00,,,,,,,-0.21
03/10/2021 02:32:00,5000,1,0.00,,,,,,,-0.09
03/10/2021 02:33:00,5000,1,0.00,,,,,,,-0.12
03/10/2021 02:34:00,5000,1,0.00,,,,,,,-0.06
03/10/2021 02:35:00,5000,1,0.00,0,0.49,0.68,5.261,0.50,0.000,-0.12
03/10/2021 02:36:00,5000,1,0.00,,,,,,,-0.09
03/10/2021 02:37:00,5000,1,0.00,,,,,,,-0.12
03/10/2021 02:38:00,5000,1,0.00,,,,,,,-0.16
03/10/2021 02:39:00,5000,1,0.00,,,,,,,-0.15
03/10/2021 02:40:00,5000,1,0.00,0,0.40,0.58,3.405,0.43,0.000,-0.15
03/10/2021 02:41:00,5000,1,0.00,,,,,,,-0.12
03/10/2021 02:42:00,5000,1,0.00,,,,,,,-0.14
03/10/2021 02:43:00,5000,1,0.00,,,,,,,-0.20
03/10/2021 02:44:00,5000,1,0.00,,,,,,,-0.24
03/10/2021 02:45:00,5000,1,0.00,0,0.23,0.40,1.031,0.22,0.000,-0.32
03/10/2021 02:46:00,5000,1,0.00,,,,,,,-0.36
03/10/2021 02:47:00,5000,1,0.00,,,,,,,-0.41
03/10/2021 02:48:00,5000,1,0.00,,,,,,,-0.41
03/10/2021 02:49:00,5000,1,0.00,,,,,,,-0.43
03/10/2021 02:50:00,5000,1,0.00,0,0.10,0.41,0.294,-0.04,0.000,-0.46
03/10/2021 02:51:00,5000,1,0.00,,,,,,,-0.48
03/10/2021 02:52:00,5000,1,0.00,,,,,,,-0.49
03/10/2021 02:53:00,5000,1,0.00,,,,,,,-0.52
03/10/2021 02:54:00,5000,1,0.00,,,,,,,-0.51
03/10/2021 02:55:00,5000,1,0.00,0,0.10,0.40,0.288,-0.08,0.000,-0.51
03/10/2021 02:56:00,5000,1,0.00,,,,,,,-0.53
03/10/2021 02:57:00,5000,1,0.00,,,,,,,-0.53
03/10/2021 02:58:00,5000,1,0.00,,,,,,,-0.54
03/10/2021 02:59:00,5000,1,0.00,,,,,,,-0.54
03/10/2021 03:00:00,5000,1,0.00,0,0.10,0.49,0.355,-0.06,0.000,-0.53
03/10/2021 03:01:00,5000,1,0.00,,,,,,,-0.51
03/10/2021 03:02:00,5000,1,0.00,,,,,,,-0.48
03/10/2021 03:03:00,5000,1,0.00,,,,,,,-0.49
03/10/2021 03:04:00,5000,1,0.00,,,,,,,-0.51
03/10/2021 03:05:00,5000,1,0.00,0,0.10,0.40,0.288,-0.06,0.000,-0.49
03/10/2021 03:06:00,5000,1,0.00,,,,,,,-0.49
03/10/2021 03:07:00,5000,1,0.00,,,,,,,-0.49
03/10/2021 03:08:00,5000,1,0.00,,,,,,,-0.49
03/10/2021 03:09:00,5000,1,0.00,,,,,,,-0.47
03/10/2021 03:10:00,5000,1,0.00,0,0.10,0.45,0.326,-0.05,0.000,-0.47
03/10/2021 03:11:00,5000,1,0.00,,,,,,,-0.48
03/10/2021 03:12:00,5000,1,0.00,,,,,,,-0.51
03/10/2021 03:13:00,5000,1,0.00,,,,,,,-0.49
03/10/2021 03:14:00,5000,1,0.00,,,,,,,-0.50
03/10/2021 03:15:00,5000,1,0.00,0,0.10,0.68,0.489,-0.06,0.000,-0.50
03/10/2021 03:16:00,5000,1,0.00,,,,,,,-0.50
03/10/2021 03:17:00,5000,1,0.00,,,,,,,-0.49
03/10/2021 03:18:00,5000,1,0.00,,,,,,,-0.50
03/10/2021 03:19:00,5000,1,0.00,,,,,,,-0.51
03/10/2021 03:20:00,5000,1,0.00,0,0.10,0.61,0.442,-0.02,0.000,-0.50
03/10/2021 03:21:00,5000,1,0.00,,,,,,,-0.53
03/10/2021 03:22:00,5000,1,0.00,,,,,,,-0.52
03/10/2021 03:23:00,5000,1,0.00,,,,,,,-0.50
03/10/2021 03:24:00,5000,1,0.00,,,,,,,-0.51
03/10/2021 03:25:00,5000,1,0.00,0,0.10,0.40,0.288,-0.05,0.000,-0.53
03/10/2021 03:26:00,5000,1,0.00,,,,,,,-0.52
03/10/2021 03:27:00,5000,1,0.00,,,,,,,-0.53
03/10/2021 03:28:00,5000,1,0.00,,,,,,,-0.50
03/10/2021 03:29:00,5000,1,0.00,,,,,,,-0.54
03/10/2021 03:30:00,5000,1,0.00,0,0.10,1.33,0.958,-0.07,0.000,-0.52
03/10/2021 03:31:00,5000,1,0.00,,,,,,,-0.54
03/10/2021 03:32:00,5000,1,0.00,,,,,,,-0.51
03/10/2021 03:33:00,5000,1,0.00,,,,,,,-0.53
03/10/2021 03:34:00,5000,1,0.00,,,,,,,-0.53
03/10/2021 03:35:00,5000,1,0.00,0,0.10,0.40,0.288,-0.05,0.000,-0.54
03/10/2021 03:36:00,5000,1,0.00,,,,,,,-0.54
03/10/2021 03:37:00,5000,1,0.00,,,,,,,-0.54
03/10/2021 03:38:00,5000,1,0.00,,,,,,,-0.55
03/10/2021 03:39:00,5000,1,0.00,,,,,,,-0.56
03/10/2021 03:40:00,5000,1,0.00,0,0.10,0.40,0.288,-0.07,0.000,-0.55
03/10/2021 03:41:00,5000,1,0.00,,,,,,,-0.55
03/10/2021 03:42:00,5000,1,0.00,,,,,,,-0.55
03/10/2021 03:43:00,5000,1,0.00,,,,,,,-0.56
03/10/2021 03:44:00,5000,1,0.00,,,,,,,-0.57
03/10/2021 03:45:00,5000,1,0.00,0,0.10,0.82,0.590,-0.06,0.000,-0.56
03/10/2021 03:46:00,5000,1,0.00,,,,,,,-0.58
03/10/2021 03:47:00,5000,1,0.00,,,,,,,-0.57
03/10/2021 03:48:00,5000,1,0.00,,,,,,,-0.57
03/10/2021 03:49:00,5000,1,0.00,,,,,,,-0.56
03/10/2021 03:50:00,5000,1,0.00,0,0.10,0.40,0.288,-0.07,0.000,-0.57
03/10/2021 03:51:00,5000,1,0.00,,,,,,,-0.57
03/10/2021 03:52:00,5000,1,0.00,,,,,,,-0.57
03/10/2021 03:53:00,5000,1,0.00,,,,,,,-0.58
03/10/2021 03:54:00,5000,1,0.00,,,,,,,-0.56
03/10/2021 03:55:00,5000,1,0.00,0,0.10,0.80,0.572,-0.07,0.000,-0.54
03/10/2021 03:56:00,5000,1,0.00,,,,,,,-0.53
03/10/2021 03:57:00,5000,1,0.00,,,,,,,-0.35
03/10/2021 03:58:00,5000,1,0.00,,,,,,,-0.34
03/10/2021 03:59:00,5000,1,0.00,,,,,,,1.36
03/10/2021 04:00:00,5000,1,0.00,0,0.32,0.54,2.193,2.96,900.768,4.38
03/10/2021 04:01:00,5000,1,0.00,,,,,,,9.18
03/10/2021 04:02:00,5000,1,0.00,,,,,,,14.97
03/10/2021 04:03:00,5000,1,0.00,,,,,,,19.57
03/10/2021 04:04:00,5000,1,0.00,,,,,,,22.45
03/10/2021 04:05:00,5000,1,2536.26,0,21.46,1.50,2536.256,22.61,15265.079,23.70
03/10/2021 04:06:00,5000,1,1866.03,0,22.95,2.39,4329.774,23.06,15706.555,24.19
03/10/2021 04:07:00,5000,1,2806.93,1,23.80,3.17,5940.900,23.23,15849.485,24.35
03/10/2021 04:08:00,5000,1,6956.22,2,24.57,4.74,9149.294,20.64,15373.945,23.82
03/10/2021 04:09:00,5000,1,9019.34,3,20.63,4.37,7063.113,16.19,13711.434,22.02
03/10/2021 04:10:00,5000,1,11808.61,4,19.06,5.28,7789.276,17.24,12862.187,21.12
03/10/2021 04:11:00,5000,1,13568.92,5,19.68,4.41,6760.304,18.07,11894.114,20.10
03/10/2021 04:12:00,5000,1,16127.41,6,19.63,4.95,7558.495,14.61,9066.769,17.09
03/10/2021 04:13:00,5000,1,19714.48,7,17.70,6.35,8587.063,12.87,9204.704,17.24
03/10/2021 04:14:00,5000,1,21130.21,8,16.32,5.24,6415.733,8.38,8509.506,16.48
03/10/2021 04:15:00,5000,1,22073.07,9,15.86,5.03,5942.861,5.59,8427.689,16.39
03/10/2021 04:16:00,5000,1,21785.37,10,13.81,4.76,4712.302,6.99,5328.998,12.75
03/10/2021 04:17:00,5000,1,20137.51,11,10.92,4.63,3352.140,8.81,4715.397,11.95
03/10/2021 04:18:00,5000,1,17650.21,12,9.37,4.28,2512.698,3.24,3995.024,10.96
03/10/2021 04:19:00,5000,1,14770.99,13,7.55,4.88,2120.780,2.59,1088.554,4.93
03/10/2021 04:20:00,5000,1,11580.17,14,7.22,4.43,1809.179,2.33,1851.236,6.94
03/10/2021 04:21:00,5000,1,7052.35,15,2.63,4.99,472.177,0.66,1964.418,7.22
03/10/2021 04:22:00,5000,1,3003.61,16,4.08,5.30,951.262,1.68,3316.988,9.96
03/10/2021 04:23:00,5000,1,3979.74,17,4.17,5.26,976.129,1.14,1730.724,6.64
03/10/2021 04:24:00,5000,1,4639.49,17,3.47,4.65,659.753,1.75,2948.155,9.38
03/10/2021 04:25:00,5000,1,280.90,17,3.37,4.72,641.411,1.23,2075.257,7.49
03/10/2021 04:26:00,5000,1,899.19,18,3.32,4.66,618.288,0.97,3356.045,10.02
03/10/2021 04:27:00,5000,1,1628.62,18,3.80,4.50,729.429,1.43,2257.922,7.93
03/10/2021 04:28:00,5000,1,2536.07,18,3.90,5.39,907.447,2.41,755.473,3.93
03/10/2021 04:29:00,5000,1,3444.36,18,4.08,5.05,908.298,1.25,541.748,3.21
03/10/2021 04:30:00,5000,1,4150.92,18,3.29,5.38,706.555,1.59,372.604,2.57
03/10/2021 04:31:00,5000,1,4983.69,18,3.91,4.93,832.775,1.16,0.846,0.03
03/10/2021 04:32:00,5000,1,543.53,18,3.62,3.70,559.840,0.85,193.086,1.74
03/10/2021 04:33:00,5000,1,1156.67,19,3.20,4.86,613.134,0.83,0.000,-0.13
03/10/2021 04:34:00,5000,1,1680.36,19,3.34,3.91,523.694,1.15,0.000,-0.66
03/10/2021 04:35:00,5000,1,2194.63,19,2.91,4.69,514.273,1.45,0.000,-0.94
03/10/2021 04:36:00,5000,1,2926.33,19,3.60,4.89,731.694,1.07,0.000,-1.06
03/10/2021 04:37:00,5000,1,3737.56,19,3.69,5.23,811.233,0.61,0.000,-0.50
03/10/2021 04:38:00,5000,1,4560.78,19,3.84,5.00,823.216,0.20,0.000,-0.09
03/10/2021 04:39:00,5000,1,108.04,19,3.40,3.98,547.266,0.87,0.000,-1.07
03/10/2021 04:40:00,5000,1,467.60,20,2.60,3.87,359.552,0.43,0.000,-0.89
03/10/2021 04:41:00,5000,1,845.02,20,2.89,3.47,377.425,1.09,0.000,-1.42
03/10/2021 04:42:00,5000,1,1135.94,20,2.59,3.15,290.919,0.71,3.946,0.14
03/10/2021 04:43:00,5000,1,1454.25,20,2.23,4.29,318.305,1.13,0.000,-0.13
03/10/2021 04:44:00,5000,1,1920.03,20,2.87,4.34,465.786,0.66,0.000,-0.43
03/10/2021 04:45:00,5000,1,2303.59,20,2.63,4.05,383.563,0.73,0.000,-0.55
03/10/2021 04:46:00,5000,1,2614.18,20,2.25,4.14,310.587,0.49,0.000,-0.62
03/10/2021 04:47:00,5000,1,3004.08,20,2.59,4.22,389.898,0.76,8.738,0.31
03/10/2021 04:48:00,5000,1,3329.02,20,2.41,3.90,324.940,0.20,0.000,-0.67
03/10/2021 04:49:00,5000,1,3682.78,20,2.53,3.97,353.758,0.61,1.973,0.07
03/10/2021 04:50:00,5000,1,4043.72,20,2.64,3.80,360.944,0.22,12.402,0.44
03/10/2021 04:51:00,5000,1,4316.18,20,2.26,3.60,272.460,0.18,0.000,-0.08
03/10/2021 04:52:00,5000,1,4661.83,20,2.56,3.81,345.645,0.16,5.355,0.19
03/10/2021 04:53:00,5000,1,4975.14,20,2.44,3.70,313.310,0.38,15.518,0.52
03/10/2021 04:54:00,5000,1,230.29,20,2.22,3.46,255.156,0.31,4.228,0.15
03/10/2021 04:55:00,5000,1,460.50,21,2.20,3.17,230.213,0.45,0.846,0.03
03/10/2021 04:56:00,5000,1,651.61,21,1.94,3.17,191.110,0.23,6.765,0.24
03/10/2021 04:57:00,5000,1,822.73,21,1.85,3.05,171.111,0.17,5.637,0.20
03/10/2021 04:58:00,5000,1,863.82,21,0.72,3.00,41.094,-0.02,8.738,0.31
03/10/2021 04:59:00,5000,1,905.76,21,0.72,3.07,41.943,0.27,5.637,0.20
03/10/2021 05:00:00,5000,1,1075.26,21,1.81,3.12,169.502,0.31,2.255,0.08
03/10/2021 05:01:00,5000,1,1204.40,21,1.66,2.69,129.140,0.44,0.000,-0.07
03/10/2021 05:02:00,5000,1,1337.72,21,1.60,2.94,133.314,0.34,0.282,0.01
03/10/2021 05:03:00,5000,1,1475.37,21,1.67,2.86,137.652,0.38,0.000,-0.02
03/10/2021 05:04:00,5000,1,1637.67,21,1.80,3.01,162.297,0.37,0.000,-0.17
03/10/2021 05:05:00,5000,1,1812.30,21,1.83,3.17,174.631,0.45,0.000,-0.03
03/10/2021 05:06:00,5000,1,1987.39,21,1.85,3.10,175.090,0.32,3.100,0.11
03/10/2021 05:07:00,5000,1,2143.64,21,1.70,3.16,156.257,0.30,0.000,-0.21
03/10/2021 05:08:00,5000,1,2334.43,21,1.89,3.28,190.789,0.54,0.000,-0.03
03/10/2021 05:09:00,5000,1,2524.56,21,1.91,3.24,190.127,0.61,4.510,0.16
03/10/2021 05:10:00,5000,1,2712.94,21,1.89,3.26,188.383,0.64,0.000,-0.19
03/10/2021 05:11:00,5000,1,2892.09,21,1.77,3.41,179.146,0.68,11.275,0.40
03/10/2021 05:12:00,5000,1,3075.78,21,1.92,3.09,183.691,0.54,3.100,0.11
03/10/2021 05:13:00,5000,1,3219.34,21,1.69,2.91,143.558,0.37,0.000,-0.19
03/10/2021 05:14:00,5000,1,3327.81,21,1.44,2.79,108.473,0.58,1.691,0.06
03/10/2021 05:15:00,5000,1,3413.28,21,1.34,2.44,85.472,0.68,0.000,-0.07
03/10/2021 05:16:00,5000,1,3529.73,21,1.34,3.33,116.449,0.61,0.000,-0.03
03/10/2021 05:17:00,5000,1,3610.39,21,1.59,1.80,80.659,0.64,4.510,0.16
03/10/2021 05:18:00,5000,1,3705.38,21,1.26,3.00,94.984,0.56,4.510,0.16
03/10/2021 05:19:00,5000,1,3797.73,21,1.57,2.11,92.353,0.68,1.691,0.06
03/10/2021 05:20:00,5000,1,3865.51,21,1.21,2.25,67.782,0.62,3.664,0.13
03/10/2021 05:21:00,5000,1,3925.96,21,1.26,1.91,60.450,0.53,5.074,0.18
03/10/2021 05:22:00,5000,1,3968.76,21,1.09,1.68,42.800,0.63,9.020,0.32
03/10/2021 05:23:00,5000,1,4026.99,21,1.17,2.04,58.223,0.51,12.684,0.45
03/10/2021 05:24:00,5000,1,4084.22,21,1.13,2.12,57.234,0.57,6.483,0.23
03/10/2021 05:25:00,5000,1,4148.02,21,1.13,2.36,63.797,0.50,1.409,0.05
03/10/2021 05:26:00,5000,1,4187.84,21,0.92,2.01,39.820,0.74,3.664,0.13
03/10/2021 05:27:00,5000,1,4232.08,21,0.96,2.09,44.241,0.73,3.382,0.12
03/10/2021 05:28:00,5000,1,4270.81,21,0.87,2.10,38.730,0.59,0.000,-0.01
03/10/2021 05:29:00,5000,1,4320.11,21,0.87,2.68,49.306,0.65,3.100,0.11
03/10/2021 05:30:00,5000,1,4382.30,21,1.08,2.46,62.189,0.58,0.000,-0.01
03/10/2021 05:31:00,5000,1,4412.05,21,0.92,1.50,29.751,0.59,5.637,0.20
03/10/2021 05:32:00,5000,1,4435.44,21,0.75,1.61,23.384,0.59,2.255,0.08
03/10/2021 05:33:00,5000,1,4448.75,21,0.62,1.21,13.308,0.60,3.382,0.12
03/10/2021 05:34:00,5000,1,4455.07,21,0.79,0.40,6.324,0.68,0.000,-0.04
03/10/2021 05:35:00,5000,1,4475.23,21,0.83,1.18,20.162,0.65,3.100,0.11
03/10/2021 05:36:00,5000,1,4489.25,21,0.79,0.89,14.023,0.60,1.127,0.04
03/10/2021 05:37:00,5000,1,4509.34,21,0.75,1.38,20.081,0.69,1.973,0.07
03/10/2021 05:38:00,5000,1,4539.37,21,0.87,1.63,30.033,0.74,3.382,0.12
03/10/2021 05:39:00,5000,1,4563.76,21,0.92,1.23,24.390,0.64,1.691,0.06
03/10/2021 05:40:00,5000,1,4593.45,21,0.83,1.74,29.688,0.59,1.409,0.05
03/10/2021 05:41:00,5000,1,4614.80,21,0.66,1.76,21.354,0.59,0.564,0.02
03/10/2021 05:42:00,5000,1,4634.27,21,0.70,1.46,19.472,0.61,0.846,0.03
03/10/2021 05:43:00,5000,1,4653.34,21,0.66,1.57,19.072,0.66,0.282,0.01
03/10/2021 05:44:00,5000,1,4670.84,21,0.70,1.31,17.499,0.57,0.000,-0.13
03/10/2021 05:45:00,5000,1,4687.94,21,0.66,1.41,17.093,0.64,1.409,0.05
03/10/2021 05:46:00,5000,1,4705.74,21,0.70,1.34,17.806,0.61,2.819,0.10
03/10/2021 05:47:00,5000,1,4723.56,21,0.62,1.62,17.813,0.50,3.946,0.14
03/10/2021 05:48:00,5000,1,4737.29,21,0.58,1.39,13.738,0.53,0.564,0.02
03/10/2021 05:49:00,5000,1,4748.91,21,0.66,0.96,11.618,0.54,0.564,0.02
03/10/2021 05:50:00,5000,1,4763.86,21,0.66,1.23,14.944,0.52,1.973,0.07
03/10/2021 05:51:00,5000,1,4778.25,21,0.62,1.31,14.396,0.53,3.664,0.13
03/10/2021 05:52:00,5000,1,4790.83,21,0.66,1.04,12.577,0.55,1.691,0.06
03/10/2021 05:53:00,5000,1,4800.99,21,0.66,0.84,10.161,0.52,2.819,0.10
03/10/2021 05:54:00,5000,1,4813.21,21,0.62,1.11,12.220,0.53,1.409,0.05
03/10/2021 05:55:00,5000,1,4824.45,21,0.62,1.02,11.242,0.51,5.074,0.18
03/10/2021 05:56:00,5000,1,4833.42,21,0.53,1.02,8.970,0.48,3.946,0.14
03/10/2021 05:57:00,5000,1,4838.28,21,0.66,0.40,4.856,0.54,5.355,0.19
03/10/2021 05:58:00,5000,1,4842.23,21,0.58,0.40,3.950,0.51,4.792,0.17
03/10/2021 05:59:00,5000,1,4845.75,21,0.53,0.40,3.521,0.50,4.792,0.17
03/10/2021 06:00:00,5000,1,4848.86,21,0.49,0.40,3.109,0.49,5.355,0.19
03/10/2021 06:01:00,5000,1,4852.38,21,0.53,0.40,3.521,0.49,4.510,0.16
03/10/2021 06:02:00,5000,1,4855.09,21,0.45,0.40,2.713,0.47,3.664,0.13
03/10/2021 06:03:00,5000,1,4859.04,21,0.58,0.40,3.950,0.45,3.382,0.12
03/10/2021 06:04:00,5000,1,4861.38,21,0.40,0.40,2.336,0.44,3.946,0.14
03/10/2021 06:05:00,5000,1,4863.72,21,0.40,0.40,2.336,0.45,3.100,0.11
03/10/2021 06:06:00,5000,1,4867.24,21,0.53,0.40,3.521,0.43,2.537,0.09
03/10/2021 06:07:00,5000,1,4869.95,21,0.45,0.40,2.713,0.48,2.537,0.09
03/10/2021 06:08:00,5000,1,4873.47,21,0.53,0.40,3.521,0.44,3.382,0.12
03/10/2021 06:09:00,5000,1,4875.81,21,0.40,0.40,2.336,0.44,1.691,0.06
03/10/2021 06:10:00,5000,1,4879.33,21,0.53,0.40,3.521,0.45,3.382,0.12
03/10/2021 06:11:00,5000,1,4882.85,21,0.53,0.40,3.521,0.39,1.973,0.07
03/10/2021 06:12:00,5000,1,4886.37,21,0.53,0.40,3.521,0.36,3.100,0.11
03/10/2021 06:13:00,5000,1,4889.89,21,0.53,0.40,3.521,0.36,1.973,0.07
03/10/2021 06:14:00,5000,1,4892.23,21,0.40,0.40,2.336,0.38,3.100,0.11
03/10/2021 06:15:00,5000,1,4895.75,21,0.53,0.40,3.521,0.36,2.255,0.08
03/10/2021 06:16:00,5000,1,4900.08,21,0.49,0.56,4.329,0.35,2.255,0.08
03/10/2021 06:17:00,5000,1,4905.46,21,0.58,0.55,5.383,0.30,0.000,0.00
03/10/2021 06:18:00,5000,1,4908.18,21,0.36,0.55,2.720,0.34,0.564,0.02
03/10/2021 06:19:00,5000,1,4912.55,21,0.49,0.56,4.368,0.31,0.282,0.01
03/10/2021 06:20:00,5000,1,4914.72,21,0.32,0.53,2.173,0.31,0.000,-0.06
03/10/2021 06:21:00,5000,1,4916.92,21,0.32,0.54,2.198,0.28,0.000,-0.11
03/10/2021 06:22:00,5000,1,4919.59,21,0.28,0.81,2.674,0.29,0.000,-0.18
03/10/2021 06:23:00,5000,1,4923.16,21,0.36,0.72,3.570,0.27,0.000,-0.18
03/10/2021 06:24:00,5000,1,4924.49,21,0.28,0.40,1.324,0.30,0.000,-0.21
03/10/2021 06:25:00,5000,1,4925.52,21,0.23,0.40,1.031,0.30,0.000,-0.15
03/10/2021 06:26:00,5000,1,4926.55,21,0.23,0.40,1.031,0.35,0.000,-0.24
03/10/2021 06:27:00,5000,1,4927.87,21,0.28,0.40,1.324,0.26,0.000,-0.27
03/10/2021 06:28:00,5000,1,4930.21,21,0.40,0.40,2.336,0.28,0.000,-0.28
03/10/2021 06:29:00,5000,1,4930.49,21,0.10,0.40,0.288,0.28,0.000,-0.26
03/10/2021 06:30:00,5000,1,4932.47,21,0.36,0.40,1.978,0.28,0.000,-0.26
03/10/2021 06:31:00,5000,1,4932.76,21,0.10,0.40,0.288,0.25,0.000,-0.26
03/10/2021 06:32:00,5000,1,4933.52,21,0.19,0.40,0.763,0.24,0.000,-0.26
03/10/2021 06:33:00,5000,1,4933.81,21,0.10,0.40,0.288,0.26,0.000,-0.29
03/10/2021 06:34:00,5000,1,4934.10,21,0.10,0.40,0.288,0.24,0.000,-0.28
03/10/2021 06:35:00,5000,1,4934.39,21,0.10,0.40,0.288,0.22,0.000,-0.27
03/10/2021 06:36:00,5000,1,4934.67,21,0.10,0.40,0.288,0.25,0.000,-0.25
03/10/2021 06:37:00,5000,1,4934.96,21,0.10,0.40,0.288,0.24,0.000,-0.26
03/10/2021 06:38:00,5000,1,4935.37,21,0.10,0.57,0.411,0.22,0.000,-0.28
03/10/2021 06:39:00,5000,1,4935.75,21,0.10,0.52,0.375,0.27,0.000,-0.31
03/10/2021 06:40:00,5000,1,4936.16,21,0.10,0.57,0.410,0.24,0.000,-0.31
03/10/2021 06:41:00,5000,1,4936.56,21,0.10,0.55,0.398,0.27,0.000,-0.29
03/10/2021 06:42:00,5000,1,4936.93,21,0.10,0.52,0.375,0.27,0.000,-0.30
03/10/2021 06:43:00,5000,1,4938.38,21,0.23,0.56,1.446,0.30,0.000,-0.25
03/10/2021 06:44:00,5000,1,4939.77,21,0.23,0.54,1.397,0.28,0.000,-0.14
03/10/2021 06:45:00,5000,1,4942.91,21,0.40,0.54,3.136,0.35,0.000,-0.08
03/10/2021 06:46:00,5000,1,4946.11,21,0.40,0.55,3.206,0.30,2.819,0.10
03/10/2021 06:47:00,5000,1,4948.35,21,0.32,0.55,2.239,0.38,3.382,0.12
03/10/2021 06:48:00,5000,1,4952.05,21,0.49,0.55,3.697,0.48,3.946,0.14
03/10/2021 06:49:00,5000,1,4954.69,21,0.36,0.53,2.635,0.42,5.074,0.18
03/10/2021 06:50:00,5000,1,4957.21,21,0.36,0.51,2.522,0.48,4.510,0.16
03/10/2021 06:51:00,5000,1,4960.51,21,0.40,0.56,3.300,0.42,5.637,0.20
03/10/2021 06:52:00,5000,1,4964.38,21,0.49,0.50,3.870,0.48,5.355,0.19
03/10/2021 06:53:00,5000,1,4969.46,21,0.58,0.51,5.086,0.49,4.510,0.16
03/10/2021 06:54:00,5000,1,4974.72,21,0.58,0.53,5.254,0.46,4.792,0.17
03/10/2021 06:55:00,5000,1,4977.70,21,0.40,0.51,2.978,0.45,5.074,0.18
03/10/2021 06:56:00,5000,1,4981.93,21,0.53,0.48,4.234,0.53,5.637,0.20
03/10/2021 06:57:00,5000,1,4986.20,21,0.45,0.63,4.273,0.47,4.792,0.17
03/10/2021 06:58:00,5000,1,4989.75,21,0.45,0.52,3.548,0.51,5.919,0.21
03/10/2021 06:59:00,5000,1,4993.78,21,0.49,0.52,4.033,0.53,5.637,0.20
03/10/2021 07:00:00,5000,1,4999.36,21,0.58,0.56,5.570,0.51,5.074,0.18
03/10/2021 07:01:00,5000,1,2.71,21,0.45,0.50,3.358,0.43,5.074,0.18
03/10/2021 07:02:00,5000,1,7.36,22,0.49,0.60,4.647,0.52,5.355,0.19
03/10/2021 07:03:00,5000,1,15.93,22,0.53,0.97,8.566,0.61,6.483,0.23
03/10/2021 07:04:00,5000,1,41.49,22,0.53,2.90,25.564,0.55,3.382,0.12
03/10/2021 07:05:00,5000,1,62.33,22,0.76,1.40,20.837,0.58,4.228,0.15
03/10/2021 07:06:00,5000,1,86.34,22,0.66,1.98,24.013,0.66,6.201,0.22
03/10/2021 07:07:00,5000,1,132.49,22,0.92,2.33,46.150,0.63,6.201,0.22
03/10/2021 07:08:00,5000,1,176.82,22,0.96,2.09,44.326,0.61,7.610,0.27
03/10/2021 07:09:00,5000,1,238.04,22,1.21,2.03,61.220,0.62,3.382,0.12
03/10/2021 07:10:00,5000,1,292.10,22,1.00,2.39,54.069,0.64,7.328,0.26
03/10/2021 07:11:00,5000,1,332.58,22,0.96,1.91,40.474,0.67,4.510,0.16
03/10/2021 07:12:00,5000,1,368.20,22,0.92,1.80,35.626,0.61,11.275,0.40
03/10/2021 07:13:00,5000,1,409.33,22,0.87,2.23,41.125,0.67,12.120,0.43
03/10/2021 07:14:00,5000,1,438.04,22,0.75,1.97,28.710,0.60,2.537,0.09
03/10/2021 07:15:00,5000,1,465.41,22,0.75,1.88,27.371,0.67,3.100,0.11
03/10/2021 07:16:00,5000,1,495.87,22,0.87,1.65,30.457,0.55,1.691,0.06
03/10/2021 07:17:00,5000,1,524.96,22,0.83,1.70,29.089,0.55,3.100,0.11
03/10/2021 07:18:00,5000,1,551.98,22,0.83,1.58,27.020,0.56,1.409,0.05
03/10/2021 07:19:00,5000,1,576.39,22,0.87,1.33,24.414,0.64,1.973,0.07
03/10/2021 07:20:00,5000,1,601.03,22,0.83,1.44,24.643,0.67,2.819,0.10
03/10/2021 07:21:00,5000,1,627.81,22,0.75,1.84,26.775,0.60,1.409,0.05
03/10/2021 07:22:00,5000,1,643.27,22,0.66,1.27,15.466,0.68,0.564,0.02
03/10/2021 07:23:00,5000,1,659.91,22,0.62,1.51,16.637,0.57,1.973,0.07
03/10/2021 07:24:00,5000,1,674.93,22,0.70,1.13,15.020,0.57,4.510,0.16
03/10/2021 07:25:00,5000,1,688.22,22,0.70,1.00,13.288,0.59,3.382,0.12
03/10/2021 07:26:00,5000,1,700.12,22,0.62,1.08,11.901,0.55,3.946,0.14
03/10/2021 07:27:00,5000,1,713.38,22,0.70,1.00,13.261,0.54,2.819,0.10
03/10/2021 07:28:00,5000,1,723.05,22,0.62,0.88,9.670,0.55,1.127,0.04
03/10/2021 07:29:00,5000,1,732.78,22,0.66,0.80,9.724,0.58,2.255,0.08
03/10/2021 07:30:00,5000,1,741.46,22,0.58,0.88,8.681,0.53,4.510,0.16
03/10/2021 07:31:00,5000,1,749.94,22,0.58,0.86,8.484,0.46,5.355,0.19
03/10/2021 07:32:00,5000,1,758.55,22,0.58,0.87,8.612,0.54,4.510,0.16
03/10/2021 07:33:00,5000,1,767.57,22,0.58,0.91,9.017,0.55,3.946,0.14
03/10/2021 07:34:00,5000,1,781.32,22,0.66,1.13,13.755,0.51,1.973,0.07
03/10/2021 07:35:00,5000,1,795.61,22,0.70,1.07,14.287,0.61,3.664,0.13
03/10/2021 07:36:00,5000,1,817.88,22,0.70,1.67,22.271,0.66,2.537,0.09
03/10/2021 07:37:00,5000,1,844.07,22,0.75,1.80,26.192,0.72,4.228,0.15
03/10/2021 07:38:00,5000,1,871.11,22,0.79,1.71,27.034,0.70,4.228,0.15
03/10/2021 07:39:00,5000,1,905.79,22,0.87,1.88,34.677,0.66,1.973,0.07
03/10/2021 07:40:00,5000,1,929.18,22,0.79,1.48,23.398,0.70,0.846,0.03
03/10/2021 07:41:00,5000,1,958.40,22,0.79,1.85,29.216,0.67,1.691,0.06
03/10/2021 07:42:00,5000,1,988.06,22,0.79,1.88,29.659,0.71,3.946,0.14
03/10/2021 07:43:00,5000,1,1007.80,22,0.70,1.48,19.739,0.62,3.382,0.12
03/10/2021 07:44:00,5000,1,1033.05,22,0.70,1.89,25.256,0.65,1.409,0.05
03/10/2021 07:45:00,5000,1,1057.00,22,0.75,1.65,23.952,0.67,1.409,0.05
03/10/2021 07:46:00,5000,1,1074.08,22,0.70,1.28,17.073,0.65,0.282,0.01
03/10/2021 07:47:00,5000,1,1089.28,22,0.66,1.25,15.199,0.63,2.255,0.08
03/10/2021 07:48:00,5000,1,1103.24,22,0.66,1.15,13.961,0.66,1.409,0.05
03/10/2021 07:49:00,5000,1,1141.13,22,0.75,2.60,37.892,0.64,2.255,0.08
03/10/2021 07:50:00,5000,1,1148.10,22,0.66,0.57,6.969,0.58,2.255,0.08
03/10/2021 07:51:00,5000,1,1159.81,22,0.70,0.88,11.715,0.56,1.127,0.04
03/10/2021 07:52:00,5000,1,1168.29,22,0.66,0.70,8.474,0.60,2.537,0.09
03/10/2021 07:53:00,5000,1,1180.69,22,0.66,1.02,12.407,0.62,1.409,0.05
03/10/2021 07:54:00,5000,1,1191.11,22,0.70,0.86,10.416,0.53,0.564,0.02
03/10/2021 07:55:00,5000,1,1202.53,22,0.70,0.86,11.422,0.54,1.691,0.06
03/10/2021 07:56:00,5000,1,1210.33,22,0.66,0.64,7.794,0.49,2.255,0.08
03/10/2021 07:57:00,5000,1,1221.74,22,0.66,0.94,11.412,0.58,6.483,0.23
03/10/2021 07:58:00,5000,1,1231.86,22,0.58,1.02,10.123,0.50,1.691,0.06
03/10/2021 07:59:00,5000,1,1243.11,22,0.70,0.84,11.249,0.50,7.047,0.25
03/10/2021 08:00:00,5000,1,1249.19,22,0.49,0.78,6.085,0.52,4.228,0.15
03/10/2021 08:01:00,5000,1,1257.32,22,0.58,0.82,8.128,0.58,2.255,0.08
03/10/2021 08:02:00,5000,1,1260.84,22,0.53,0.40,3.521,0.55,4.228,0.15
03/10/2021 08:03:00,5000,1,1269.10,22,0.58,0.84,8.257,0.60,4.510,0.16
03/10/2021 08:04:00,5000,1,1276.32,22,0.49,0.93,7.220,0.50,5.074,0.18
03/10/2021 08:05:00,5000,1,1282.32,22,0.53,0.68,6.004,0.49,4.228,0.15
03/10/2021 08:06:00,5000,1,1285.04,22,0.45,0.40,2.713,0.54,5.074,0.18
03/10/2021 08:07:00,5000,1,1288.70,22,0.45,0.54,3.663,0.52,5.355,0.19
03/10/2021 08:08:00,5000,1,1292.99,22,0.49,0.55,4.290,0.50,4.228,0.15
03/10/2021 08:09:00,5000,1,1297.54,22,0.53,0.52,4.551,0.57,5.074,0.18
03/10/2021 08:10:00,5000,1,1300.44,22,0.40,0.50,2.897,0.50,3.946,0.14
03/10/2021 08:11:00,5000,1,1303.19,22,0.36,0.56,2.749,0.55,4.228,0.15
03/10/2021 08:12:00,5000,1,1306.71,22,0.45,0.52,3.527,0.53,4.228,0.15
03/10/2021 08:13:00,5000,1,1310.76,22,0.49,0.52,4.049,0.45,4.510,0.16
03/10/2021 08:14:00,5000,1,1315.41,22,0.53,0.53,4.648,0.49,3.946,0.14
03/10/2021 08:15:00,5000,1,1320.92,22,0.58,0.56,5.511,0.49,3.100,0.11
03/10/2021 08:16:00,5000,1,1324.08,22,0.40,0.54,3.159,0.46,2.819,0.10
03/10/2021 08:17:00,5000,1,1327.05,22,0.45,0.44,2.964,0.45,1.691,0.06
03/10/2021 08:18:00,5000,1,1332.98,22,0.62,0.54,5.934,0.40,3.382,0.12
03/10/2021 08:19:00,5000,1,1337.83,22,0.58,0.49,4.849,0.44,2.537,0.09
03/10/2021 08:20:00,5000,1,1342.31,22,0.53,0.51,4.481,0.42,2.537,0.09
03/10/2021 08:21:00,5000,1,1347.44,22,0.58,0.52,5.126,0.44,2.819,0.10
03/10/2021 08:22:00,5000,1,1352.82,22,0.58,0.55,5.383,0.45,3.382,0.12
03/10/2021 08:23:00,5000,1,1358.19,22,0.58,0.54,5.373,0.40,2.537,0.09
03/10/2021 08:24:00,5000,1,1362.99,22,0.53,0.55,4.798,0.39,1.973,0.07
03/10/2021 08:25:00,5000,1,1366.14,22,0.40,0.54,3.148,0.45,1.973,0.07
03/10/2021 08:26:00,5000,1,1369.51,22,0.45,0.50,3.371,0.41,2.819,0.10
03/10/2021 08:27:00,5000,1,1375.13,22,0.58,0.57,5.620,0.36,0.000,-0.14
03/10/2021 08:28:00,5000,1,1379.93,22,0.53,0.55,4.807,0.44,1.691,0.06
03/10/2021 08:29:00,5000,1,1383.16,22,0.40,0.55,3.224,0.38,1.973,0.07
03/10/2021 08:30:00,5000,1,1386.55,22,0.45,0.50,3.392,0.43,0.000,-0.11
03/10/2021 08:31:00,5000,1,1390.33,22,0.45,0.56,3.785,0.35,1.691,0.06
03/10/2021 08:32:00,5000,1,1392.99,22,0.36,0.54,2.660,0.44,1.691,0.06
03/10/2021 08:33:00,5000,1,1397.45,22,0.49,0.57,4.453,0.43,0.846,0.03
03/10/2021 08:34:00,5000,1,1402.97,22,0.58,0.56,5.521,0.38,0.564,0.02
03/10/2021 08:35:00,5000,1,1406.60,22,0.45,0.54,3.636,0.40,0.000,-0.12
03/10/2021 08:36:00,5000,1,1410.52,22,0.49,0.50,3.917,0.41,0.000,0.00
03/10/2021 08:37:00,5000,1,1414.07,22,0.45,0.52,3.554,0.43,0.000,-0.16
03/10/2021 08:38:00,5000,1,1416.26,22,0.32,0.53,2.189,0.37,0.000,-0.18
03/10/2021 08:39:00,5000,1,1418.02,22,0.28,0.53,1.757,0.39,0.000,-0.20
03/10/2021 08:40:00,5000,1,1421.15,22,0.40,0.54,3.124,0.36,0.000,-0.25
03/10/2021 08:41:00,5000,1,1422.60,22,0.23,0.56,1.453,0.34,0.000,-0.16
03/10/2021 08:42:00,5000,1,1425.31,22,0.45,0.40,2.713,0.35,0.000,-0.31
03/10/2021 08:43:00,5000,1,1426.64,22,0.28,0.40,1.324,0.35,0.000,-0.05
03/10/2021 08:44:00,5000,1,1427.96,22,0.28,0.40,1.324,0.36,0.000,-0.28
03/10/2021 08:45:00,5000,1,1430.30,22,0.40,0.40,2.336,0.35,0.000,-0.19
03/10/2021 08:46:00,5000,1,1431.33,22,0.23,0.40,1.031,0.31,0.000,-0.12
03/10/2021 08:47:00,5000,1,1434.04,22,0.45,0.40,2.713,0.35,0.000,-0.26
03/10/2021 08:48:00,5000,1,1435.07,22,0.23,0.40,1.031,0.35,0.000,-0.27
03/10/2021 08:49:00,5000,1,1437.41,22,0.40,0.40,2.336,0.33,0.000,-0.27
03/10/2021 08:50:00,5000,1,1438.17,22,0.19,0.40,0.763,0.35,0.000,-0.14
03/10/2021 08:51:00,5000,1,1441.22,22,0.40,0.52,3.054,0.35,0.000,-0.13
03/10/2021 08:52:00,5000,1,1443.06,22,0.28,0.56,1.837,0.34,0.000,-0.29
03/10/2021 08:53:00,5000,1,1444.81,22,0.28,0.53,1.751,0.31,0.000,-0.30
03/10/2021 08:54:00,5000,1,1445.89,22,0.19,0.57,1.080,0.32,0.000,-0.23
03/10/2021 08:55:00,5000,1,1447.32,22,0.23,0.55,1.428,0.36,0.000,-0.29
03/10/2021 08:56:00,5000,1,1448.70,22,0.23,0.54,1.381,0.30,0.000,-0.33
03/10/2021 08:57:00,5000,1,1450.11,22,0.23,0.55,1.415,0.31,0.000,-0.31
03/10/2021 08:58:00,5000,1,1453.24,22,0.40,0.54,3.124,0.37,0.000,-0.31
03/10/2021 08:59:00,5000,1,1453.64,22,0.10,0.56,0.402,0.31,0.000,-0.32
03/10/2021 09:00:00,5000,1,1454.02,22,0.10,0.53,0.379,0.31,0.000,-0.33
03/10/2021 09:01:00,5000,1,1454.42,22,0.10,0.56,0.406,0.31,0.000,-0.27
03/10/2021 09:02:00,5000,1,1454.81,22,0.10,0.54,0.388,0.32,0.000,-0.15
03/10/2021 09:03:00,5000,1,1455.23,22,0.10,0.57,0.413,0.29,0.000,-0.27
03/10/2021 09:04:00,5000,1,1455.64,22,0.10,0.57,0.413,0.29,0.000,-0.32
03/10/2021 09:05:00,5000,1,1456.92,22,0.23,0.50,1.276,0.31,0.000,-0.29
03/10/2021 09:06:00,5000,1,1457.32,22,0.10,0.56,0.403,0.26,0.000,-0.36
03/10/2021 09:07:00,5000,1,1457.69,22,0.10,0.51,0.368,0.30,0.000,-0.33
03/10/2021 09:08:00,5000,1,1459.99,22,0.32,0.56,2.304,0.28,0.000,-0.34
03/10/2021 09:09:00,5000,1,1460.28,22,0.10,0.40,0.288,0.30,0.000,-0.35
03/10/2021 09:10:00,5000,1,1460.65,22,0.10,0.51,0.370,0.26,0.000,-0.35
03/10/2021 09:11:00,5000,1,1461.03,22,0.10,0.53,0.378,0.31,0.000,-0.33
03/10/2021 09:12:00,5000,1,1462.32,22,0.23,0.50,1.296,0.31,0.000,-0.23
03/10/2021 09:13:00,5000,1,1463.99,22,0.28,0.50,1.671,0.32,0.000,-0.36
03/10/2021 09:14:00,5000,1,1464.41,22,0.10,0.57,0.412,0.32,0.000,-0.34
03/10/2021 09:15:00,5000,1,1464.80,22,0.10,0.54,0.391,0.28,0.000,-0.33
03/10/2021 09:16:00,5000,1,1465.12,22,0.10,0.44,0.320,0.28,0.000,-0.34
03/10/2021 09:17:00,5000,1,1465.47,22,0.10,0.49,0.355,0.28,0.000,-0.33
03/10/2021 09:18:00,5000,1,1465.84,22,0.10,0.51,0.364,0.27,0.000,-0.35
03/10/2021 09:19:00,5000,1,1466.21,22,0.10,0.52,0.377,0.28,0.000,-0.33
03/10/2021 09:20:00,5000,1,1466.61,22,0.10,0.55,0.393,0.29,0.000,-0.37
03/10/2021 09:21:00,5000,1,1466.98,22,0.10,0.52,0.371,0.26,0.000,-0.27
03/10/2021 09:22:00,5000,1,1467.35,22,0.10,0.52,0.372,0.28,0.000,-0.29
03/10/2021 09:23:00,5000,1,1467.68,22,0.10,0.47,0.334,0.25,0.000,-0.35
03/10/2021 09:24:00,5000,1,1468.05,22,0.10,0.50,0.362,0.30,0.000,-0.34
03/10/2021 09:25:00,5000,1,1468.41,22,0.10,0.51,0.367,0.29,0.000,-0.27
03/10/2021 09:26:00,5000,1,1468.78,22,0.10,0.51,0.370,0.24,0.000,-0.22
03/10/2021 09:27:00,5000,1,1469.07,22,0.10,0.40,0.288,0.30,0.000,-0.37
03/10/2021 09:28:00,5000,1,1469.46,22,0.10,0.53,0.384,0.27,0.000,-0.36
03/10/2021 09:29:00,5000,1,1469.82,22,0.10,0.51,0.366,0.26,0.000,-0.35
03/10/2021 09:30:00,5000,1,1470.15,22,0.10,0.46,0.332,0.24,0.000,-0.38
03/10/2021 09:31:00,5000,1,1470.55,22,0.10,0.55,0.398,0.23,0.000,-0.32
03/10/2021 09:32:00,5000,1,1470.97,22,0.10,0.58,0.414,0.29,0.000,-0.36
03/10/2021 09:33:00,5000,1,1471.35,22,0.10,0.54,0.388,0.24,0.000,-0.36
03/10/2021 09:34:00,5000,1,1471.71,22,0.10,0.49,0.352,0.28,0.000,-0.37
03/10/2021 09:35:00,5000,1,1472.07,22,0.10,0.50,0.360,0.26,0.000,-0.30
03/10/2021 09:36:00,5000,1,1472.41,22,0.10,0.48,0.345,0.27,0.000,-0.31
03/10/2021 09:37:00,5000,1,1472.76,22,0.10,0.48,0.348,0.24,0.000,-0.36
03/10/2021 09:38:00,5000,1,1473.14,22,0.10,0.52,0.377,0.23,0.000,-0.37
03/10/2021 09:39:00,5000,1,1473.52,22,0.10,0.54,0.385,0.21,0.000,-0.29
03/10/2021 09:40:00,5000,1,1473.87,22,0.10,0.48,0.346,0.29,0.000,-0.39
03/10/2021 09:41:00,5000,1,1474.25,22,0.10,0.54,0.389,0.25,0.000,-0.35
03/10/2021 09:42:00,5000,1,1474.56,22,0.10,0.42,0.302,0.25,0.000,-0.31
03/10/2021 09:43:00,5000,1,1474.95,22,0.10,0.55,0.393,0.28,0.000,-0.36
03/10/2021 09:44:00,5000,1,1475.33,22,0.10,0.54,0.385,0.25,0.000,-0.39
03/10/2021 09:45:00,5000,1,1475.72,22,0.10,0.54,0.389,0.22,0.000,-0.35
03/10/2021 09:46:00,5000,1,1476.10,22,0.10,0.53,0.380,0.29,0.000,-0.34
03/10/2021 09:47:00,5000,1,1476.48,22,0.10,0.52,0.372,0.22,0.000,-0.38
03/10/2021 09:48:00,5000,1,1476.86,22,0.10,0.54,0.388,0.26,0.000,-0.36
03/10/2021 09:49:00,5000,1,1477.22,22,0.10,0.50,0.357,0.27,0.000,-0.36
03/10/2021 09:50:00,5000,1,1477.64,22,0.10,0.58,0.417,0.25,0.000,-0.35
03/10/2021 09:51:00,5000,1,1478.03,22,0.10,0.55,0.392,0.19,0.000,-0.40
03/10/2021 09:52:00,5000,1,1478.41,22,0.10,0.53,0.382,0.23,0.000,-0.38
03/10/2021 09:53:00,5000,1,1478.80,22,0.10,0.54,0.388,0.22,0.000,-0.33
03/10/2021 09:54:00,5000,1,1479.21,22,0.10,0.57,0.411,0.22,0.000,-0.34
03/10/2021 09:55:00,5000,1,1479.60,22,0.10,0.54,0.386,0.21,0.000,-0.37
03/10/2021 09:56:00,5000,1,1480.01,22,0.10,0.57,0.410,0.17,0.000,-0.36
03/10/2021 09:57:00,5000,1,1480.36,22,0.10,0.49,0.355,0.22,0.000,-0.37
03/10/2021 09:58:00,5000,1,1480.73,22,0.10,0.51,0.367,0.25,0.000,-0.38
03/10/2021 09:59:00,5000,1,1481.10,22,0.10,0.52,0.371,0.20,0.000,-0.37
03/10/2021 10:00:00,5000,1,1481.49,22,0.10,0.55,0.392,0.22,0.000,-0.38
03/10/2021 10:01:00,5000,1,1481.90,22,0.10,0.56,0.403,0.25,0.000,-0.36
03/10/2021 10:02:00,5000,1,1482.32,22,0.10,0.59,0.421,0.20,0.000,-0.36
03/10/2021 10:03:00,5000,1,1482.73,22,0.10,0.57,0.408,0.18,0.000,-0.40
03/10/2021 10:04:00,5000,1,1483.09,22,0.10,0.51,0.367,0.20,0.000,-0.32
03/10/2021 10:05:00,5000,1,1483.50,22,0.10,0.56,0.404,0.15,0.000,-0.38
03/10/2021 10:06:00,5000,1,1483.88,22,0.10,0.53,0.383,0.18,0.000,-0.40
03/10/2021 10:07:00,5000,1,1484.28,22,0.10,0.55,0.398,0.20,0.000,-0.39
03/10/2021 10:08:00,5000,1,1484.67,22,0.10,0.54,0.390,0.15,0.000,-0.38
03/10/2021 10:09:00,5000,1,1485.06,22,0.10,0.54,0.390,0.16,0.000,-0.41
03/10/2021 10:10:00,5000,1,1485.45,22,0.10,0.55,0.396,0.16,0.000,-0.41
03/10/2021 10:11:00,5000,1,1485.74,22,0.10,0.40,0.288,0.15,0.000,-0.42
03/10/2021 10:12:00,5000,1,1486.13,22,0.10,0.55,0.393,0.18,0.000,-0.40
03/10/2021 10:13:00,5000,1,1486.44,22,0.10,0.43,0.309,0.15,0.000,-0.39
03/10/2021 10:14:00,5000,1,1486.83,22,0.10,0.54,0.389,0.21,0.000,-0.41
03/10/2021 10:15:00,5000,1,1487.21,22,0.10,0.52,0.378,0.14,0.000,-0.41
03/10/2021 10:16:00,5000,1,1487.59,22,0.10,0.53,0.380,0.18,0.000,-0.37
03/10/2021 10:17:00,5000,1,1487.98,22,0.10,0.55,0.393,0.17,0.000,-0.41
03/10/2021 10:18:00,5000,1,1488.36,22,0.10,0.53,0.380,0.15,0.000,-0.43
03/10/2021 10:19:00,5000,1,1488.78,22,0.10,0.58,0.414,0.15,0.000,-0.39
03/10/2021 10:20:00,5000,1,1489.19,22,0.10,0.57,0.413,0.16,0.000,-0.41
03/10/2021 10:21:00,5000,1,1489.57,22,0.10,0.53,0.382,0.17,0.000,-0.39
03/10/2021 10:22:00,5000,1,1489.98,22,0.10,0.56,0.406,0.13,0.000,-0.41
03/10/2021 10:23:00,5000,1,1490.38,22,0.10,0.56,0.402,0.13,0.000,-0.43
03/10/2021 10:24:00,5000,1,1490.77,22,0.10,0.54,0.391,0.16,0.000,-0.40
03/10/2021 10:25:00,5000,1,1491.16,22,0.10,0.54,0.386,0.15,0.000,-0.35
03/10/2021 10:26:00,5000,1,1491.52,22,0.10,0.51,0.367,0.14,0.000,-0.40
03/10/2021 10:27:00,5000,1,1491.93,22,0.10,0.57,0.411,0.13,0.000,-0.41
03/10/2021 10:28:00,5000,1,1492.31,22,0.10,0.52,0.375,0.12,0.000,-0.43
03/10/2021 10:29:00,5000,1,1492.70,22,0.10,0.55,0.395,0.11,0.000,-0.37
03/10/2021 10:30:00,5000,1,1493.09,22,0.10,0.53,0.383,0.14,0.000,-0.41
03/10/2021 10:31:00,5000,1,1493.46,22,0.10,0.51,0.368,0.12,0.000,-0.43
03/10/2021 10:32:00,5000,1,1493.86,22,0.10,0.56,0.400,0.09,0.000,-0.44
03/10/2021 10:33:00,5000,1,1494.22,22,0.10,0.50,0.363,0.11,0.000,-0.42
03/10/2021 10:34:00,5000,1,1494.61,22,0.10,0.54,0.388,0.10,0.000,-0.43
03/10/2021 10:35:00,5000,1,1495.00,22,0.10,0.55,0.393,0.16,0.000,-0.43
03/10/2021 10:36:00,5000,1,1495.34,22,0.10,0.48,0.344,0.08,0.000,-0.43
03/10/2021 10:37:00,5000,1,1495.72,22,0.10,0.52,0.376,0.13,0.000,-0.44
03/10/2021 10:38:00,5000,1,1496.13,22,0.10,0.57,0.412,0.10,0.000,-0.43
03/10/2021 10:39:00,5000,1,1496.53,22,0.10,0.55,0.398,0.11,0.000,-0.41
03/10/2021 10:40:00,5000,1,1496.89,22,0.10,0.51,0.364,0.11,0.000,-0.44
03/10/2021 10:41:00,5000,1,1497.25,22,0.10,0.50,0.357,0.08,0.000,-0.40
03/10/2021 10:42:00,5000,1,1497.63,22,0.10,0.53,0.380,0.08,0.000,-0.42
03/10/2021 10:43:00,5000,1,1498.01,22,0.10,0.52,0.378,0.12,0.000,-0.44
03/10/2021 10:44:00,5000,1,1498.40,22,0.10,0.55,0.396,0.07,0.000,-0.44
03/10/2021 10:45:00,5000,1,1498.79,22,0.10,0.54,0.388,0.02,0.000,-0.44
03/10/2021 10:46:00,5000,1,1499.20,22,0.10,0.56,0.406,0.05,0.000,-0.46
03/10/2021 10:47:00,5000,1,1499.58,22,0.10,0.53,0.380,0.12,0.000,-0.45
03/10/2021 10:48:00,5000,1,1499.98,22,0.10,0.56,0.403,0.12,0.000,-0.43
03/10/2021 10:49:00,5000,1,1500.35,22,0.10,0.52,0.375,0.10,0.000,-0.46
03/10/2021 10:50:00,5000,1,1500.76,22,0.10,0.57,0.409,0.02,0.000,-0.43
03/10/2021 10:51:00,5000,1,1501.15,22,0.10,0.54,0.385,0.05,0.000,-0.47
03/10/2021 10:52:00,5000,1,1501.56,22,0.10,0.57,0.409,0.02,0.000,-0.44
03/10/2021 10:53:00,5000,1,1501.95,22,0.10,0.54,0.389,-0.02,0.000,-0.43
03/10/2021 10:54:00,5000,1,1502.37,22,0.10,0.58,0.421,0.00,0.000,-0.47
03/10/2021 10:55:00,5000,1,1502.77,22,0.10,0.55,0.398,0.02,0.000,-0.47
03/10/2021 10:56:00,5000,1,1503.18,22,0.10,0.57,0.413,0.00,0.000,-0.45
03/10/2021 10:57:00,5000,1,1503.55,22,0.10,0.52,0.372,0.05,0.000,-0.46
03/10/2021 10:58:00,5000,1,1503.94,22,0.10,0.55,0.392,-0.02,0.000,-0.49
03/10/2021 10:59:00,5000,1,1504.34,22,0.10,0.56,0.401,0.02,0.000,-0.43
03/10/2021 11:00:00,5000,1,1504.73,22,0.10,0.54,0.385,-0.02,0.000,-0.47
03/10/2021 11:01:00,5000,1,1505.15,22,0.10,0.58,0.419,-0.01,0.000,-0.46
03/10/2021 11:02:00,5000,1,1505.55,22,0.10,0.56,0.406,0.03,0.000,-0.43
03/10/2021 11:03:00,5000,1,1505.96,22,0.10,0.56,0.406,0.00,0.000,-0.47
03/10/2021 11:04:00,5000,1,1506.34,22,0.10,0.53,0.382,0.06,0.000,-0.43
03/10/2021 11:05:00,5000,1,1506.75,22,0.10,0.56,0.403,0.01,0.000,-0.47
03/10/2021 11:06:00,5000,1,1507.15,22,0.10,0.57,0.408,0.02,0.000,-0.47
03/10/2021 11:07:00,5000,1,1507.56,22,0.10,0.56,0.405,0.07,0.000,-0.44
03/10/2021 11:08:00,5000,1,1507.97,22,0.10,0.56,0.406,-0.03,0.000,-0.46
03/10/2021 11:09:00,5000,1,1508.36,22,0.10,0.55,0.394,-0.03,0.000,-0.48
03/10/2021 11:10:00,5000,1,1508.75,22,0.10,0.55,0.393,-0.04,0.000,-0.49
03/10/2021 11:11:00,5000,1,1509.16,22,0.10,0.57,0.409,-0.05,0.000,-0.47
03/10/2021 11:12:00,5000,1,1509.51,22,0.10,0.49,0.350,-0.01,0.000,-0.49
03/10/2021 11:13:00,5000,1,1509.93,22,0.10,0.57,0.413,-0.02,0.000,-0.46
03/10/2021 11:14:00,5000,1,1510.34,22,0.10,0.57,0.412,0.00,0.000,-0.45
03/10/2021 11:15:00,5000,1,1510.73,22,0.10,0.54,0.388,-0.01,0.000,-0.47
03/10/2021 11:16:00,5000,1,1511.15,22,0.10,0.58,0.419,-0.02,0.000,-0.50
03/10/2021 11:17:00,5000,1,1511.48,22,0.10,0.46,0.332,-0.04,0.000,-0.48
03/10/2021 11:18:00,5000,1,1511.85,22,0.10,0.52,0.375,-0.03,0.000,-0.48
03/10/2021 11:19:00,5000,1,1512.27,22,0.10,0.57,0.412,-0.05,0.000,-0.48
03/10/2021 11:20:00,5000,1,1512.65,22,0.10,0.53,0.383,-0.06,0.000,-0.50
03/10/2021 11:21:00,5000,1,1513.05,22,0.10,0.56,0.400,-0.01,0.000,-0.51
03/10/2021 11:22:00,5000,1,1513.42,22,0.10,0.52,0.372,-0.03,0.000,-0.53
03/10/2021 11:23:00,5000,1,1513.83,22,0.10,0.57,0.410,-0.08,0.000,-0.53
03/10/2021 11:24:00,5000,1,1514.23,22,0.10,0.56,0.401,-0.04,0.000,-0.48
03/10/2021 11:25:00,5000,1,1514.61,22,0.10,0.53,0.381,-0.04,0.000,-0.51
03/10/2021 11:26:00,5000,1,1515.03,22,0.10,0.57,0.413,-0.06,0.000,-0.52
03/10/2021 11:27:00,5000,1,1515.41,22,0.10,0.53,0.383,-0.05,0.000,-0.48
03/10/2021 11:28:00,5000,1,1515.82,22,0.10,0.58,0.415,-0.05,0.000,-0.50
03/10/2021 11:29:00,5000,1,1516.23,22,0.10,0.57,0.407,-0.05,0.000,-0.51
03/10/2021 11:30:00,5000,1,1516.64,22,0.10,0.57,0.407,-0.05,0.000,-0.51
03/10/2021 11:31:00,5000,1,1517.00,22,0.10,0.51,0.366,-0.02,0.000,-0.51
03/10/2021 11:32:00,5000,1,1517.40,22,0.10,0.56,0.401,-0.03,0.000,-0.52
03/10/2021 11:33:00,5000,1,1517.79,22,0.10,0.54,0.387,-0.04,0.000,-0.50
03/10/2021 11:34:00,5000,1,1518.18,22,0.10,0.54,0.390,-0.04,0.000,-0.51
03/10/2021 11:35:00,5000,1,1518.58,22,0.10,0.56,0.404,-0.05,0.000,-0.55
03/10/2021 11:36:00,5000,1,1518.98,22,0.10,0.55,0.395,-0.05,0.000,-0.53
03/10/2021 11:37:00,5000,1,1519.36,22,0.10,0.53,0.381,-0.06,0.000,-0.50
03/10/2021 11:38:00,5000,1,1519.77,22,0.10,0.57,0.413,-0.04,0.000,-0.52
03/10/2021 11:39:00,5000,1,1520.18,22,0.10,0.56,0.405,-0.04,0.000,-0.53
03/10/2021 11:40:00,5000,1,1520.59,22,0.10,0.57,0.413,-0.02,0.000,-0.51
03/10/2021 11:41:00,5000,1,1520.99,22,0.10,0.56,0.401,-0.06,0.000,-0.53
03/10/2021 11:42:00,5000,1,1521.38,22,0.10,0.54,0.388,-0.05,0.000,-0.53
03/10/2021 11:43:00,5000,1,1521.77,22,0.10,0.54,0.388,-0.06,0.000,-0.51
03/10/2021 11:44:00,5000,1,1522.18,22,0.10,0.57,0.407,-0.03,0.000,-0.52
03/10/2021 11:45:00,5000,1,1522.57,22,0.10,0.55,0.394,-0.07,0.000,-0.51
03/10/2021 11:46:00,5000,1,1522.99,22,0.10,0.58,0.419,-0.06,0.000,-0.53
03/10/2021 11:47:00,5000,1,1523.35,22,0.10,0.50,0.362,-0.05,0.000,-0.55
03/10/2021 11:48:00,5000,1,1523.75,22,0.10,0.55,0.396,-0.04,0.000,-0.53
03/10/2021 11:49:00,5000,1,1524.13,22,0.10,0.53,0.383,-0.05,0.000,-0.53
03/10/2021 11:50:00,5000,1,1524.53,22,0.10,0.56,0.402,-0.05,0.000,-0.52
03/10/2021 11:51:00,5000,1,1524.89,22,0.10,0.50,0.362,-0.05,0.000,-0.53
03/10/2021 11:52:00,5000,1,1525.29,22,0.10,0.56,0.401,-0.05,0.000,-0.56
03/10/2021 11:53:00,5000,1,1525.68,22,0.10,0.54,0.388,-0.06,0.000,-0.52
03/10/2021 11:54:00,5000,1,1526.07,22,0.10,0.54,0.390,-0.07,0.000,-0.51
03/10/2021 11:55:00,5000,1,1526.48,22,0.10,0.57,0.410,-0.04,0.000,-0.53
03/10/2021 11:56:00,5000,1,1526.87,22,0.10,0.55,0.393,-0.05,0.000,-0.53
03/10/2021 11:57:00,5000,1,1527.29,22,0.10,0.58,0.415,-0.06,0.000,-0.54
03/10/2021 11:58:00,5000,1,1527.69,22,0.10,0.56,0.401,-0.05,0.000,-0.53
03/10/2021 11:59:00,5000,1,1528.10,22,0.10,0.57,0.413,-0.06,0.000,-0.55
03/10/2021 12:00:00,5000,1,1528.52,22,0.10,0.57,0.413,-0.05,0.000,-0.55
03/10/2021 12:01:00,5000,1,1528.93,22,0.10,0.57,0.410,-0.04,0.000,-0.53
03/10/2021 12:02:00,5000,1,1529.33,22,0.10,0.57,0.408,-0.04,0.000,-0.53
03/10/2021 12:03:00,5000,1,1529.72,22,0.10,0.54,0.387,-0.06,0.000,-0.54
03/10/2021 12:04:00,5000,1,1530.13,22,0.10,0.56,0.406,-0.05,0.000,-0.53
03/10/2021 12:05:00,5000,1,1530.52,22,0.10,0.54,0.391,-0.05,0.000,-0.51
03/10/2021 12:06:00,5000,1,1530.90,22,0.10,0.53,0.381,-0.03,0.000,-0.55
03/10/2021 12:07:00,5000,1,1531.30,22,0.10,0.56,0.403,-0.04,0.000,-0.53
03/10/2021 12:08:00,5000,1,1531.68,22,0.10,0.53,0.384,-0.03,0.000,-0.55
03/10/2021 12:09:00,5000,1,1532.09,22,0.10,0.56,0.402,-0.03,0.000,-0.51
03/10/2021 12:10:00,5000,1,1532.44,22,0.10,0.49,0.355,-0.02,0.000,-0.53
03/10/2021 12:11:00,5000,1,1532.83,22,0.10,0.55,0.392,-0.03,0.000,-0.56
03/10/2021 12:12:00,5000,1,1533.24,22,0.10,0.57,0.411,-0.03,0.000,-0.53
03/10/2021 12:13:00,5000,1,1533.65,22,0.10,0.56,0.401,-0.04,0.000,-0.53
03/10/2021 12:14:00,5000,1,1534.05,22,0.10,0.56,0.403,-0.03,0.000,-0.56
03/10/2021 12:15:00,5000,1,1534.46,22,0.10,0.57,0.413,-0.05,0.000,-0.53
03/10/2021 12:16:00,5000,1,1534.87,22,0.10,0.57,0.411,-0.03,0.000,-0.53
03/10/2021 12:17:00,5000,1,1535.26,22,0.10,0.54,0.390,-0.05,0.000,-0.54
03/10/2021 12:18:00,5000,1,1535.67,22,0.10,0.56,0.403,-0.07,0.000,-0.57
03/10/2021 12:19:00,5000,1,1536.06,22,0.10,0.55,0.392,-0.04,0.000,-0.56
03/10/2021 12:20:00,5000,1,1536.47,22,0.10,0.57,0.409,-0.03,0.000,-0.53
03/10/2021 12:21:00,5000,1,1536.88,22,0.10,0.58,0.416,-0.07,0.000,-0.56
03/10/2021 12:22:00,5000,1,1537.30,22,0.10,0.58,0.415,-0.04,0.000,-0.55
03/10/2021 12:23:00,5000,1,1537.69,22,0.10,0.55,0.396,-0.04,0.000,-0.55
03/10/2021 12:24:00,5000,1,1538.10,22,0.10,0.56,0.406,-0.05,0.000,-0.55
03/10/2021 12:25:00,5000,1,1538.46,22,0.10,0.50,0.362,-0.08,0.000,-0.55
03/10/2021 12:26:00,5000,1,1538.85,22,0.10,0.54,0.385,-0.05,0.000,-0.55
03/10/2021 12:27:00,5000,1,1539.26,22,0.10,0.57,0.409,-0.07,0.000,-0.56
03/10/2021 12:28:00,5000,1,1539.65,22,0.10,0.55,0.393,-0.03,0.000,-0.53
03/10/2021 12:29:00,5000,1,1540.06,22,0.10,0.57,0.408,-0.06,0.000,-0.56
03/10/2021 12:30:00,5000,1,1540.45,22,0.10,0.55,0.393,-0.06,0.000,-0.56
03/10/2021 12:31:00,5000,1,1540.87,22,0.10,0.58,0.416,-0.05,0.000,-0.57
03/10/2021 12:32:00,5000,1,1541.27,22,0.10,0.57,0.409,-0.05,0.000,-0.56
03/10/2021 12:33:00,5000,1,1541.68,22,0.10,0.57,0.410,-0.05,0.000,-0.55
03/10/2021 12:34:00,5000,1,1542.08,22,0.10,0.55,0.392,-0.04,0.000,-0.56
03/10/2021 12:35:00,5000,1,1542.48,22,0.10,0.56,0.401,-0.06,0.000,-0.57
03/10/2021 12:36:00,5000,1,1542.88,22,0.10,0.56,0.402,-0.05,0.000,-0.56
03/10/2021 12:37:00,5000,1,1543.25,22,0.10,0.51,0.370,-0.05,0.000,-0.56
03/10/2021 12:38:00,5000,1,1543.62,22,0.10,0.51,0.370,-0.05,0.000,-0.55
03/10/2021 12:39:00,5000,1,1544.02,22,0.10,0.55,0.398,-0.03,0.000,-0.56
03/10/2021 12:40:00,5000,1,1544.42,22,0.10,0.56,0.404,-0.08,0.000,-0.57
03/10/2021 12:41:00,5000,1,1544.81,22,0.10,0.54,0.387,-0.05,0.000,-0.57
03/10/2021 12:42:00,5000,1,1545.20,22,0.10,0.55,0.392,-0.06,0.000,-0.55
03/10/2021 12:43:00,5000,1,1545.60,22,0.10,0.56,0.403,-0.05,0.000,-0.55
03/10/2021 12:44:00,5000,1,1546.01,22,0.10,0.57,0.408,-0.04,0.000,-0.56
03/10/2021 12:45:00,5000,1,1546.42,22,0.10,0.57,0.409,-0.06,0.000,-0.56
03/10/2021 12:46:00,5000,1,1546.77,22,0.10,0.49,0.350,-0.06,0.000,-0.56
03/10/2021 12:47:00,5000,1,1547.18,22,0.10,0.56,0.406,-0.04,0.000,-0.57
03/10/2021 12:48:00,5000,1,1547.58,22,0.10,0.56,0.406,-0.06,0.000,-0.56
03/10/2021 12:49:00,5000,1,1547.97,22,0.10,0.54,0.385,-0.06,0.000,-0.56
03/10/2021 12:50:00,5000,1,1548.36,22,0.10,0.54,0.390,-0.07,0.000,-0.56
03/10/2021 12:51:00,5000,1,1548.73,22,0.10,0.52,0.375,-0.05,0.000,-0.57
03/10/2021 12:52:00,5000,1,1549.11,22,0.10,0.53,0.378,-0.07,0.000,-0.58
03/10/2021 12:53:00,5000,1,1549.50,22,0.10,0.54,0.388,-0.05,0.000,-0.58
03/10/2021 12:54:00,5000,1,1549.88,22,0.10,0.53,0.380,-0.04,0.000,-0.57
03/10/2021 12:55:00,5000,1,1550.29,22,0.10,0.58,0.414,-0.07,0.000,-0.57
03/10/2021 12:56:00,5000,1,1550.70,22,0.10,0.57,0.411,-0.06,0.000,-0.57
03/10/2021 12:57:00,5000,1,1551.11,22,0.10,0.56,0.405,-0.04,0.000,-0.57
03/10/2021 12:58:00,5000,1,1551.51,22,0.10,0.56,0.401,-0.05,0.000,-0.56
03/10/2021 12:59:00,5000,1,1551.90,22,0.10,0.55,0.394,-0.08,0.000,-0.59
03/10/2021 13:00:00,5000,1,1552.29,22,0.10,0.54,0.389,-0.04,0.000,-0.57
03/10/2021 13:01:00,5000,1,1552.70,22,0.10,0.56,0.403,-0.06,0.000,-0.59
03/10/2021 13:02:00,5000,1,1553.12,22,0.10,0.58,0.420,-0.06,0.000,-0.57
03/10/2021 13:03:00,5000,1,1553.49,22,0.10,0.52,0.377,-0.05,0.000,-0.58
03/10/2021 13:04:00,5000,1,1553.90,22,0.10,0.57,0.410,-0.05,0.000,-0.57
03/10/2021 13:05:00,5000,1,1554.31,22,0.10,0.56,0.404,-0.05,0.000,-0.58
03/10/2021 13:06:00,5000,1,1554.71,22,0.10,0.56,0.401,-0.05,0.000,-0.59
03/10/2021 13:07:00,5000,1,1555.10,22,0.10,0.55,0.396,-0.07,0.000,-0.58
03/10/2021 13:08:00,5000,1,1555.47,22,0.10,0.51,0.366,-0.06,0.000,-0.57
03/10/2021 13:09:00,5000,1,1555.89,22,0.10,0.58,0.416,-0.06,0.000,-0.58
03/10/2021 13:10:00,5000,1,1556.27,22,0.10,0.53,0.383,-0.07,0.000,-0.58
03/10/2021 13:11:00,5000,1,1556.68,22,0.10,0.58,0.415,-0.04,0.000,-0.56
03/10/2021 13:12:00,5000,1,1557.08,22,0.10,0.56,0.401,-0.07,0.000,-0.57
03/10/2021 13:13:00,5000,1,1557.48,22,0.10,0.56,0.400,-0.06,0.000,-0.58
03/10/2021 13:14:00,5000,1,1557.87,22,0.10,0.54,0.387,-0.04,0.000,-0.43
03/10/2021 13:15:00,5000,1,1558.29,22,0.10,0.58,0.415,-0.06,0.000,-0.38
03/10/2021 13:16:00,5000,1,1558.68,22,0.10,0.54,0.391,-0.04,66.944,0.97
03/10/2021 13:17:00,5000,1,1560.29,22,0.28,0.49,1.615,2.19,593.028,3.39
03/10/2021 13:18:00,5000,1,1600.63,22,2.75,0.40,40.338,4.57,1337.660,5.62
03/10/2021 13:19:00,5000,1,2451.46,22,5.22,3.31,850.828,5.95,2383.673,8.23
03/10/2021 13:20:00,5000,1,3978.98,22,7.50,3.55,1527.526,9.02,2724.177,8.98
03/10/2021 13:21:00,5000,1,1087.75,22,9.78,3.38,2108.769,8.42,3744.432,10.60
03/10/2021 13:22:00,5000,1,3515.48,23,10.52,3.53,2427.724,8.29,3466.707,10.19
03/10/2021 13:23:00,5000,1,869.45,23,9.77,3.78,2353.969,6.76,3041.579,9.53
03/10/2021 13:24:00,5000,1,3140.12,24,9.25,3.93,2270.673,5.93,2654.587,8.84
03/10/2021 13:25:00,5000,1,99.70,24,8.38,3.89,1959.578,4.08,1875.338,7.00
03/10/2021 13:26:00,5000,1,1502.68,25,7.12,3.50,1402.983,1.58,1605.419,6.32
03/10/2021 13:27:00,5000,1,2449.73,25,4.90,4.04,947.051,0.73,904.067,4.39
03/10/2021 13:28:00,5000,1,2948.87,25,3.27,3.84,499.138,1.02,712.242,3.79
03/10/2021 13:29:00,5000,1,3275.64,25,2.41,3.93,326.769,0.61,584.482,3.36
03/10/2021 13:30:00,5000,1,3503.71,25,2.15,3.24,228.078,0.15,353.778,2.49
03/10/2021 13:31:00,5000,1,3665.38,25,1.63,3.46,161.669,0.44,400.981,2.68
03/10/2021 13:32:00,5000,1,3907.85,25,2.16,3.44,242.471,0.23,235.761,1.96
03/10/2021 13:33:00,5000,1,4074.97,25,1.68,3.43,167.113,0.30,144.538,1.48
03/10/2021 13:34:00,5000,1,4325.84,25,2.02,3.93,250.872,0.25,16.661,0.53
03/10/2021 13:35:00,5000,1,4623.51,25,2.28,3.89,297.672,0.00,0.000,-0.29
03/10/2021 13:36:00,5000,1,4931.35,25,2.26,4.07,307.837,0.31,7.047,0.25
03/10/2021 13:37:00,5000,1,240.56,25,2.47,3.59,309.215,0.12,5.919,0.21
03/10/2021 13:38:00,5000,1,511.26,26,2.26,3.59,270.698,0.19,7.610,0.27
03/10/2021 13:39:00,5000,1,782.28,26,2.26,3.59,271.019,0.05,14.093,0.50
03/10/2021 13:40:00,5000,1,1045.45,26,2.26,3.49,263.171,0.03,18.946,0.55
03/10/2021 13:41:00,5000,1,1301.75,26,2.21,3.50,256.301,-0.06,9.583,0.34
03/10/2021 13:42:00,5000,1,1507.61,26,1.92,3.47,205.852,-0.01,3.664,0.13
03/10/2021 13:43:00,5000,1,1699.20,26,1.90,3.27,191.595,-0.17,4.228,0.15
03/10/2021 13:44:00,5000,1,1846.79,26,1.69,3.01,147.590,0.02,5.637,0.20
03/10/2021 13:45:00,5000,1,2022.69,26,1.83,3.18,175.895,0.32,1.691,0.06
03/10/2021 13:46:00,5000,1,2175.21,26,1.65,3.22,152.521,0.40,8.174,0.29
03/10/2021 13:47:00,5000,1,2331.44,26,1.66,3.25,156.231,0.06,6.483,0.23
03/10/2021 13:48:00,5000,1,2494.85,26,1.64,3.49,163.414,0.51,7.610,0.27
03/10/2021 13:49:00,5000,1,2689.17,26,2.04,2.99,194.314,0.25,3.946,0.14
03/10/2021 13:50:00,5000,1,2852.44,26,1.69,3.32,163.279,0.35,4.792,0.17
03/10/2021 13:51:00,5000,1,3043.12,26,1.92,3.21,190.674,0.36,5.355,0.19
03/10/2021 13:52:00,5000,1,3237.05,26,1.87,3.39,193.931,0.36,7.328,0.26
03/10/2021 13:53:00,5000,1,3450.77,26,1.95,3.51,213.719,0.41,6.483,0.23
03/10/2021 13:54:00,5000,1,3640.31,26,1.92,3.19,189.545,0.55,2.537,0.09
03/10/2021 13:55:00,5000,1,3794.58,26,1.61,3.37,154.268,0.52,4.792,0.17
03/10/2021 13:56:00,5000,1,3941.89,26,1.65,3.11,147.312,0.45,0.000,-0.05
03/10/2021 13:57:00,5000,1,4072.58,26,1.66,2.73,130.687,0.55,5.919,0.21
03/10/2021 13:58:00,5000,1,4159.72,26,1.32,2.56,87.141,0.48,0.000,-0.02
03/10/2021 13:59:00,5000,1,4220.70,26,1.11,2.31,60.984,0.62,8.738,0.31
03/10/2021 14:00:00,5000,1,4305.93,26,1.26,2.69,85.226,0.61,6.483,0.23
03/10/2021 14:01:00,5000,1,4363.22,26,1.17,2.01,57.293,0.47,9.583,0.34
03/10/2021 14:02:00,5000,1,4418.14,26,1.09,2.15,54.916,0.51,9.020,0.32
03/10/2021 14:03:00,5000,1,4480.18,26,1.13,2.30,62.042,0.52,4.792,0.17
03/10/2021 14:04:00,5000,1,4539.25,26,1.13,2.19,59.071,0.55,1.691,0.06
03/10/2021 14:05:00,5000,1,4582.18,26,0.87,2.33,42.931,0.61,3.382,0.12
03/10/2021 14:06:00,5000,1,4645.75,26,1.04,2.64,63.563,0.53,3.946,0.14
03/10/2021 14:07:00,5000,1,4693.06,26,1.07,1.91,47.315,0.69,6.201,0.22
03/10/2021 14:08:00,5000,1,4732.10,26,0.96,1.84,39.034,0.48,7.047,0.25
03/10/2021 14:09:00,5000,1,4761.23,26,0.75,2.00,29.132,0.70,6.765,0.24
03/10/2021 14:10:00,5000,1,4780.70,26,0.62,1.77,19.472,0.43,7.892,0.28
03/10/2021 14:11:00,5000,1,4817.01,26,0.83,2.12,36.306,0.49,2.255,0.08
03/10/2021 14:12:00,5000,1,4843.84,26,0.75,1.84,26.833,0.58,6.765,0.24
03/10/2021 14:13:00,5000,1,4869.49,26,0.70,1.92,25.656,0.55,3.664,0.13
03/10/2021 14:14:00,5000,1,4898.96,26,0.79,1.86,29.469,0.57,2.255,0.08
03/10/2021 14:15:00,5000,1,4921.17,26,0.70,1.67,22.204,0.57,2.537,0.09
03/10/2021 14:16:00,5000,1,4945.47,26,0.66,2.00,24.304,0.51,2.537,0.09
03/10/2021 14:17:00,5000,1,4955.41,26,0.83,0.58,9.936,0.63,2.819,0.10
03/10/2021 14:18:00,5000,1,4963.48,26,0.75,0.56,8.076,0.73,1.691,0.06
03/10/2021 14:19:00,5000,1,4998.47,26,0.79,2.21,34.986,0.65,3.100,0.11
03/10/2021 14:20:00,5000,1,26.47,26,0.70,2.10,28.002,0.56,2.255,0.08
03/10/2021 14:21:00,5000,1,81.95,27,0.66,4.57,55.480,0.63,3.100,0.11
03/10/2021 14:22:00,5000,1,157.34,27,1.59,1.68,75.386,0.55,0.846,0.03
03/10/2021 14:23:00,5000,1,166.61,27,0.53,1.05,9.270,0.60,2.819,0.10
03/10/2021 14:24:00,5000,1,178.28,27,0.62,1.06,11.670,0.60,3.100,0.11
03/10/2021 14:25:00,5000,1,185.00,27,0.45,0.99,6.722,0.62,4.228,0.15
03/10/2021 14:26:00,5000,1,190.54,27,0.58,0.56,5.541,0.55,0.000,-0.03
03/10/2021 14:27:00,5000,1,194.93,27,0.62,0.40,4.396,0.59,5.637,0.20
03/10/2021 14:28:00,5000,1,200.15,27,0.58,0.53,5.215,0.60,3.664,0.13
03/10/2021 14:29:00,5000,1,204.58,27,0.49,0.57,4.430,0.51,0.564,0.02
03/10/2021 14:30:00,5000,1,208.53,27,0.58,0.40,3.950,0.48,3.664,0.13
03/10/2021 14:31:00,5000,1,213.41,27,0.53,0.55,4.877,0.55,2.255,0.08
03/10/2021 14:32:00,5000,1,220.02,27,0.66,0.55,6.616,0.52,4.510,0.16
03/10/2021 14:33:00,5000,1,225.62,27,0.58,0.57,5.600,0.46,5.074,0.18
03/10/2021 14:34:00,5000,1,230.67,27,0.58,0.51,5.047,0.47,4.228,0.15
03/10/2021 14:35:00,5000,1,235.04,27,0.49,0.56,4.368,0.45,4.228,0.15
03/10/2021 14:36:00,5000,1,240.59,27,0.58,0.56,5.550,0.54,4.792,0.17
03/10/2021 14:37:00,5000,1,244.84,27,0.49,0.55,4.251,0.43,4.510,0.16
03/10/2021 14:38:00,5000,1,248.97,27,0.49,0.53,4.134,0.35,5.355,0.19
03/10/2021 14:39:00,5000,1,253.88,27,0.53,0.56,4.903,0.48,3.946,0.14
03/10/2021 14:40:00,5000,1,257.70,27,0.45,0.56,3.819,0.51,4.792,0.17
03/10/2021 14:41:00,5000,1,262.21,27,0.53,0.51,4.516,0.44,5.355,0.19
03/10/2021 14:42:00,5000,1,265.01,27,0.40,0.48,2.797,0.41,4.510,0.16
03/10/2021 14:43:00,5000,1,268.64,27,0.45,0.54,3.629,0.41,4.510,0.16
03/10/2021 14:44:00,5000,1,271.83,27,0.40,0.55,3.189,0.38,3.382,0.12
03/10/2021 14:45:00,5000,1,276.51,27,0.53,0.53,4.683,0.38,3.946,0.14
03/10/2021 14:46:00,5000,1,280.82,27,0.49,0.56,4.313,0.39,2.537,0.09
03/10/2021 14:47:00,5000,1,283.97,27,0.40,0.54,3.148,0.36,2.819,0.10
03/10/2021 14:48:00,5000,1,288.25,27,0.49,0.55,4.282,0.36,2.819,0.10
03/10/2021 14:49:00,5000,1,293.76,27,0.58,0.56,5.511,0.38,2.255,0.08
03/10/2021 14:50:00,5000,1,297.34,27,0.45,0.53,3.575,0.47,2.819,0.10
03/10/2021 14:51:00,5000,1,301.47,27,0.53,0.47,4.129,0.36,2.537,0.09
03/10/2021 14:52:00,5000,1,305.97,27,0.49,0.58,4.500,0.45,2.537,0.09
03/10/2021 14:53:00,5000,1,310.91,27,0.53,0.56,4.939,0.38,2.255,0.08
03/10/2021 14:54:00,5000,1,315.67,27,0.53,0.54,4.763,0.39,3.100,0.11
03/10/2021 14:55:00,5000,1,318.94,27,0.40,0.56,3.270,0.44,3.664,0.13
03/10/2021 14:56:00,5000,1,322.55,27,0.45,0.53,3.609,0.48,4.228,0.15
03/10/2021 14:57:00,5000,1,327.34,27,0.53,0.54,4.789,0.49,3.946,0.14
03/10/2021 14:58:00,5000,1,331.88,27,0.53,0.52,4.542,0.50,5.355,0.19
03/10/2021 14:59:00,5000,1,352.09,27,0.58,2.05,20.217,0.53,7.610,0.27
03/10/2021 15:00:00,5000,1,391.76,27,0.87,2.15,39.670,0.56,10.147,0.36
03/10/2021 15:01:00,5000,1,421.76,27,0.83,1.75,29.995,0.42,3.382,0.12
03/10/2021 15:02:00,5000,1,448.69,27,0.75,1.85,26.935,0.50,13.529,0.48
03/10/2021 15:03:00,5000,1,478.46,27,0.79,1.88,29.769,0.50,6.765,0.24
03/10/2021 15:04:00,5000,1,513.74,27,0.83,2.06,35.280,0.58,6.201,0.22
03/10/2021 15:05:00,5000,1,545.08,27,0.79,1.98,31.334,0.54,6.201,0.22
03/10/2021 15:06:00,5000,1,569.11,27,0.79,1.52,24.030,0.65,1.973,0.07
03/10/2021 15:07:00,5000,1,600.80,27,0.83,1.85,31.688,0.68,1.127,0.04
03/10/2021 15:08:00,5000,1,618.84,27,0.70,1.35,18.046,0.68,1.973,0.07
03/10/2021 15:09:00,5000,1,643.16,27,0.75,1.67,24.315,0.54,2.819,0.10
03/10/2021 15:10:00,5000,1,667.32,27,0.66,1.99,24.159,0.63,3.100,0.11
03/10/2021 15:11:00,5000,1,684.36,27,0.62,1.55,17.044,0.54,1.691,0.06
03/10/2021 15:12:00,5000,1,706.94,27,0.66,1.86,22.580,0.50,1.691,0.06
03/10/2021 15:13:00,5000,1,715.82,27,0.58,0.90,8.879,0.55,3.382,0.12
03/10/2021 15:14:00,5000,1,725.43,27,0.62,0.88,9.615,0.53,1.973,0.07
03/10/2021 15:15:00,5000,1,729.83,27,0.62,0.40,4.396,0.52,1.973,0.07
03/10/2021 15:16:00,5000,1,733.78,27,0.58,0.40,3.950,0.47,1.409,0.05
03/10/2021 15:17:00,5000,1,796.32,27,0.58,6.33,62.536,0.53,2.537,0.09
03/10/2021 15:18:00,5000,1,825.45,27,2.20,0.40,29.137,0.47,1.409,0.05
03/10/2021 15:19:00,5000,1,831.04,27,0.58,0.57,5.590,0.49,5.074,0.18
03/10/2021 15:20:00,5000,1,835.15,27,0.49,0.53,4.111,0.50,3.946,0.14
03/10/2021 15:21:00,5000,1,838.49,27,0.45,0.49,3.330,0.45,4.792,0.17
03/10/2021 15:22:00,5000,1,843.45,27,0.58,0.50,4.968,0.45,4.792,0.17
03/10/2021 15:23:00,5000,1,847.61,27,0.49,0.54,4.158,0.39,4.792,0.17
03/10/2021 15:24:00,5000,1,851.19,27,0.45,0.53,3.575,0.44,5.637,0.20
03/10/2021 15:25:00,5000,1,854.05,27,0.40,0.49,2.862,0.57,4.792,0.17
03/10/2021 15:26:00,5000,1,873.79,27,0.49,2.54,19.740,0.38,283.167,2.18
03/10/2021 15:27:00,5000,1,989.31,27,1.32,3.40,115.519,0.85,1.973,0.07
03/10/2021 15:28:00,5000,1,1311.38,27,2.55,3.56,322.073,0.49,871.075,4.29
03/10/2021 15:29:00,5000,1,1676.50,27,2.80,3.53,365.120,-0.34,1213.475,5.28
03/10/2021 15:30:00,5000,1,2074.89,27,2.83,3.79,398.389,0.77,1166.047,5.15
03/10/2021 15:31:00,5000,1,2517.79,27,3.03,3.81,442.908,0.81,861.177,4.26
03/10/2021 15:32:00,5000,1,3023.82,27,2.82,4.82,506.027,1.24,960.154,4.56
03/10/2021 15:33:00,5000,1,3517.76,27,3.28,3.78,493.933,1.04,1130.378,5.05
03/10/2021 15:34:00,5000,1,3833.06,27,2.34,3.96,315.305,0.07,767.824,3.97
03/10/2021 15:35:00,5000,1,4129.13,27,2.29,3.84,296.067,0.63,499.014,3.06
03/10/2021 15:36:00,5000,1,4427.77,27,2.28,3.90,298.643,1.03,326.445,2.37
03/10/2021 15:37:00,5000,1,4813.92,27,2.56,4.24,386.149,0.32,107.035,1.24
03/10/2021 15:38:00,5000,1,233.82,27,3.02,3.63,419.901,0.48,46.374,0.79
03/10/2021 15:39:00,5000,1,566.94,28,2.62,3.55,333.118,1.11,125.787,1.36
03/10/2021 15:40:00,5000,1,908.67,28,2.54,3.81,341.737,0.65,26.946,0.62
03/10/2021 15:41:00,5000,1,1258.59,28,2.61,3.74,349.914,0.86,42.945,0.76
03/10/2021 15:42:00,5000,1,1575.68,28,2.50,3.63,317.092,1.14,12.402,0.44
03/10/2021 15:43:00,5000,1,1939.32,28,2.66,3.79,363.639,0.33,226.062,1.91
03/10/2021 15:44:00,5000,1,2278.53,28,2.60,3.64,339.206,0.86,226.062,1.91
03/10/2021 15:45:00,5000,1,2552.45,28,2.24,3.68,273.928,1.33,267.223,2.11
03/10/2021 15:46:00,5000,1,2831.63,28,2.17,3.93,279.180,0.03,103.910,1.22
03/10/2021 15:47:00,5000,1,3069.61,28,2.07,3.59,237.980,0.61,31.517,0.66
03/10/2021 15:48:00,5000,1,3370.88,28,2.21,4.11,301.262,0.87,53.230,0.85
03/10/2021 15:49:00,5000,1,3643.07,28,2.19,3.77,272.192,0.68,1.127,0.04
03/10/2021 15:50:00,5000,1,3921.33,28,2.21,3.80,278.259,0.38,0.846,0.03
03/10/2021 15:51:00,5000,1,4183.17,28,2.01,4.12,261.838,0.48,0.000,-0.25
03/10/2021 15:52:00,5000,1,4470.56,28,2.19,3.97,287.395,0.64,0.000,-0.44
03/10/2021 15:53:00,5000,1,4754.18,28,2.26,3.76,283.616,0.39,0.000,-0.32
03/10/2021 15:54:00,5000,1,26.57,28,2.16,3.85,272.392,0.07,2.537,0.09
03/10/2021 15:55:00,5000,1,321.49,29,2.29,3.83,294.921,0.18,8.456,0.30
03/10/2021 15:56:00,5000,1,604.93,29,2.32,3.60,283.437,0.39,10.993,0.39
03/10/2021 15:57:00,5000,1,860.67,29,2.22,3.48,255.748,0.47,11.556,0.41
03/10/2021 15:58:00,5000,1,1089.05,29,2.04,3.53,228.379,0.18,5.919,0.21
03/10/2021 15:59:00,5000,1,1287.57,29,1.85,3.55,198.513,0.54,3.664,0.13
03/10/2021 16:00:00,5000,1,1475.15,29,1.90,3.22,187.582,0.02,8.456,0.30
03/10/2021 16:01:00,5000,1,1618.61,29,1.62,3.10,143.460,0.27,20.089,0.56
03/10/2021 16:02:00,5000,1,1784.08,29,1.78,3.11,165.471,0.14,6.765,0.24
03/10/2021 16:03:00,5000,1,1940.17,29,1.70,3.15,156.090,0.22,2.537,0.09
03/10/2021 16:04:00,5000,1,2075.25,29,1.50,3.27,135.078,0.50,6.201,0.22
03/10/2021 16:05:00,5000,1,2250.10,29,1.81,3.20,174.855,0.27,0.000,-0.05
03/10/2021 16:06:00,5000,1,2422.95,29,1.78,3.24,172.851,0.43,3.382,0.12
03/10/2021 16:07:00,5000,1,2609.20,29,1.85,3.33,186.249,0.54,3.100,0.11
03/10/2021 16:08:00,5000,1,2783.48,29,1.84,3.13,174.280,0.33,0.000,-0.03
03/10/2021 16:09:00,5000,1,2970.33,29,1.84,3.36,186.853,0.16,2.819,0.10
03/10/2021 16:10:00,5000,1,3145.45,29,1.77,3.32,175.111,0.51,2.819,0.10
03/10/2021 16:11:00,5000,1,3334.36,29,1.88,3.28,188.915,0.47,6.483,0.23
03/10/2021 16:12:00,5000,1,3480.00,29,1.73,2.85,145.641,0.73,0.000,-0.02
03/10/2021 16:13:00,5000,1,3608.06,29,1.50,3.11,128.055,0.48,0.282,0.01
03/10/2021 16:14:00,5000,1,3732.71,29,1.49,3.07,124.648,0.55,4.510,0.16
03/10/2021 16:15:00,5000,1,3857.97,29,1.51,3.01,125.267,0.46,1.691,0.06
03/10/2021 16:16:00,5000,1,3958.53,29,1.44,2.59,100.561,0.55,0.000,-0.13
03/10/2021 16:17:00,5000,1,4024.88,29,1.21,2.21,66.343,0.73,5.355,0.19
03/10/2021 16:18:00,5000,1,4112.85,29,1.21,2.92,87.978,0.39,5.919,0.21
03/10/2021 16:19:00,5000,1,4213.18,29,1.32,2.95,100.328,0.59,7.047,0.25
03/10/2021 16:20:00,5000,1,4283.82,29,1.46,1.79,70.640,0.65,2.537,0.09
03/10/2021 16:21:00,5000,1,4365.63,29,1.26,2.58,81.804,0.49,5.919,0.21
03/10/2021 16:22:00,5000,1,4408.61,29,1.08,1.70,42.984,0.36,5.355,0.19
03/10/2021 16:23:00,5000,1,4476.22,29,1.17,2.37,67.613,0.48,5.074,0.18
03/10/2021 16:24:00,5000,1,4524.98,29,1.00,2.16,48.761,0.56,1.691,0.06
03/10/2021 16:25:00,5000,1,4571.63,29,1.04,1.94,46.645,0.54,8.738,0.31
03/10/2021 16:26:00,5000,1,4623.56,29,1.04,2.16,51.932,0.35,5.637,0.20
03/10/2021 16:27:00,5000,1,4682.18,29,1.09,2.30,58.614,0.55,4.228,0.15
03/10/2021 16:28:00,5000,1,4722.88,29,0.96,1.92,40.706,0.62,5.074,0.18
03/10/2021 16:29:00,5000,1,4751.27,29,0.83,1.66,28.388,0.68,4.510,0.16
03/10/2021 16:30:00,5000,1,4781.98,29,0.87,1.67,30.715,0.56,1.973,0.07
03/10/2021 16:31:00,5000,1,4789.35,29,0.87,0.40,7.370,0.60,7.610,0.27
03/10/2021 16:32:00,5000,1,4818.61,29,0.92,1.48,29.257,0.50,2.537,0.09
03/10/2021 16:33:00,5000,1,4847.51,29,0.83,1.69,28.901,0.57,4.792,0.17
03/10/2021 16:34:00,5000,1,4858.40,29,0.66,0.90,10.890,0.56,2.255,0.08
03/10/2021 16:35:00,5000,1,4863.73,29,0.70,0.40,5.331,0.45,6.765,0.24
03/10/2021 16:36:00,5000,1,4870.57,29,0.83,0.40,6.840,0.51,5.637,0.20
03/10/2021 16:37:00,5000,1,4887.06,29,0.70,1.24,16.487,0.48,5.637,0.20
03/10/2021 16:38:00,5000,1,4893.90,29,0.83,0.40,6.840,0.48,2.255,0.08
03/10/2021 16:39:00,5000,1,4907.83,29,0.75,0.96,13.926,0.57,3.946,0.14
