,DelDios_flow_cfs,Felicita_flow_cfs,KitCarson_flow_cfs,SanDieguito_flow_cfs,Moonsong_flow_cfs,GreenValley_flow_cfs,Cloverdale_flow_cfs,Guejito_flow_cfs,Sycamore_flow_cfs,ElKu_flow_cfs,ViaRancho_flow_cfs,Tazon_flow_cfs,Oceans11_flow_cfs,Lomica_flow_cfs
0.0,0.094,0.024,0.5,0.0,0.0,0.0,0.0,0.0,0.0,0.0,0.0,0.0,0.0,0.0
0.1,0.098,0.029,0.51,0.094,0.015,0.054,0.0,0.026,0.0,0.007,0.001,0.001,0.0,0.001
0.2,0.103,0.034,0.52,0.188,0.031,0.109,0.0,0.051,0.0,0.023,0.004,0.002,0.0,0.003
0.3,0.107,0.039,0.53,0.281,0.046,0.163,0.0,0.077,0.0,0.044,0.01,0.006,0.0,0.009
0.4,0.111,0.044,0.54,0.375,0.062,0.217,0.0,0.103,0.0,0.07,0.018,0.011,0.0,0.018
0.5,0.116,0.049,0.55,0.469,0.077,0.272,0.0,0.128,0.0,0.105,0.03,0.017,0.001,0.031
0.6,0.12,0.055,0.56,0.562,0.093,0.326,0.0,0.154,0.0,0.141,0.044,0.026,0.002,0.05
0.7,0.125,0.06,0.57,0.656,0.108,0.38,0.0,0.179,0.0,0.181,0.062,0.036,0.003,0.073
0.8,0.129,0.065,0.581,0.75,0.124,0.435,0.0,0.205,0.0,0.232,0.082,0.048,0.005,0.101
0.9,0.133,0.07,0.591,0.844,0.139,0.489,0.0,0.231,0.0,0.281,0.106,0.061,0.008,0.134
1.0,0.138,0.075,0.601,0.938,0.155,0.572,0.0,0.256,0.0,0.334,0.133,0.077,0.011,0.172
1.1,0.142,0.08,0.611,1.031,0.17,0.661,0.0,0.282,0.0,0.398,0.163,0.094,0.015,0.215
1.2,0.147,0.085,0.621,1.125,0.185,0.751,0.0,0.308,0.003,0.459,0.197,0.113,0.02,0.264
1.3,0.151,0.09,0.631,1.219,0.201,0.841,0.0,0.333,0.009,0.524,0.234,0.135,0.026,0.32
1.4,0.155,0.095,0.641,1.312,0.216,0.93,0.0,0.359,0.015,0.602,0.274,0.158,0.032,0.378
1.5,0.16,0.1,0.651,1.406,0.232,1.02,0.0,0.385,0.021,0.675,0.318,0.183,0.04,0.442
1.6,0.164,0.119,0.661,1.5,0.247,1.11,0.0,0.41,0.027,0.753,0.366,0.21,0.047,0.512
1.7,0.169,0.138,0.671,1.594,0.263,1.2,0.0,0.436,0.032,0.844,0.416,0.239,0.057,0.587
1.8,0.173,0.158,0.681,1.688,0.278,1.289,0.0,0.462,0.038,0.929,0.471,0.27,0.067,0.668
1.9,0.177,0.177,0.691,1.781,0.294,1.379,0.0,0.487,0.044,1.018,0.529,0.303,0.077,0.752
2.0,0.182,0.196,0.701,1.875,0.309,1.469,0.0,0.513,0.05,1.123,0.59,0.337,0.09,0.841
2.1,0.186,0.217,0.711,1.969,0.325,1.558,0.0,0.538,0.056,1.22,0.655,0.374,0.103,0.936
2.2,0.191,0.239,0.721,2.062,0.34,1.648,0.0,0.564,0.061,1.321,0.724,0.413,0.117,1.035
2.3,0.195,0.265,0.731,2.156,0.355,1.738,0.0,0.59,0.067,1.44,0.797,0.454,0.132,1.139
2.4,0.2,0.296,0.742,2.25,0.371,1.827,0.0,0.615,0.073,1.549,0.873,0.497,0.149,1.246
2.5,0.217,0.327,0.752,2.344,0.386,1.917,0.0,0.641,0.079,1.663,0.952,0.541,0.167,1.359
2.6,0.233,0.357,0.762,2.438,0.402,2.007,0.0,0.667,0.085,1.795,1.036,0.588,0.186,1.48
2.7,0.25,0.388,0.772,2.531,0.417,2.096,0.0,0.692,0.09,1.917,1.123,0.637,0.205,1.603
2.8,0.272,0.426,0.782,2.625,0.433,2.186,0.0,0.718,0.096,2.042,1.214,0.688,0.228,1.723
2.9,0.294,0.47,0.792,2.719,0.448,2.276,0.0,0.744,0.102,2.189,1.308,0.74,0.25,1.852
3.0,0.316,0.511,0.802,2.812,0.464,2.365,0.0,0.769,0.108,2.323,1.406,0.795,0.273,1.988
3.1,0.338,0.546,0.812,2.906,0.479,2.455,0.0,0.795,0.114,2.461,1.508,0.852,0.3,2.122
3.2,0.36,0.582,0.822,3.0,0.495,2.58,0.0,0.821,0.119,2.622,1.614,0.91,0.326,2.263
3.3,0.382,0.625,0.832,3.094,0.51,2.74,0.0,0.846,0.125,2.769,1.723,0.971,0.355,2.413
3.4,0.405,0.675,0.842,3.188,0.526,2.901,0.0,0.872,0.131,2.92,1.837,1.034,0.384,2.564
3.5,0.432,0.725,0.852,3.281,0.541,3.061,0.0,0.897,0.137,3.096,1.954,1.098,0.415,2.714
3.6,0.459,0.775,0.862,3.375,0.556,3.221,0.0,0.923,0.143,3.256,2.074,1.165,0.449,2.865
3.7,0.486,0.83,0.872,3.469,0.572,3.381,0.0,0.949,0.148,3.421,2.199,1.233,0.484,3.021
3.8,0.513,0.891,0.882,3.562,0.587,3.542,0.0,0.974,0.154,3.611,2.327,1.304,0.521,3.182
3.9,0.539,0.952,0.892,3.656,0.603,3.702,0.0,1.0,0.16,3.784,2.459,1.376,0.559,3.345
4.0,0.566,1.014,0.903,3.75,0.618,3.862,0.0,1.016,0.166,3.962,2.595,1.451,0.597,3.515
4.1,0.592,1.081,0.913,3.844,0.634,4.022,0.0,1.033,0.172,4.168,2.735,1.527,0.639,3.683
4.2,0.623,1.149,0.923,3.938,0.649,4.183,0.0,1.049,0.177,4.355,2.878,1.605,0.681,3.852
4.3,0.657,1.216,0.933,4.031,0.665,4.343,0.0,1.065,0.183,4.547,3.026,1.685,0.725,4.034
4.4,0.69,1.289,0.943,4.125,0.68,4.503,0.0,1.082,0.189,4.768,3.177,1.767,0.77,4.216
4.5,0.723,1.367,0.953,4.219,0.696,4.663,0.0,1.098,0.195,4.969,3.332,1.851,0.821,4.386
4.6,0.758,1.445,0.963,4.312,0.711,4.824,0.0,1.114,0.201,5.175,3.491,1.937,0.869,4.58
4.7,0.8,1.53,0.973,4.406,0.726,4.984,0.0,1.131,0.206,5.412,3.653,2.025,0.922,4.754
4.8,0.838,1.63,0.983,4.5,0.742,5.181,0.0,1.147,0.212,5.628,3.82,2.115,0.975,4.947
4.9,0.875,1.73,0.993,4.594,0.757,5.383,0.0,1.163,0.218,5.848,3.99,2.206,1.033,5.133
5.0,0.913,1.821,1.003,4.688,0.773,5.585,0.0,1.18,0.224,6.101,4.164,2.3,1.092,5.323
5.1,0.951,1.911,1.013,4.781,0.788,5.786,0.0,1.196,0.23,6.331,4.342,2.395,1.151,5.517
5.2,0.989,2.0,1.023,4.875,0.804,5.988,0.0,1.212,0.235,6.566,4.523,2.492,1.21,5.716
5.3,1.034,2.119,1.033,4.969,0.819,6.19,0.0,1.229,0.241,6.836,4.709,2.591,1.275,5.928
5.4,1.082,2.238,1.043,5.062,0.835,6.391,0.0,1.245,0.247,7.081,4.898,2.692,1.341,6.112
5.5,1.13,2.348,1.053,5.156,0.85,6.593,0.0,1.296,0.268,7.331,5.091,2.795,1.408,6.316
5.6,1.178,2.457,1.064,5.25,0.866,6.794,0.0,1.362,0.305,7.618,5.288,2.899,1.48,6.526
5.7,1.226,2.571,1.074,5.344,0.881,6.996,0.0,1.428,0.342,7.878,5.489,3.005,1.555,6.724
5.8,1.277,2.69,1.084,5.438,0.896,7.198,0.0,1.493,0.379,8.143,5.694,3.113,1.629,6.931
5.9,1.332,2.813,1.094,5.531,0.912,7.399,0.0,1.573,0.415,8.447,5.902,3.223,1.703,7.143
6.0,1.386,2.938,1.104,5.625,0.927,7.626,0.0,1.653,0.452,8.722,6.114,3.335,1.784,7.355
6.1,1.44,3.069,1.114,5.719,0.943,7.879,0.0,1.734,0.489,9.003,6.33,3.449,1.863,7.564
6.2,1.495,3.208,1.124,5.812,0.958,8.131,0.0,1.821,0.529,9.325,6.55,3.564,1.954,7.784
6.3,1.555,3.33,1.134,5.906,0.974,8.384,0.0,1.911,0.57,9.616,6.774,3.681,2.041,7.993
6.4,1.616,3.443,1.144,6.0,0.989,8.636,0.0,2.0,0.611,9.912,7.001,3.799,2.13,8.212
6.5,1.677,3.578,1.154,6.094,1.002,8.889,0.0,2.109,0.652,10.252,7.232,3.92,2.219,8.43
6.6,1.738,3.734,1.164,6.188,1.011,9.141,0.0,2.217,0.693,10.559,7.467,4.042,2.317,8.652
6.7,1.806,3.891,1.174,6.281,1.019,9.394,0.0,2.338,0.734,10.872,7.706,4.166,2.407,8.871
6.8,1.875,4.054,1.184,6.375,1.027,9.646,0.0,2.462,0.776,11.23,7.949,4.291,2.507,9.097
6.9,1.944,4.232,1.194,6.469,1.035,9.899,0.0,2.603,0.82,11.554,8.195,4.419,2.613,9.328
7.0,2.015,4.411,1.204,6.562,1.043,10.165,0.0,2.75,0.864,11.883,8.446,4.548,2.72,9.546
7.1,2.088,4.614,1.214,6.656,1.052,10.44,0.0,2.906,0.908,12.259,8.699,4.678,2.823,9.783
7.2,2.162,4.812,1.225,6.75,1.06,10.714,0.0,3.062,0.952,12.6,8.957,4.81,2.938,9.992
7.3,2.235,4.969,1.235,6.844,1.068,10.989,0.008,3.219,0.996,12.945,9.219,4.944,3.054,10.222
7.4,2.311,5.167,1.245,6.938,1.076,11.264,0.016,3.375,1.048,13.341,9.484,5.08,3.169,10.454
7.5,2.386,5.357,1.255,7.031,1.084,11.538,0.025,3.534,1.101,13.698,9.753,5.217,3.286,10.693
7.6,2.462,5.531,1.265,7.125,1.093,11.813,0.034,3.707,1.154,14.061,10.026,5.356,3.415,10.911
7.7,2.545,5.688,1.275,7.219,1.103,12.088,0.043,3.879,1.207,14.476,10.302,5.496,3.536,11.15
7.8,2.634,5.865,1.285,7.312,1.138,12.363,0.052,4.056,1.261,14.85,10.583,5.638,3.665,11.4
7.9,2.723,6.063,1.295,7.406,1.172,12.652,0.062,4.241,1.314,15.231,10.867,5.781,3.796,11.611
8.0,2.812,6.271,1.396,7.5,1.207,12.957,0.073,4.426,1.367,15.665,11.154,5.926,3.93,11.849
8.1,2.902,6.479,1.612,7.594,1.24,13.262,0.083,4.643,1.42,16.057,11.446,6.073,4.075,12.095
8.2,2.991,6.725,1.967,7.687,1.273,13.567,0.093,4.881,1.473,16.455,11.741,6.221,4.216,12.322
8.3,3.083,6.955,2.4,7.781,1.322,13.872,0.105,5.109,1.528,16.909,12.04,6.37,4.358,12.563
8.4,3.176,7.182,2.925,7.875,1.42,14.177,0.117,5.326,1.583,17.319,12.343,6.521,4.509,12.799
8.5,3.27,7.409,3.488,7.969,1.487,14.482,0.129,5.543,1.639,17.735,12.649,6.674,4.662,13.053
8.6,3.37,7.65,4.112,8.062,1.6,14.787,0.141,5.761,1.694,18.209,12.959,6.828,4.813,13.289
8.7,3.47,7.886,4.8,8.156,1.667,15.114,0.154,5.978,1.75,18.637,13.273,6.983,4.976,13.54
8.8,3.57,8.125,5.55,8.25,1.75,15.492,0.167,6.225,1.803,19.071,13.59,7.14,5.135,13.768
8.9,3.67,8.375,6.3,8.344,1.911,15.871,0.18,6.475,1.856,19.566,13.911,7.298,5.308,14.015
9.0,3.772,8.625,7.133,8.438,1.95,16.25,0.194,6.737,1.91,20.013,14.236,7.458,5.476,14.261
9.1,3.88,8.864,7.967,8.531,2.125,16.629,0.208,7.0,1.963,20.465,14.564,7.619,5.646,14.493
9.2,3.989,9.1,8.883,8.625,2.215,17.008,0.222,7.263,2.019,20.981,14.896,7.782,5.821,14.748
9.3,4.098,9.35,9.8,8.719,2.254,17.386,0.238,7.531,2.083,21.446,15.232,7.946,6.011,14.996
9.4,4.207,9.611,10.8,8.812,2.292,17.736,0.252,7.844,2.147,21.917,15.571,8.111,6.19,15.236
9.5,4.318,9.864,11.8,8.906,2.412,18.074,0.268,8.139,2.212,22.455,15.914,8.278,6.381,15.491
9.6,4.432,10.125,12.456,9.0,2.575,18.412,0.284,8.417,2.274,22.939,16.261,8.445,6.581,15.729
9.7,4.548,10.417,12.696,9.094,2.8,18.75,0.301,8.706,2.335,23.429,16.611,8.615,6.779,15.98
9.8,4.667,10.675,12.914,9.188,2.891,19.088,0.317,9.0,2.396,23.988,16.965,8.785,6.979,16.227
9.9,4.786,10.969,13.133,9.281,3.0,19.426,0.336,9.333,2.457,24.491,17.323,8.957,7.2,16.472
10.0,4.905,11.333,13.342,9.375,3.133,19.764,0.355,9.656,2.52,25.0,17.684,9.13,7.413,16.739
10.1,5.025,11.714,13.55,9.469,3.28,20.129,0.373,9.969,2.588,25.581,18.048,9.304,7.626,16.985
10.2,5.15,12.036,13.8,9.562,3.4,20.56,0.393,10.321,2.655,26.104,18.417,9.48,7.841,17.239
10.3,5.275,12.375,14.008,9.656,3.533,20.991,0.413,10.679,2.723,26.633,18.788,9.657,8.079,17.491
10.4,5.4,12.688,14.232,9.75,3.7,21.422,0.434,11.036,2.791,27.236,19.164,9.835,8.305,17.737
10.5,5.526,13.0,14.459,9.844,3.9,21.853,0.453,11.393,2.858,27.779,19.543,10.014,8.552,17.992
10.6,5.658,13.321,14.7,9.938,4.083,22.284,0.475,11.75,2.926,28.328,19.925,10.194,8.791,18.245
10.7,5.792,13.656,14.936,10.031,4.26,22.689,0.497,12.115,2.993,28.953,20.311,10.376,9.023,18.496
10.8,5.931,14.0,15.175,10.125,4.44,23.068,0.521,12.5,3.062,29.516,20.701,10.559,9.286,18.745
10.9,6.069,14.25,15.414,10.219,4.64,23.447,0.543,12.794,3.132,30.085,21.094,10.742,9.551,19.018
11.0,6.208,14.571,15.65,10.312,4.86,23.826,0.566,13.115,3.201,30.733,21.49,10.927,9.818,19.266
11.1,6.353,14.958,15.9,10.406,5.16,24.205,0.591,13.5,3.287,31.316,21.89,11.113,10.087,19.527
11.2,6.5,15.312,16.15,10.5,5.38,24.583,0.615,13.885,3.412,31.905,22.294,11.3,10.358,19.778
11.3,6.647,15.625,16.4,10.594,5.625,24.962,0.641,14.389,3.538,32.577,22.701,11.489,10.631,20.024
11.4,6.794,16.0,16.65,10.688,5.9,25.395,0.666,14.833,3.663,33.18,23.111,11.678,10.937,20.288
11.5,6.941,16.45,16.9,10.781,6.05,25.833,0.692,15.273,3.788,33.791,23.525,11.868,11.214,20.542
11.6,7.094,16.75,17.161,10.875,6.325,26.272,0.722,15.656,3.912,34.485,23.943,12.059,11.523,20.808
11.7,7.25,17.167,17.425,10.969,6.6,26.711,0.748,15.969,4.037,35.11,24.364,12.252,11.835,21.064
11.8,7.429,17.55,17.689,11.062,6.875,27.149,0.776,16.45,4.163,35.741,24.788,12.445,12.149,21.32
11.9,7.6,18.042,17.95,11.156,7.175,27.589,0.802,16.909,4.281,36.459,25.216,12.639,12.465,21.582
12.0,7.767,18.458,18.217,11.25,7.475,28.036,0.83,17.4,4.385,37.105,25.647,12.834,12.798,21.832
12.1,7.933,18.95,18.475,11.344,7.775,28.482,0.864,17.864,4.49,37.758,26.081,13.03,13.134,22.093
12.2,8.1,19.393,18.744,11.438,8.1,28.929,0.892,18.35,4.594,38.5,26.519,13.227,13.487,22.357
12.3,8.267,19.719,19.022,11.531,8.55,29.375,0.924,18.85,4.698,39.167,26.961,13.425,13.839,22.628
12.4,8.433,20.125,19.3,11.625,8.85,29.821,0.955,19.35,4.804,39.841,27.405,13.624,,22.894
12.5,8.594,20.6,19.606,11.719,9.1,30.268,0.982,19.85,4.913,40.608,27.853,13.824,,23.151
12.6,8.75,21.062,19.883,11.812,9.733,30.714,1.015,20.389,5.022,41.297,28.305,14.024,,23.408
12.7,8.929,21.45,20.175,11.906,10.1,31.161,1.046,20.9,5.13,41.992,28.759,14.225,,23.664
12.8,9.107,21.85,20.467,12.0,10.5,31.607,1.081,21.444,5.239,42.784,29.218,14.427,,23.934
12.9,9.288,22.35,20.769,12.094,10.867,32.054,1.116,21.95,5.352,43.494,29.679,14.63,,24.195
13.0,9.481,22.871,21.05,12.188,11.267,32.5,1.152,22.5,5.466,44.212,30.144,14.834,,24.46
13.1,9.65,23.474,21.362,12.281,11.55,32.963,1.186,23.056,5.576,45.029,30.612,15.038,,24.715
13.2,9.827,24.077,21.675,12.375,12.1,33.426,1.223,23.611,5.685,45.762,31.083,15.244,,24.979
13.3,10.019,24.68,21.988,12.469,12.5,33.889,1.26,24.167,5.798,46.502,31.558,15.45,,25.248
13.4,10.212,25.283,22.3,12.562,12.771,34.352,1.297,24.7,5.917,47.343,32.036,15.656,,25.509
13.5,10.404,25.886,22.612,12.656,13.167,34.815,1.335,25.286,6.034,48.099,32.517,15.863,,25.781
13.6,10.596,26.49,22.925,12.75,13.75,35.294,1.373,25.938,6.148,48.861,33.001,16.071,,26.029
13.7,10.786,27.093,23.237,12.844,14.2,35.784,1.415,26.562,6.262,49.728,33.489,16.28,,26.295
13.8,10.964,27.696,23.567,12.938,14.533,36.275,1.453,27.167,6.381,50.507,33.98,16.489,,26.56
13.9,11.167,28.299,23.894,13.031,14.9,36.765,1.493,27.75,6.5,51.292,34.474,16.699,,26.83
14.0,11.375,28.902,24.206,13.125,15.3,37.255,1.533,28.429,6.619,52.185,34.971,16.91,,27.1
14.1,11.611,29.505,24.55,13.219,16.5,37.745,1.577,29.071,6.738,52.986,35.472,17.121,,27.37
14.2,11.854,30.108,24.9,13.312,16.867,38.235,1.619,29.75,6.857,53.795,35.975,17.332,,27.64
14.3,12.063,30.712,25.233,13.406,17.2,38.725,1.661,30.429,6.976,54.714,36.482,17.544,,27.907
14.4,12.271,31.315,25.511,13.5,17.533,39.216,1.703,31.133,7.095,55.538,36.992,17.757,,28.175
14.5,12.479,31.918,25.774,13.594,17.867,39.706,1.749,31.8,7.214,56.37,37.505,17.97,,28.443
14.6,12.687,32.521,26.121,13.688,18.175,40.208,1.794,32.5,7.337,57.315,38.021,18.184,,28.71
14.7,12.896,33.124,26.479,13.781,18.533,40.729,1.838,33.214,7.462,58.163,38.541,18.398,,28.978
14.8,13.104,33.727,26.836,13.875,18.933,41.25,1.884,33.929,7.588,59.019,39.063,18.612,,29.245
14.9,13.318,34.33,27.193,13.969,19.45,41.771,1.933,34.643,7.712,59.991,39.589,18.827,,29.513
15.0,13.545,34.934,27.569,14.062,19.9,42.292,1.978,35.5,7.837,60.863,40.118,19.043,,29.78
15.1,13.769,35.537,27.943,14.156,20.5,42.819,2.027,36.357,7.962,61.742,40.649,19.258,,30.048
15.2,13.962,36.14,28.3,14.25,21.0,43.351,2.075,37.077,8.092,62.741,41.184,19.474,,30.306
15.3,14.167,36.743,28.685,14.344,21.6,43.883,2.127,37.846,8.224,63.637,41.722,19.691,,30.568
15.4,14.4,37.346,29.069,14.438,22.15,44.415,2.178,38.615,8.35,64.541,42.263,19.907,,30.837
15.5,14.688,37.949,29.454,14.531,22.75,44.947,2.226,39.417,8.475,65.567,42.807,20.124,,31.106
15.6,14.95,38.552,29.836,14.625,23.3,45.489,2.28,40.25,8.577,66.487,43.354,20.342,,31.375
15.7,15.2,39.156,30.193,14.719,23.9,46.033,2.329,41.083,8.673,67.415,43.904,20.559,,31.644
15.8,15.45,39.759,30.569,14.812,24.5,46.576,2.38,41.917,8.792,68.468,44.457,20.777,,31.912
15.9,15.7,40.498,30.954,14.906,25.1,47.12,2.428,42.75,9.0,69.413,45.013,20.995,,32.181
16.0,15.95,41.328,31.342,15.0,25.7,47.667,2.484,43.583,9.132,70.366,45.572,21.213,,32.45
16.1,16.2,42.158,31.758,15.034,26.3,48.222,2.535,44.417,9.264,71.447,46.134,21.432,,32.719
16.2,16.45,42.988,32.146,15.069,26.9,48.778,2.592,45.25,9.403,72.417,46.698,21.65,,32.989
16.3,16.722,43.818,32.55,15.103,27.45,49.333,2.65,46.091,9.539,73.394,47.266,21.869,,33.261
16.4,16.975,44.648,32.933,15.138,28.1,49.889,2.702,47.0,9.671,74.503,47.837,22.088,,33.533
16.5,17.225,45.478,33.267,15.172,29.0,50.455,2.76,47.667,9.806,75.498,48.41,22.307,,33.805
16.6,17.5,46.308,33.842,15.207,29.85,51.023,2.82,48.455,9.944,76.501,48.987,22.526,,34.077
16.7,17.75,47.138,34.258,15.241,30.7,51.591,2.877,49.364,10.079,77.638,49.566,22.745,,34.348
16.8,18.025,47.968,34.675,15.276,31.6,52.159,2.932,50.273,10.211,78.658,50.148,22.964,,34.62
16.9,18.278,48.798,35.092,15.31,31.873,52.733,2.993,51.182,10.347,79.686,50.733,23.183,,34.892
17.0,18.556,49.628,35.527,15.345,32.8,53.314,3.054,52.091,10.486,80.853,51.321,23.402,,35.164
17.1,18.833,50.458,35.967,15.379,33.8,53.895,3.113,53.0,10.625,81.898,51.912,23.621,,35.436
17.2,19.111,51.288,36.391,15.414,34.5,54.477,3.177,53.909,10.765,82.952,52.505,23.84,,35.708
17.3,19.389,52.118,36.842,15.448,35.3,55.061,3.24,54.818,10.912,84.147,53.102,24.059,,35.977
17.4,19.687,52.948,37.258,15.483,36.1,55.671,3.305,55.727,11.056,85.218,53.701,24.278,,36.245
17.5,19.972,53.778,37.709,15.542,36.85,56.28,3.371,56.7,11.194,86.298,54.303,24.496,,36.512
17.6,20.25,54.608,38.133,15.625,37.089,56.89,3.435,57.7,11.333,87.522,54.907,24.715,,36.779
17.7,20.528,55.438,38.573,15.708,37.8,57.5,3.499,58.636,11.472,88.619,55.515,24.933,,37.046
17.8,20.812,56.268,39.027,15.792,38.7,58.11,3.564,59.6,11.618,89.725,56.125,25.151,,37.314
17.9,21.111,57.218,39.482,15.875,39.4,58.72,3.636,60.6,11.765,90.979,56.738,25.369,,37.581
18.0,21.406,58.248,39.936,15.958,40.2,59.329,3.703,61.6,11.912,92.103,57.353,25.587,,
18.1,21.719,59.279,40.391,16.053,41.0,59.939,3.769,62.667,12.059,93.235,57.971,25.805,,
18.2,22.0,60.403,40.845,16.16,41.8,60.577,3.843,63.7,12.206,94.518,58.592,26.022,,
18.3,22.312,61.745,41.3,16.266,42.6,61.218,3.911,64.7,12.347,95.668,59.216,26.239,,
18.4,22.625,63.087,41.755,16.372,44.333,61.859,3.981,65.778,12.486,96.827,59.842,26.455,,
18.5,22.938,64.43,42.209,16.479,45.0,62.5,4.054,66.8,12.632,98.14,60.471,26.671,,
18.6,23.25,65.772,42.681,16.603,45.621,63.141,4.123,67.889,12.781,99.317,61.102,26.887,,
18.7,23.562,67.114,43.157,16.731,45.828,63.782,4.201,68.9,12.938,100.503,61.736,27.102,,
18.8,23.875,68.456,43.633,16.859,46.034,64.423,4.273,70.0,13.088,101.847,62.373,27.317,,
18.9,24.187,69.799,44.11,16.987,46.4,65.064,4.349,71.1,13.235,103.05,63.012,27.532,,
19.0,24.5,71.141,44.6,17.129,47.2,65.705,4.427,72.111,13.633,104.263,63.654,27.746,,
19.1,24.844,72.483,45.1,17.271,48.2,66.346,4.499,73.222,13.797,105.637,64.298,27.959,,
19.2,25.179,73.826,45.586,17.414,49.7,66.987,4.579,74.333,13.953,106.868,64.945,28.172,,
19.3,25.536,75.168,46.062,17.562,50.812,67.628,4.659,75.444,14.117,108.108,65.595,28.385,,
19.4,25.893,76.51,46.563,17.719,53.05,68.269,4.732,76.556,14.281,109.514,66.247,28.597,,
19.5,26.286,77.852,47.089,17.875,54.1,68.91,4.814,77.667,14.438,110.772,66.901,28.808,,
19.6,26.667,79.195,47.6,18.034,55.6,69.551,4.896,78.778,14.6,112.04,67.558,29.019,,
19.7,27.036,80.46,48.1,18.207,56.764,70.207,4.979,80.0,14.767,113.476,68.217,29.229,,
19.8,27.393,81.609,48.6,18.379,56.1,70.897,5.063,81.111,14.933,114.762,68.879,29.438,,
19.9,27.792,82.759,49.1,18.556,58.4,71.586,5.138,82.222,15.1,116.057,69.544,29.646,,
20.0,28.25,83.908,49.633,18.741,59.2,72.276,5.222,83.375,15.267,117.525,70.21,29.854,,
20.1,28.667,85.057,50.189,18.926,59.667,72.966,5.307,84.556,15.433,118.839,70.879,30.061,,
20.2,29.083,86.207,50.721,19.12,60.6,73.655,5.393,85.75,15.6,120.163,71.551,30.268,,
20.3,29.5,87.356,51.247,19.32,61.5,74.345,5.479,86.889,15.767,121.662,72.225,30.473,,
20.4,29.95,88.506,51.774,19.52,62.4,75.034,5.566,88.125,15.933,123.004,72.901,30.678,,
20.5,30.409,89.655,52.3,19.72,63.4,75.724,5.653,89.333,16.1,124.356,73.58,30.882,,
20.6,30.864,90.805,52.856,19.92,64.3,76.414,5.741,90.5,16.267,125.887,74.261,31.084,,
20.7,31.318,91.954,53.411,20.13,65.2,77.103,5.83,91.75,16.433,127.258,74.944,31.286,,
20.8,31.773,93.103,53.967,20.348,66.55,77.793,5.919,92.889,16.607,128.638,75.629,31.487,,
20.9,32.227,94.253,54.49,20.568,67.5,78.483,6.014,94.125,16.783,130.201,76.317,31.687,,
21.0,32.682,95.402,54.967,20.795,68.4,79.172,6.107,95.375,16.95,,77.007,31.886,,
21.1,33.136,96.552,55.476,21.024,69.4,79.862,6.198,96.625,17.125,,77.7,32.084,,
21.2,33.591,97.701,56.065,21.262,71.8,80.584,6.289,97.875,17.3,,78.394,32.281,,
21.3,34.045,98.851,56.653,21.5,73.5,81.314,6.381,99.125,17.467,,79.091,32.477,,
21.4,34.5,100.0,57.241,21.75,75.0,82.044,6.482,100.375,17.643,,79.79,32.672,,
21.5,34.955,101.036,57.829,22.0,76.3,82.774,6.575,101.625,17.821,,80.492,32.865,,
21.6,35.425,102.073,58.425,22.25,77.4,83.504,6.669,102.875,18.0,,81.195,33.057,,
21.7,35.896,103.109,59.05,22.5,78.6,84.234,6.772,104.25,18.167,,81.901,33.248,,
21.8,36.368,104.145,59.6,22.512,79.7,84.964,6.867,105.5,18.339,,82.609,33.438,,
21.9,36.84,105.181,60.1,22.524,80.8,85.693,6.962,106.75,18.518,,83.319,33.627,,
22.0,37.311,106.218,60.762,22.536,81.9,86.423,7.067,108.125,18.696,,84.031,33.814,,
22.1,37.783,107.254,61.488,22.548,83.0,87.153,7.163,109.375,18.875,,84.745,34.0,,
22.2,38.255,108.29,62.112,22.56,83.73,87.883,7.27,110.714,19.054,,85.461,34.184,,
22.3,38.726,109.326,62.738,22.572,84.1,88.613,7.377,112.0,19.232,,86.18,34.367,,
22.4,39.198,110.363,63.362,22.584,85.3,89.343,7.475,113.375,19.411,,86.9,34.549,,
22.5,39.67,111.399,63.987,22.596,86.5,90.078,7.583,114.714,19.596,,87.622,34.729,,
22.6,40.15,112.435,64.563,22.608,87.7,90.853,7.682,116.0,19.788,,88.347,34.908,,
22.7,40.65,113.472,65.089,22.62,89.0,91.628,7.791,117.429,19.981,,89.073,35.085,,
22.8,41.15,114.508,65.675,22.633,90.1,92.403,7.901,118.857,20.167,,89.802,35.26,,
22.9,41.65,115.544,66.3,22.645,91.3,93.178,8.002,120.143,20.352,,90.532,35.434,,
23.0,42.15,116.58,66.925,22.657,93.6,93.953,8.113,121.571,20.553,,91.265,35.606,,
23.1,42.65,117.617,67.567,22.669,94.7,94.729,8.225,123.0,20.816,,91.999,35.776,,
23.2,43.15,118.653,68.233,22.681,97.5,95.504,8.337,124.429,21.054,,92.736,35.945,,
23.3,43.65,119.689,68.9,22.693,98.7,96.279,8.451,125.857,21.232,,93.474,36.112,,
23.4,44.15,120.753,69.55,22.705,100.5,97.054,8.564,127.286,21.411,,94.214,36.277,,
23.5,44.65,121.828,70.175,22.717,104.3,97.829,8.668,128.714,21.614,,94.956,36.44,,
23.6,45.163,122.903,70.833,22.729,102.692,98.605,8.784,130.143,21.841,,95.7,36.602,,
23.7,45.707,123.978,71.5,22.741,103.333,99.38,8.899,131.571,22.065,,96.446,36.761,,
23.8,46.25,125.054,72.167,22.753,103.974,100.161,9.015,133.0,22.283,,97.194,36.918,,
23.9,46.793,126.129,72.833,22.765,104.615,100.968,9.131,134.571,22.5,,97.943,37.074,,
24.0,47.337,127.204,73.5,22.777,105.3,101.774,9.249,136.0,22.738,,98.694,37.227,,
24.1,47.88,128.28,74.167,22.789,106.2,102.581,9.367,137.5,22.976,,99.447,37.378,,
24.2,48.424,129.355,74.833,22.801,107.0,103.387,9.489,139.0,23.214,,100.202,37.527,,
24.3,48.967,130.43,75.514,22.813,107.9,104.194,9.608,140.429,23.452,,100.959,37.674,,
24.4,49.511,131.505,76.229,22.825,108.617,105.0,9.727,141.857,23.7,,101.717,37.819,,
24.5,50.059,132.581,76.943,22.837,108.7,105.806,9.848,143.333,23.95,,102.477,37.961,,
24.6,50.647,133.656,77.633,22.849,109.4,106.613,9.979,144.857,24.444,,103.239,38.101,,
24.7,51.235,134.731,78.3,22.861,110.0,107.419,10.101,146.429,24.737,,104.002,38.238,,
24.8,51.824,135.806,79.014,22.873,112.18,108.226,10.223,147.857,25.0,,104.767,38.373,,
24.9,52.412,136.882,79.729,22.886,112.371,109.032,10.357,149.429,25.278,,105.534,38.506,,
25.0,53.0,137.957,80.454,22.898,116.733,109.839,10.48,151.0,25.559,,106.303,38.636,,
25.1,53.588,139.032,81.223,22.91,115.2,110.678,10.604,152.563,25.853,,107.073,38.763,,
25.2,54.176,140.112,81.943,22.922,124.15,111.525,10.739,154.125,26.147,,107.844,38.887,,
25.3,54.765,141.236,82.657,22.934,127.2,112.373,10.865,155.688,26.441,,108.618,39.009,,
25.4,55.361,142.36,83.371,22.946,125.7,113.22,10.99,157.25,26.735,,109.393,39.128,,
25.5,55.964,143.483,84.086,22.958,121.2,114.068,11.128,158.812,27.028,,110.169,39.245,,
25.6,56.566,144.607,84.838,22.97,122.5,114.915,11.266,160.375,27.306,,110.947,39.358,,
25.7,57.169,145.73,85.586,22.982,128.3,115.763,11.394,161.968,27.8,,111.726,39.468,,
25.8,57.771,146.854,86.3,22.994,126.9,116.61,11.534,163.581,28.19,,112.507,39.575,,
25.9,58.373,147.978,87.069,23.081,138.4,117.458,11.663,165.194,28.429,,113.29,39.679,,
26.0,58.976,149.101,87.838,23.242,139.233,118.305,11.804,166.806,28.659,,114.074,39.78,,
26.1,59.578,150.225,88.608,23.403,139.52,119.153,11.936,168.419,28.886,,114.859,39.878,,
26.2,60.19,151.348,89.377,23.569,139.8,120.0,12.078,170.032,29.119,,115.646,39.972,,
26.3,60.823,152.472,90.146,23.741,140.25,120.885,12.21,171.667,29.357,,116.434,40.062,,
26.4,61.456,153.596,90.915,23.914,140.129,121.77,12.371,173.333,29.833,,117.224,40.149,,
26.5,62.089,154.719,91.685,24.093,140.414,122.655,12.495,175.0,30.182,,118.015,40.233,,
26.6,62.722,155.843,92.454,24.278,140.853,123.54,12.64,176.667,30.409,,118.807,40.312,,
26.7,63.354,156.966,93.223,24.463,140.958,124.425,12.786,178.333,31.042,,119.601,40.388,,
26.8,63.987,158.09,93.992,24.667,140.811,125.31,12.933,180.0,31.458,,120.396,40.46,,
26.9,64.62,159.213,94.762,24.875,144.3,126.195,13.081,181.69,31.846,,121.192,40.528,,
27.0,65.27,160.365,95.55,25.08,144.839,127.08,13.216,183.414,32.167,,121.99,40.591,,
27.1,65.946,161.583,96.383,25.28,143.23,127.965,13.366,185.138,32.444,,122.789,40.65,,
27.2,66.622,162.8,97.217,25.48,141.622,128.85,13.515,186.833,32.7,,123.589,40.705,,
27.3,67.297,164.017,98.05,25.696,142.4,129.735,13.666,188.5,32.95,,124.391,40.755,,
27.4,67.973,165.235,98.883,25.913,143.8,130.642,13.816,190.167,33.25,,125.194,40.8,,
27.5,68.649,166.452,99.755,26.143,145.045,131.56,13.968,191.893,33.562,,125.998,40.841,,
27.6,69.324,167.67,100.633,26.381,146.5,132.477,14.121,193.679,33.875,,126.803,40.876,,
27.7,70.0,168.887,101.482,26.619,145.057,133.394,14.263,195.464,34.273,,127.609,40.906,,
27.8,70.667,170.104,102.398,26.857,146.843,134.312,14.417,197.207,34.656,,128.417,40.93,,
27.9,71.333,171.322,103.378,27.1,148.8,135.229,14.57,198.931,34.969,,129.225,40.949,,
28.0,72.0,172.539,104.358,27.35,151.2,136.147,14.725,200.655,35.346,,130.035,40.962,,
28.1,72.667,173.757,105.338,27.605,153.0,137.064,14.894,202.429,35.75,,130.846,40.968,,
28.2,73.333,174.98,106.318,27.868,154.9,137.982,15.05,204.214,36.167,,131.658,40.967,,
28.3,74.0,176.204,107.298,28.132,153.5,138.899,15.207,206.0,36.583,,132.471,40.96,,
28.4,74.667,177.429,108.278,28.395,155.111,139.817,15.364,207.786,37.0,,133.285,40.946,,
28.5,75.357,178.653,109.258,28.667,158.5,140.755,15.522,209.571,37.385,,134.1,40.923,,
28.6,76.071,179.878,110.238,28.944,161.791,141.698,15.694,211.37,37.769,,134.916,40.892,,
28.7,76.786,181.146,111.218,29.211,164.762,142.642,15.854,213.222,38.167,,135.733,40.853,,
28.8,77.5,182.42,112.198,29.474,167.732,143.585,16.014,215.074,38.577,,136.551,40.803,,
28.9,78.214,183.694,113.178,29.8,170.703,144.528,16.175,216.926,38.962,,137.37,40.744,,
29.0,78.929,184.968,114.158,30.125,174.214,145.472,16.353,218.778,39.375,,138.19,40.673,,
29.1,79.643,186.242,115.138,30.438,177.786,146.415,16.527,220.63,39.769,,139.011,40.589,,
29.2,80.357,187.516,116.118,30.75,184.333,147.358,16.701,222.481,40.167,,139.832,40.491,,
29.3,81.071,188.79,117.098,31.056,196.455,148.302,16.875,224.333,40.583,,140.655,40.377,,
29.4,81.786,190.064,118.078,31.333,192.571,149.245,17.049,226.185,41.0,,141.479,40.244,,
29.5,82.5,191.338,119.058,31.633,196.5,150.196,17.223,228.037,41.417,,142.303,40.089,,
29.6,83.235,192.611,120.038,31.967,200.429,151.176,17.397,229.889,41.833,,143.128,39.905,,
29.7,83.971,193.885,121.018,32.281,204.357,152.157,17.571,231.769,42.115,,143.954,39.683,,
29.8,84.706,195.159,121.998,32.667,208.286,153.137,17.745,233.692,42.308,,144.781,39.406,,
29.9,85.455,196.433,122.978,33.111,212.214,154.118,17.919,235.615,42.5,,145.608,39.027,,
30.0,86.212,197.707,123.958,33.389,216.143,155.098,18.093,237.538,43.111,,146.437,,,
30.1,86.97,198.981,124.938,33.773,220.071,156.078,18.267,239.462,43.688,,147.266,,,
30.2,87.727,200.267,125.918,34.167,224.0,157.059,18.441,241.4,44.278,,148.096,,,
30.3,88.485,201.6,126.898,34.5,222.506,158.039,18.615,243.4,44.875,,148.926,,,
30.4,89.242,202.933,127.878,34.833,221.011,159.02,18.79,245.4,45.5,,149.757,,,
30.5,90.0,204.267,128.858,35.185,219.517,160.0,18.964,247.346,46.125,,150.589,,,
30.6,90.794,205.6,129.838,35.556,218.023,161.01,19.144,249.269,46.583,,151.421,,,
30.7,91.587,206.933,130.818,35.926,216.529,162.02,19.335,251.2,46.792,,152.254,,,
30.8,92.381,208.267,131.798,36.4,215.034,163.03,19.526,253.2,47.0,,153.088,,,
30.9,93.175,209.6,132.778,36.9,213.54,164.04,19.717,255.2,47.455,,153.922,,,
31.0,93.968,210.933,133.758,37.333,212.046,165.051,19.908,257.2,47.909,,154.757,,,
31.1,94.762,212.267,134.738,37.75,211.984,166.061,20.099,259.2,48.727,,155.592,,,
31.2,95.538,213.6,135.718,38.174,215.262,167.071,20.29,261.2,49.35,,156.428,,,
31.3,96.308,214.933,136.698,38.609,218.541,168.081,20.481,263.2,49.85,,157.264,,,
31.4,97.077,216.267,137.678,39.056,221.82,169.091,20.672,265.2,50.233,,158.101,,,
31.5,97.846,217.6,138.658,39.611,225.098,170.104,20.863,267.25,50.567,,158.938,,,
31.6,98.615,218.933,139.638,40.097,228.377,171.146,21.054,269.333,50.9,,159.776,,,
31.7,99.385,220.272,140.618,40.419,231.476,172.188,21.245,271.417,51.35,,160.614,,,
31.8,100.168,221.633,141.598,40.742,233.857,173.229,21.436,273.5,51.85,,161.453,,,
31.9,101.008,222.993,142.578,41.095,236.238,174.271,21.627,275.583,52.333,,162.292,,,
32.0,101.849,224.354,143.558,41.571,238.619,175.312,21.818,277.667,52.81,,163.131,,,
32.1,102.689,225.714,144.538,42.05,241.0,176.354,22.009,279.75,53.3,,163.971,,,
32.2,103.529,227.075,145.518,42.55,248.143,177.396,22.215,281.87,53.8,,164.811,,,
32.3,104.37,228.435,146.498,43.05,252.622,178.437,22.423,284.043,54.3,,165.651,,,
32.4,105.21,229.796,147.478,43.55,255.324,179.479,22.63,286.208,54.8,,166.491,,,
32.5,106.05,231.156,148.458,44.053,258.027,180.532,22.838,288.292,55.3,,167.332,,,
32.6,106.891,232.517,149.438,44.579,260.73,181.596,23.046,290.375,55.8,,168.173,,,
32.7,107.731,233.878,150.418,45.105,265.5,182.66,23.254,292.522,56.316,,169.015,,,
32.8,108.571,235.238,151.413,45.632,270.5,183.723,23.461,294.696,56.842,,169.856,,,
32.9,109.412,236.599,152.547,46.158,274.913,184.787,23.669,296.87,57.368,,170.698,,,
33.0,110.265,237.959,153.681,46.684,279.261,185.851,23.877,299.043,57.895,,171.54,,,
33.1,111.15,239.32,154.815,47.222,283.727,186.915,24.085,301.217,58.421,,172.381,,,
33.2,112.035,240.69,155.949,47.778,288.273,187.979,24.292,303.391,58.947,,173.224,,,
33.3,112.92,242.069,157.082,48.333,293.667,189.043,24.5,305.565,60.222,,174.066,,,
33.4,113.805,243.448,158.216,48.889,300.333,190.11,24.708,307.739,60.778,,174.908,,,
33.5,114.69,244.828,159.35,49.471,304.6,191.205,24.916,309.913,61.333,,175.75,,,
33.6,115.575,246.207,160.484,50.05,308.6,192.301,25.123,312.087,61.889,,176.593,,,
33.7,116.46,247.586,161.617,50.55,312.739,193.397,25.343,314.261,62.471,,177.435,,,
33.8,117.345,248.966,162.751,51.062,317.087,194.493,25.567,316.444,63.056,,178.277,,,
33.9,118.23,250.345,163.885,51.687,321.952,195.589,25.79,318.667,63.611,,179.12,,,
34.0,119.115,251.724,165.019,52.294,331.476,196.685,26.013,321.0,64.176,,179.962,,,
34.1,120.0,253.103,166.153,52.882,341.0,197.781,26.236,323.273,64.765,,180.804,,,
34.2,120.923,254.483,167.286,53.471,343.222,198.908,26.459,325.545,65.353,,181.646,,,
34.3,121.846,255.862,168.42,54.062,345.444,200.042,26.682,327.818,65.941,,182.488,,,
34.4,122.769,257.241,169.554,54.687,347.667,201.176,26.905,330.091,66.6,,183.33,,,
34.5,123.692,258.621,170.688,55.294,349.889,202.311,27.128,332.364,67.093,,184.172,,,
34.6,124.615,260.0,171.822,55.882,351.926,203.445,27.351,334.636,67.326,,185.013,,,
34.7,125.538,261.404,172.955,56.5,353.778,204.58,27.575,336.909,67.558,,185.855,,,
34.8,126.476,262.807,174.089,57.118,355.63,205.714,27.798,339.182,67.791,,186.696,,,
34.9,127.429,264.211,175.223,57.706,357.481,206.849,28.021,341.455,68.125,,187.537,,,
35.0,128.381,265.614,176.357,58.357,359.333,207.983,28.244,343.727,69.273,,188.378,,,
35.1,129.333,267.018,177.49,59.062,361.526,209.118,28.467,346.0,70.333,,189.218,,,
35.2,130.291,268.421,178.624,59.688,366.789,210.252,28.709,348.381,71.6,,190.058,,,
35.3,131.262,269.825,179.758,60.312,372.053,211.387,28.95,350.762,72.429,,190.898,,,
35.4,132.233,271.228,180.892,60.938,377.316,212.521,29.192,353.045,73.133,,191.737,,,
35.5,133.204,272.632,182.026,61.6,381.857,213.655,29.434,355.318,73.8,,192.576,,,
35.6,134.175,274.035,183.159,62.267,384.714,214.79,29.675,357.667,74.467,,193.415,,,
35.7,135.146,275.439,184.293,62.933,387.571,215.924,29.917,360.048,75.133,,194.253,,,
35.8,136.117,277.091,185.427,63.6,390.429,217.059,30.159,362.429,75.8,,195.091,,,
35.9,137.087,278.909,186.561,64.267,394.81,218.193,30.4,364.81,76.467,,195.928,,,
36.0,138.058,280.606,187.695,64.933,399.571,219.328,30.642,367.19,77.133,,196.765,,,
36.1,139.029,282.121,188.828,65.643,404.684,220.462,30.884,369.571,77.8,,197.601,,,
36.2,140.0,283.636,189.962,66.333,409.947,221.597,31.125,371.952,78.467,,198.437,,,
36.3,141.163,285.152,191.096,67.0,414.333,222.731,31.367,374.333,79.143,,199.272,,,
36.4,142.326,286.667,192.23,67.714,418.5,223.866,31.609,376.75,79.857,,200.107,,,
36.5,143.488,288.182,193.363,68.462,423.667,225.0,31.85,379.25,80.533,,200.941,,,
36.6,144.651,289.697,194.497,69.176,430.333,226.202,32.104,381.714,81.214,,201.775,,,
36.7,145.814,291.212,195.631,69.765,437.429,227.404,32.362,384.095,81.929,,202.607,,,
36.8,146.977,292.727,196.765,70.545,444.125,228.606,32.62,386.5,82.6,,203.44,,,
36.9,148.14,294.242,197.899,71.333,450.375,229.808,32.879,389.0,83.286,,204.271,,,
37.0,149.302,295.758,199.032,72.0,457.429,231.01,33.137,391.476,84.0,,205.102,,,
37.1,150.421,297.273,200.166,73.0,464.333,232.212,33.395,393.857,84.714,,205.932,,,
37.2,151.474,298.788,201.3,73.526,471.0,233.413,33.654,396.25,85.3,,206.761,,,
37.3,152.526,300.298,202.547,74.111,477.667,234.615,33.912,398.75,85.8,,207.59,,,
37.4,153.579,301.786,203.794,75.2,484.409,235.817,34.17,401.256,86.667,,208.417,,,
37.5,154.632,303.274,205.041,76.105,491.227,237.019,34.428,403.821,87.35,,209.244,,,
37.6,155.684,304.762,206.288,76.632,497.875,238.221,34.687,406.385,87.85,,210.07,,,
37.7,156.737,306.25,207.534,77.3,509.696,239.423,34.945,408.949,88.5,,210.896,,,
37.8,157.789,307.738,208.781,78.5,527.087,240.625,35.203,411.513,89.187,,211.72,,,
37.9,158.842,309.226,210.028,79.318,537.667,241.827,35.462,414.077,89.812,,212.543,,,
38.0,159.895,310.714,211.275,79.773,521.0,243.029,35.731,416.641,90.5,,213.366,,,
38.1,161.011,312.202,212.522,80.417,569.526,244.231,36.006,419.205,91.214,,214.187,,,
38.2,162.135,313.69,213.769,81.333,583.737,245.433,36.28,421.769,91.929,,215.008,,,
38.3,163.258,315.179,215.016,82.571,599.375,246.635,36.555,424.333,92.692,,215.827,,,
38.4,164.382,316.667,216.263,83.7,616.0,247.837,36.83,426.897,93.429,,216.646,,,
38.5,165.506,318.155,217.509,84.636,644.333,249.038,37.104,429.462,94.143,,217.463,,,
38.6,166.629,319.643,218.756,85.75,655.444,250.253,37.379,432.053,94.857,,218.279,,,
38.7,167.753,321.131,220.003,86.333,661.412,251.515,37.653,434.684,95.615,,219.094,,,
38.8,168.876,322.619,221.25,86.75,662.235,252.778,37.928,437.316,96.357,,219.908,,,
38.9,170.0,324.107,222.497,88.6,663.058,254.04,38.203,439.947,97.077,,220.721,,,
39.0,171.163,325.595,223.744,90.115,663.881,255.303,38.477,442.579,97.846,,221.533,,,
39.1,172.326,327.083,224.991,90.5,664.704,256.566,38.752,445.211,98.615,,222.343,,,
39.2,173.488,328.571,226.238,90.885,665.527,257.828,39.026,447.842,99.385,,223.153,,,
39.3,174.651,330.06,227.485,93.1,666.35,259.091,39.301,450.474,100.154,,223.961,,,
39.4,175.814,331.548,228.731,93.667,667.173,260.354,39.594,453.105,100.923,,224.767,,,
39.5,176.977,333.036,229.978,95.3,667.996,261.616,39.888,455.737,101.692,,225.573,,,
39.6,178.14,334.524,231.225,95.8,668.819,262.879,40.181,458.368,102.462,,226.377,,,
39.7,179.302,336.012,232.472,98.0,669.642,264.141,40.474,461.0,103.231,,227.18,,,
39.8,180.39,337.5,233.719,100.0,670.465,265.404,40.767,463.703,104.0,,227.981,,,
39.9,181.366,338.988,234.966,100.588,671.288,266.667,41.061,466.405,104.769,,228.781,,,
40.0,182.341,340.476,236.213,100.0,672.111,267.929,41.354,469.108,105.538,,229.579,,,
40.1,183.317,341.964,237.46,101.429,672.934,269.192,41.647,471.811,106.571,,230.376,,,
40.2,184.293,343.452,238.706,102.667,673.757,270.455,41.94,474.514,107.35,,231.172,,,
40.3,185.268,344.94,239.953,104.0,674.58,271.717,42.248,477.216,107.85,,231.966,,,
40.4,186.244,346.429,241.2,106.333,675.403,272.98,42.559,479.919,108.538,,232.758,,,
40.5,187.22,347.917,242.447,108.0,676.226,274.242,42.87,482.622,109.308,,233.549,,,
40.6,188.195,349.405,243.694,111.2,677.049,275.526,43.181,485.324,110.077,,234.338,,,
40.7,189.171,351.045,244.941,113.067,677.872,276.842,43.492,488.027,110.846,,235.126,,,
40.8,190.146,352.787,246.188,113.733,678.695,278.158,43.803,490.73,111.667,,235.912,,,
40.9,191.122,354.53,247.435,111.0,679.519,279.474,44.114,493.5,112.462,,236.696,,,
41.0,192.098,356.272,248.682,113.105,680.342,280.789,44.424,496.278,113.25,,237.479,,,
41.1,193.073,358.014,249.928,115.25,682.083,282.105,44.735,499.056,114.062,,238.26,,,
41.2,194.049,359.756,251.175,117.75,687.5,283.421,45.046,501.833,114.688,,239.039,,,
41.3,195.024,361.498,252.526,120.122,692.917,284.737,45.357,504.611,115.556,,239.817,,,
41.4,196.0,363.24,253.889,121.341,699.6,286.053,45.668,507.389,116.545,,240.592,,,
41.5,196.976,364.983,255.251,122.561,706.714,287.368,45.979,510.167,117.455,,241.366,,,
41.6,197.951,366.725,256.613,123.78,713.857,288.684,46.29,513.0,118.333,,242.138,,,
41.7,198.927,368.467,257.976,125.0,721.0,290.0,46.601,515.857,119.167,,242.908,,,
41.8,199.902,370.209,259.338,130.357,728.143,291.316,46.912,518.714,120.0,,243.676,,,
41.9,200.77,371.951,260.701,132.143,735.286,292.632,47.23,521.571,120.833,,244.442,,,
42.0,201.626,373.693,262.063,133.929,742.429,293.947,47.614,524.429,121.533,,245.206,,,
42.1,202.482,375.436,263.425,135.476,749.571,295.263,47.998,527.286,122.2,,245.968,,,
42.2,203.339,377.178,264.788,136.667,756.714,296.579,48.382,530.143,122.867,,246.728,,,
42.3,204.195,378.92,266.15,137.857,763.857,297.895,48.766,533.0,123.5,,247.486,,,
42.4,205.051,380.662,267.513,139.048,771.0,299.211,49.15,535.857,124.308,,248.242,,,
42.5,205.907,382.404,268.875,140.476,778.143,300.549,49.534,538.714,125.846,,248.996,,,
42.6,206.763,384.146,270.237,142.857,785.286,301.922,49.918,541.571,126.818,,249.748,,,
42.7,207.619,385.889,271.6,145.417,792.429,303.294,50.302,544.429,127.667,,250.497,,,
42.8,208.475,387.631,272.962,149.583,799.571,304.667,50.686,547.286,128.5,,251.245,,,
42.9,209.331,389.373,274.325,152.368,807.202,306.039,51.07,550.143,129.19,,251.99,,,
43.0,210.187,391.115,275.687,155.0,814.953,307.412,51.453,553.059,129.667,,252.733,,,
43.1,211.043,392.857,277.049,156.22,822.705,308.784,51.837,556.0,130.214,,253.473,,,
43.2,211.899,394.599,278.412,157.439,830.457,310.157,52.221,558.941,130.929,,254.211,,,
43.3,212.755,396.341,279.774,158.659,838.209,311.529,52.605,561.882,131.692,,254.947,,,
43.4,213.611,398.084,281.137,159.878,845.961,312.902,52.989,564.824,132.429,,255.681,,,
43.5,214.467,399.826,282.499,170.0,853.713,314.275,53.373,567.765,133.143,,256.412,,,
43.6,215.323,401.5,283.861,181.739,861.465,315.647,53.757,570.706,133.857,,257.14,,,
43.7,216.179,403.167,285.224,186.087,869.217,317.02,54.141,573.647,134.571,,257.866,,,
43.8,217.035,404.833,286.586,190.435,876.969,318.392,54.525,576.588,135.444,,258.59,,,
43.9,217.891,406.5,287.949,194.783,884.721,319.765,54.909,579.529,136.278,,259.311,,,
44.0,218.747,408.167,289.311,199.13,892.473,321.137,55.293,582.471,136.833,,260.03,,,
44.1,219.603,409.833,290.673,191.944,900.225,322.51,55.676,585.412,137.538,,260.746,,,
44.2,220.459,411.5,292.036,194.722,908.317,323.882,56.06,588.353,138.308,,261.459,,,
44.3,221.315,413.17,293.398,180.625,916.447,325.255,56.444,591.303,139.125,,262.169,,,
44.4,222.189,414.867,294.76,174.375,924.577,326.627,56.828,594.333,140.273,,262.877,,,
44.5,223.137,416.564,296.123,206.429,932.707,328.0,57.212,597.364,141.154,,263.583,,,
44.6,224.084,418.261,297.485,214.259,940.837,329.419,57.596,600.394,141.923,,264.285,,,
44.7,225.032,419.959,298.848,212.407,948.967,330.839,57.98,603.462,142.692,,264.985,,,
44.8,225.979,421.656,300.21,210.556,957.098,332.258,58.364,606.538,143.353,,265.681,,,
44.9,226.926,423.353,301.59,212.8,965.228,333.677,58.748,609.615,143.941,,266.375,,,
45.0,227.874,425.05,303.042,216.8,973.358,335.097,59.132,612.692,144.692,,267.066,,,
45.1,228.821,426.748,304.494,220.909,981.488,336.516,59.516,615.769,145.462,,267.755,,,
45.2,229.768,428.445,305.945,225.526,989.618,337.935,59.9,618.846,146.231,,268.44,,,
45.3,230.716,430.142,307.397,230.789,997.748,339.355,60.283,621.923,147.0,,269.122,,,
45.4,231.663,431.839,308.848,234.643,1003.699,340.774,60.667,625.0,147.833,,269.801,,,
45.5,232.611,433.537,310.3,232.857,1008.197,342.194,61.051,628.077,148.615,,270.477,,,
45.6,233.558,435.234,311.752,231.071,1012.696,343.613,61.435,631.154,149.333,,271.15,,,
45.7,234.505,436.931,313.203,240.0,1017.194,345.032,61.819,634.231,150.0,,271.82,,,
45.8,235.453,438.628,314.655,260.833,1021.693,346.452,62.203,637.308,150.769,,272.487,,,
45.9,236.4,440.326,316.106,265.0,1026.191,347.871,62.587,640.385,151.538,,273.15,,,
46.0,237.347,442.023,317.558,256.778,1030.69,349.29,62.971,643.5,152.333,,273.81,,,
46.1,238.295,443.72,319.01,261.222,1035.188,350.746,63.355,646.625,153.182,,274.467,,,
46.2,239.242,445.417,320.461,265.667,1039.686,352.239,63.739,649.75,154.111,,275.121,,,
46.3,240.201,447.115,321.913,270.111,1044.185,353.731,64.123,652.875,155.182,,275.771,,,
46.4,241.205,448.812,323.365,274.556,1048.683,355.224,64.506,656.0,156.1,,276.418,,,
46.5,242.209,450.551,324.816,281.136,1053.182,356.716,64.89,659.125,157.083,,277.061,,,
46.6,243.213,452.39,326.268,287.955,1057.68,358.209,65.274,662.29,157.917,,277.701,,,
46.7,244.218,454.228,327.719,289.0,1062.179,359.701,65.658,665.516,158.818,,278.338,,,
46.8,245.222,456.066,329.208,299.0,1066.677,361.194,66.042,668.742,159.727,,278.971,,,
46.9,246.226,457.904,330.721,287.292,1071.175,362.687,66.426,671.968,160.636,,279.6,,,
47.0,247.23,459.743,332.234,297.708,1075.674,364.179,66.81,675.194,161.5,,280.226,,,
47.1,248.234,461.581,333.747,310.0,1080.172,365.672,67.194,678.419,162.364,,280.848,,,
47.2,249.238,463.419,335.261,315.938,1084.671,367.164,67.578,681.645,163.429,,281.467,,,
47.3,250.243,465.257,336.774,319.062,1089.169,368.657,67.962,684.871,164.545,,282.081,,,
47.4,251.247,467.096,338.287,322.187,1093.668,370.149,68.346,688.097,165.455,,282.692,,,
47.5,252.251,468.934,339.8,325.357,1098.166,371.642,68.798,691.323,166.333,,283.299,,,
47.6,253.255,470.772,341.313,328.929,1102.664,373.134,69.258,694.548,167.182,,283.903,,,
47.7,254.259,472.61,342.826,332.5,1107.163,374.627,69.719,697.774,168.091,,284.502,,,
47.8,255.264,474.449,344.339,337.5,1111.661,376.119,70.179,701.0,169.0,,285.097,,,
47.9,256.268,476.287,345.853,345.476,1116.16,377.612,70.639,704.279,169.909,,285.689,,,
48.0,257.272,478.125,347.366,350.238,1120.658,379.104,71.099,707.557,170.818,,286.276,,,
48.1,258.276,479.963,348.879,355.0,1125.157,380.597,71.559,710.836,171.4,,286.859,,,
48.2,259.28,481.801,350.392,359.762,1129.655,382.09,72.019,714.115,171.9,,287.438,,,
48.3,260.285,483.64,351.935,364.524,1134.153,383.582,72.48,717.393,172.667,,288.013,,,
48.4,261.289,485.478,353.522,362.0,1138.652,385.075,72.94,720.672,173.6,,288.584,,,
48.5,262.293,487.316,355.11,358.667,1143.15,386.567,73.4,724.051,174.6,,289.151,,,
48.6,263.297,489.154,356.697,355.333,1147.649,388.06,73.86,727.441,175.375,,289.713,,,
48.7,264.348,490.993,358.284,374.286,1152.147,389.552,74.32,730.831,176.0,,290.271,,,
48.8,265.507,492.831,359.871,386.852,1156.646,391.045,74.781,734.22,176.714,,290.825,,,
48.9,266.667,494.669,361.459,390.556,1161.144,392.537,75.241,737.61,177.429,,291.374,,,
49.0,267.826,496.507,363.046,394.259,1165.642,394.03,75.701,741.0,178.143,,291.918,,,
49.1,268.986,498.346,364.633,383.571,1170.141,395.522,76.161,744.333,178.857,,292.459,,,
49.2,270.145,500.182,366.221,407.083,1174.639,397.015,76.621,747.667,179.571,,292.994,,,
49.3,271.304,502.007,367.808,411.25,1179.138,398.507,77.082,751.0,180.308,,293.525,,,
49.4,272.464,503.832,369.395,415.435,1183.636,400.0,77.542,754.333,181.067,,294.051,,,
49.5,273.623,505.657,370.983,419.783,1188.135,401.582,78.002,757.667,181.733,,294.573,,,
49.6,274.783,507.482,372.57,424.13,1192.633,403.165,78.462,761.0,182.375,,295.089,,,
49.7,275.942,509.307,374.157,436.6,1197.131,404.747,78.922,764.448,183.0,,295.601,,,
49.8,277.101,511.131,375.744,440.6,1201.63,406.329,79.382,767.897,183.667,,296.108,,,
49.9,278.261,512.956,377.332,444.6,1206.128,407.911,79.843,771.345,184.357,,296.61,,,
50.0,279.42,514.781,378.919,456.0,1210.627,409.494,80.303,774.793,185.071,,,,,
50.1,280.495,516.606,380.506,461.0,1215.125,411.076,80.763,778.241,185.786,,,,,
50.2,281.485,518.431,382.094,465.8,1219.623,412.658,81.223,781.69,186.538,,,,,
50.3,282.475,520.255,383.681,469.8,1224.122,414.241,81.683,785.138,187.308,,,,,
50.4,283.465,522.08,385.268,473.8,1228.62,415.823,82.144,788.586,188.062,,,,,
50.5,284.455,523.905,386.856,481.364,1233.119,417.405,82.604,792.034,188.688,,,,,
50.6,285.446,525.758,388.443,488.529,1237.617,418.987,83.064,795.483,189.333,,,,,
50.7,286.436,527.652,390.03,494.412,1242.116,420.57,83.524,798.931,190.0,,,,,
50.8,287.426,529.545,391.617,501.923,1246.614,422.152,83.984,802.404,190.625,,,,,
50.9,288.416,531.439,393.205,511.207,1251.112,423.734,84.445,805.912,191.333,,,,,
51.0,289.406,533.333,394.792,521.552,1255.611,425.316,84.905,809.421,192.167,,,,,
51.1,290.396,535.227,396.379,531.897,1260.109,426.899,85.365,812.93,193.0,,,,,
51.2,291.386,537.121,397.967,525.667,1264.608,428.481,85.825,816.439,193.714,,,,,
51.3,292.376,539.015,399.554,518.2,1269.106,430.063,86.285,819.947,194.462,,,,,
51.4,293.366,540.909,401.141,534.2,1273.605,431.646,86.745,823.456,195.176,,,,,
51.5,294.356,542.803,402.825,550.2,1278.103,433.228,87.206,826.965,195.765,,,,,
51.6,295.347,544.697,404.52,557.593,1282.601,434.81,87.666,830.474,196.6,,,,,
51.7,296.337,546.591,406.215,561.296,1287.1,436.392,88.126,833.982,208.0,,,,,
51.8,297.327,548.485,407.91,565.0,1291.598,437.975,88.586,837.491,226.333,,,,,
51.9,298.317,550.375,409.605,568.704,1296.097,439.557,89.046,841.0,230.714,,,,,
52.0,299.307,552.247,411.3,572.407,1300.595,441.139,89.507,844.636,231.607,,,,,
52.1,300.306,554.12,412.995,583.571,1305.094,442.722,89.967,848.273,232.5,,,,,
52.2,301.327,555.993,414.69,599.286,1309.592,444.304,90.427,851.909,233.393,,,,,
52.3,302.347,557.865,416.385,606.429,1314.09,445.886,90.887,855.545,234.286,,,,,
52.4,303.367,559.738,418.08,613.571,1318.589,447.468,91.347,859.182,235.175,,,,,
52.5,304.388,561.61,419.775,620.926,1323.087,449.051,91.808,862.818,236.053,,,,,
52.6,305.408,563.483,421.469,628.333,1327.586,450.667,92.268,866.455,236.93,,,,,
52.7,306.429,565.356,423.164,635.769,1332.084,452.333,92.728,870.091,237.807,,,,,
52.8,307.449,567.228,424.859,643.462,1336.583,454.0,93.259,873.727,238.684,,,,,
52.9,308.469,569.101,426.554,651.154,1341.081,455.667,93.862,877.364,239.561,,,,,
53.0,309.49,570.974,428.249,658.03,1345.579,457.333,94.465,881.0,240.446,,,,,
53.1,310.538,572.846,429.944,664.091,1350.078,459.0,95.068,882.01,241.339,,,,,
53.2,311.613,574.719,431.639,670.152,1354.576,460.667,95.67,883.02,242.232,,,,,
53.3,312.688,576.592,433.334,676.333,1359.075,462.333,96.273,884.03,243.125,,,,,
53.4,313.763,578.464,435.029,683.0,1363.573,464.0,96.876,885.04,244.018,,,,,
53.5,314.839,580.337,436.724,689.667,1368.072,465.667,97.479,886.051,244.911,,,,,
53.6,315.914,582.21,438.419,696.667,1372.57,467.333,98.082,887.061,245.789,,,,,
53.7,316.989,584.082,440.114,705.0,1377.068,469.0,98.684,888.071,246.667,,,,,
53.8,318.065,585.955,441.808,713.333,1381.567,470.667,99.287,889.081,247.544,,,,,
53.9,319.14,587.828,443.503,724.412,1386.065,472.333,99.89,890.091,248.421,,,,,
54.0,320.201,589.7,445.198,736.176,1390.564,474.0,100.493,891.101,249.298,,,,,
54.1,321.206,591.573,446.893,747.941,1395.062,475.667,101.095,892.111,250.179,,,,,
54.2,322.211,593.446,448.588,759.706,1399.561,477.333,101.698,893.121,251.071,,,,,
54.3,323.216,595.318,450.283,771.471,1404.059,479.0,102.301,894.131,251.964,,,,,
54.4,324.221,597.191,452.014,756.333,1408.557,480.667,102.904,895.141,252.857,,,,,
54.5,325.226,599.064,453.8,739.0,1413.056,482.333,103.507,896.152,253.75,,,,,
54.6,326.231,600.995,455.586,755.792,1417.554,484.0,104.109,897.162,254.643,,,,,
54.7,327.236,602.985,457.371,759.752,1422.053,485.667,104.712,898.172,255.857,,,,,
54.8,328.241,604.976,459.157,763.713,1426.551,487.333,105.315,899.182,257.286,,,,,
54.9,329.246,606.966,460.943,767.673,1431.049,489.0,105.918,900.192,258.714,,,,,
55.0,330.251,608.956,462.729,771.634,1435.548,490.667,106.52,901.816,260.125,,,,,
55.1,331.256,610.947,464.514,775.594,1440.046,492.333,107.123,905.898,261.375,,,,,
55.2,332.261,612.937,466.3,779.554,1444.545,494.0,107.726,909.98,262.625,,,,,
55.3,333.266,614.927,468.086,783.515,1449.043,495.667,108.329,914.061,263.875,,,,,
55.4,334.271,616.917,469.871,787.475,1453.542,497.333,108.932,918.143,265.1,,,,,
55.5,335.276,618.908,471.657,791.436,1458.04,499.0,109.534,922.25,266.1,,,,,
55.6,336.281,620.898,473.443,797.857,1462.538,500.682,110.137,926.417,267.1,,,,,
55.7,337.286,622.888,475.229,827.308,1467.037,502.386,110.74,930.583,268.1,,,,,
55.8,338.291,624.879,477.014,854.13,1471.535,504.091,111.343,934.75,269.1,,,,,
55.9,339.296,626.869,478.8,845.435,1476.034,505.795,111.945,938.917,270.106,,,,,
56.0,340.296,628.859,480.586,836.739,1480.532,507.5,112.548,943.174,271.17,,,,,
56.1,341.282,630.85,482.371,840.333,1485.031,509.205,113.151,947.522,272.234,,,,,
56.2,342.268,632.84,484.157,847.0,1489.529,510.909,113.754,951.87,273.298,,,,,
56.3,343.254,634.83,485.943,853.667,1494.027,512.614,114.357,956.217,274.362,,,,,
56.4,344.239,636.82,487.729,860.333,1498.526,514.318,114.959,960.565,275.435,,,,,
56.5,345.225,638.811,489.514,867.0,1503.024,516.055,115.562,964.673,276.522,,,,,
56.6,346.211,640.801,491.3,873.667,1507.523,517.814,116.165,968.755,277.609,,,,,
56.7,347.197,642.841,493.086,879.103,1512.021,519.573,116.768,972.837,278.696,,,,,
56.8,348.183,644.886,494.871,884.231,1516.52,521.332,117.37,976.918,279.783,,,,,
56.9,349.169,646.932,496.657,889.359,1521.018,523.09,117.973,981.0,280.364,,,,,
57.0,350.155,648.977,498.443,894.487,1525.516,524.849,118.576,985.0,280.818,,,,,
57.1,351.141,651.087,500.229,899.5,1530.015,526.608,119.618,989.0,281.273,,,,,
57.2,352.127,653.261,502.071,904.5,1534.513,528.367,120.66,993.0,281.727,,,,,
57.3,353.113,655.435,503.998,909.5,1539.012,530.126,121.702,997.0,282.182,,,,,
57.4,354.099,657.609,505.925,914.5,1543.51,531.884,122.743,1001.0,282.636,,,,,
57.5,355.085,659.783,507.852,918.83,1548.009,533.643,123.785,1005.167,283.091,,,,,
57.6,356.07,661.957,509.779,923.085,1552.507,535.402,124.827,1009.333,283.545,,,,,
57.7,357.056,664.13,511.706,927.34,1557.005,537.161,125.869,1013.5,284.0,,,,,
57.8,358.042,666.304,513.633,931.596,1561.504,538.92,126.911,1017.667,284.455,,,,,
57.9,359.028,668.478,515.56,948.333,1566.002,540.678,127.953,1021.833,284.909,,,,,
58.0,360.014,670.652,517.488,970.0,1570.501,542.437,128.995,1026.0,285.412,,,,,
58.1,,672.826,519.415,961.667,1574.999,544.196,130.036,1030.167,285.928,,,,,
58.2,,675.0,521.342,956.379,1579.498,545.955,131.078,1034.333,286.443,,,,,
58.3,,677.174,523.269,963.276,1583.996,547.714,132.12,1038.5,286.959,,,,,
58.4,,679.348,525.196,970.172,1588.494,549.472,133.162,1042.739,287.474,,,,,
58.5,,681.522,527.123,977.069,1592.993,551.277,134.204,1047.087,287.99,,,,,
58.6,,683.696,529.05,983.966,1597.491,553.102,135.246,1051.435,288.505,,,,,
58.7,,685.87,530.977,990.862,1601.99,554.927,136.288,1055.783,289.021,,,,,
58.8,,688.043,532.904,997.963,1606.488,556.752,137.33,1060.13,289.536,,,,,
58.9,,690.217,534.831,1005.37,1610.987,558.577,138.371,1064.556,290.167,,,,,
59.0,,692.391,536.758,1012.778,1615.485,560.401,139.413,1069.0,291.833,,,,,
59.1,,694.565,538.7,1019.667,1619.983,562.226,140.455,1073.444,293.5,,,,,
59.2,,696.739,540.7,1026.333,1624.482,564.051,141.497,1077.889,295.147,,,,,
59.3,,698.913,542.7,1033.0,1628.98,565.876,142.868,1082.333,296.618,,,,,
59.4,,701.008,544.7,1039.667,1633.479,567.701,144.24,1086.778,298.088,,,,,
59.5,,703.024,546.7,1046.333,1637.977,569.526,145.611,1091.222,299.559,,,,,
59.6,,705.04,548.7,1053.0,1642.475,571.35,146.982,1095.667,301.077,,,,,
59.7,,707.056,550.7,1059.667,1646.974,573.175,148.353,1100.111,302.615,,,,,
59.8,,709.073,552.729,1067.174,1651.472,575.0,149.725,1104.721,304.154,,,,,
59.9,,711.089,554.769,1078.043,1655.971,576.825,151.096,1109.372,305.692,,,,,
60.0,,713.105,556.81,1088.913,1660.469,578.65,152.467,1114.023,307.231,,,,,
60.1,,715.121,558.851,1099.783,1664.968,580.474,153.838,1118.674,308.769,,,,,
60.2,,717.137,560.892,1110.652,1669.466,582.299,155.21,1123.381,310.333,,,,,
60.3,,719.153,562.933,1117.586,1673.964,584.124,156.581,1128.143,312.0,,,,,
60.4,,721.169,564.973,1121.897,1678.463,585.949,157.952,1132.905,313.667,,,,,
60.5,,723.185,567.014,1126.207,1682.961,587.774,159.323,1137.667,315.333,,,,,
60.6,,725.202,569.055,1130.517,1687.46,589.599,160.695,1142.429,317.0,,,,,
60.7,,727.218,571.096,1134.828,1691.958,591.423,162.066,1147.19,318.667,,,,,
60.8,,729.234,573.137,1139.138,1696.457,593.248,163.437,1151.952,320.345,,,,,
60.9,,731.25,575.178,1143.448,1700.955,595.073,164.839,1156.714,322.069,,,,,
61.0,,733.266,577.218,1147.759,1705.453,596.898,166.286,1161.5,323.793,,,,,
61.1,,735.282,579.259,1152.069,1709.952,598.723,167.733,1166.5,325.517,,,,,
61.2,,737.298,581.3,1156.379,1714.45,600.568,169.18,1171.476,327.241,,,,,
61.3,,739.315,583.341,1160.69,1718.949,602.462,170.627,1176.238,328.966,,,,,
61.4,,741.331,585.382,1165.0,1723.447,604.356,172.074,1181.0,330.909,,,,,
61.5,,743.347,587.422,1176.364,1727.946,606.25,173.521,1186.128,333.182,,,,,
61.6,,745.363,589.463,1187.727,1732.444,608.144,174.968,1191.256,335.455,,,,,
61.7,,747.379,591.504,1199.091,1736.942,610.038,176.416,1196.385,337.727,,,,,
61.8,,749.395,593.545,1210.455,1741.441,611.932,177.863,1201.57,340.0,,,,,
61.9,,751.565,595.586,1220.357,1745.939,613.826,179.31,1207.268,341.887,,,,,
62.0,,753.8,597.627,1229.286,1750.438,615.72,180.757,1212.966,343.774,,,,,
62.1,,756.035,599.667,1238.214,1754.936,617.614,182.204,1218.664,345.66,,,,,
62.2,,758.271,601.729,1247.143,1759.435,619.508,183.651,1224.362,347.547,,,,,
62.3,,760.506,603.875,1256.071,1763.933,621.402,185.098,1230.06,349.434,,,,,
62.4,,762.741,606.021,1265.0,1768.431,623.295,186.545,1235.758,351.667,,,,,
62.5,,764.976,608.167,1270.952,1772.93,625.189,187.992,1241.456,354.048,,,,,
62.6,,767.212,610.313,1276.905,1777.428,627.083,189.745,1247.154,356.429,,,,,
62.7,,769.434,612.459,1282.857,1781.927,628.977,191.532,1252.852,358.81,,,,,
62.8,,771.601,614.605,1288.81,1786.425,630.871,193.318,1258.55,361.163,,,,,
62.9,,773.769,616.751,1294.762,1790.924,632.765,195.105,1264.248,363.488,,,,,
63.0,,775.937,618.897,1300.714,1795.422,634.659,196.891,1269.946,365.814,,,,,
63.1,,778.105,621.042,1306.667,1799.92,636.553,198.678,1275.644,368.14,,,,,
63.2,,780.273,623.188,1312.619,1804.419,638.447,200.465,1281.342,370.69,,,,,
63.3,,782.441,625.334,1319.839,1808.917,640.341,202.251,1287.04,374.138,,,,,
63.4,,784.608,627.48,1327.903,1813.416,642.235,204.038,1292.738,377.586,,,,,
63.5,,786.776,629.626,1335.968,1817.914,644.129,205.825,1298.436,380.638,,,,,
63.6,,788.944,631.772,1344.032,1822.413,646.023,207.611,1304.134,382.766,,,,,
63.7,,791.112,633.918,1352.097,1826.911,647.917,209.398,1309.832,384.894,,,,,
63.8,,793.28,636.064,1360.161,1831.409,649.811,211.184,1315.53,387.021,,,,,
63.9,,795.448,638.21,1368.509,1835.908,651.758,212.93,1321.228,389.149,,,,,
64.0,,797.615,640.356,1377.281,1840.406,653.711,214.649,1326.926,391.667,,,,,
64.1,,799.783,642.502,1386.053,1844.905,655.664,216.368,1332.624,394.444,,,,,
64.2,,801.837,644.648,1394.825,1849.403,657.617,218.087,1338.322,397.222,,,,,
64.3,,803.878,646.794,1403.596,1853.901,659.57,219.806,1344.02,400.0,,,,,
64.4,,805.918,648.939,1412.368,1858.4,661.523,221.525,1349.718,401.724,,,,,
64.5,,807.959,651.085,1420.738,1862.898,663.477,223.243,1355.416,403.448,,,,,
64.6,,810.0,653.336,1428.934,1867.397,665.43,224.962,1361.114,405.172,,,,,
64.7,,812.041,655.599,1437.131,1871.895,667.383,226.681,1366.812,406.897,,,,,
64.8,,814.082,657.861,1445.328,1876.394,669.336,228.4,1372.51,408.621,,,,,
64.9,,816.122,660.124,1453.525,1880.892,671.289,230.119,1378.208,415.6,,,,,
65.0,,818.163,662.386,1461.721,1885.39,673.242,231.838,1383.906,443.6,,,,,
65.1,,820.204,664.648,1470.882,1889.889,675.201,233.556,1389.604,471.6,,,,,
65.2,,822.245,666.911,1480.686,1894.387,677.212,235.275,1395.302,482.692,,,,,
65.3,,824.286,669.173,1490.49,1898.886,679.223,236.994,1401.0,486.538,,,,,
65.4,,826.327,671.436,1500.294,1903.384,681.233,238.859,1408.143,490.073,,,,,
65.5,,828.367,673.698,1510.098,1907.883,683.244,240.74,1415.286,490.803,,,,,
65.6,,830.408,675.961,1520.669,1912.381,685.255,242.622,1422.429,491.533,,,,,
65.7,,832.449,678.223,1532.007,1916.879,687.265,244.503,1429.571,492.263,,,,,
65.8,,834.49,680.486,1543.345,1921.378,689.276,246.384,1436.714,492.993,,,,,
65.9,,836.531,682.748,1554.683,1925.876,691.287,248.265,1443.857,493.723,,,,,
66.0,,838.571,685.01,1566.02,1930.375,693.298,250.147,1451.0,494.453,,,,,
66.1,,840.612,687.273,1577.358,1934.873,695.308,252.028,1458.143,495.182,,,,,
66.2,,842.653,689.535,1588.696,1939.372,697.319,253.909,1465.286,495.912,,,,,
66.3,,844.694,691.798,1600.034,1943.87,699.33,255.79,1472.429,496.642,,,,,
66.4,,846.735,694.06,1611.372,1948.368,701.34,257.672,1479.571,497.372,,,,,
66.5,,848.776,696.323,1622.71,1952.867,703.351,259.553,1486.714,498.102,,,,,
66.6,,850.816,698.585,1634.048,1957.365,705.362,261.434,1493.857,498.832,,,,,
66.7,,852.857,700.848,1645.385,1961.864,707.373,267.858,1501.0,499.562,,,,,
66.8,,854.898,703.223,1656.723,1966.362,709.383,274.282,1508.143,503.077,,,,,
66.9,,856.939,705.627,1668.061,1970.861,711.394,280.707,1515.286,510.625,,,,,
67.0,,858.98,708.031,1679.399,1975.359,713.405,287.023,1522.429,516.875,,,,,
67.1,,861.02,710.435,1690.737,1979.857,715.416,293.178,1529.571,527.143,,,,,
67.2,,863.061,712.838,1702.075,1984.356,717.426,299.333,1536.714,535.0,,,,,
67.3,,865.102,715.242,1713.413,1988.854,719.437,305.488,1543.857,541.333,,,,,
67.4,,867.143,717.646,1724.751,1993.353,721.448,308.775,1551.0,548.0,,,,,
67.5,,869.184,720.05,1736.088,1997.851,723.458,311.345,1558.143,553.182,,,,,
67.6,,871.224,722.454,1747.426,,725.469,313.915,1565.286,557.727,,,,,
67.7,,873.265,724.858,1758.764,,727.48,316.485,1572.429,563.226,,,,,
67.8,,875.306,727.262,1770.102,,729.491,319.055,1579.571,569.677,,,,,
67.9,,877.347,729.665,1781.44,,731.501,321.625,1586.714,576.129,,,,,
68.0,,879.388,732.069,1792.778,,733.512,324.195,1593.857,581.333,,,,,
68.1,,881.429,734.473,1804.116,,735.523,326.765,1601.0,584.0,,,,,
68.2,,883.469,736.877,1815.454,,737.534,329.335,1610.302,586.5,,,,,
68.3,,885.51,739.281,1826.791,,739.544,331.905,1619.605,589.0,,,,,
68.4,,887.551,741.685,1838.129,,741.555,334.611,1628.907,600.0,,,,,
68.5,,889.592,744.088,1849.467,,743.566,337.376,1638.209,604.167,,,,,
68.6,,891.633,746.492,1860.805,,745.576,340.14,1647.512,608.333,,,,,
68.7,,893.673,748.896,1872.143,,747.587,342.904,1656.814,612.5,,,,,
68.8,,895.714,751.3,1883.481,,749.598,345.669,1666.116,616.667,,,,,
68.9,,897.755,753.775,1894.819,,751.674,348.433,1675.419,621.905,,,,,
69.0,,899.796,756.25,1906.156,,753.766,351.198,1684.721,631.429,,,,,
69.1,,902.857,758.726,1917.494,,755.858,353.962,1694.023,640.444,,,,,
69.2,,906.032,761.201,1928.832,,757.95,356.726,1703.326,644.889,,,,,
69.3,,909.206,763.676,1940.17,,760.042,359.632,1712.628,649.333,,,,,
69.4,,912.381,766.151,1951.508,,762.134,363.101,1721.93,653.778,,,,,
69.5,,915.556,768.627,1962.846,,764.226,366.571,1731.233,658.222,,,,,
69.6,,918.73,771.102,1974.184,,766.318,370.04,1740.535,662.264,,,,,
69.7,,,773.577,1985.522,,768.41,373.509,1749.837,666.038,,,,,
69.8,,,776.052,1996.859,,770.502,376.978,1759.14,669.811,,,,,
69.9,,,778.528,2008.197,,772.594,380.448,1768.442,673.585,,,,,
70.0,,,781.003,2021.623,,774.686,383.917,1777.744,677.358,,,,,
70.1,,,783.478,2038.179,,776.778,387.44,1787.047,681.176,,,,,
70.2,,,785.953,2054.735,,778.87,390.977,1796.349,685.098,,,,,
70.3,,,788.429,2071.291,,780.962,394.514,1801.697,689.02,,,,,
70.4,,,790.904,2087.848,,783.054,398.051,1803.091,692.941,,,,,
70.5,,,793.379,2104.404,,785.146,401.587,1804.484,696.863,,,,,
70.6,,,795.854,2120.96,,787.238,405.124,1805.878,701.709,,,,,
70.7,,,798.33,2137.517,,789.331,408.661,1807.272,710.256,,,,,
70.8,,,800.805,2154.073,,791.423,411.575,1808.666,718.803,,,,,
70.9,,,803.437,2170.629,,793.515,413.556,1810.059,727.35,,,,,
71.0,,,806.109,2187.185,,795.607,415.537,1811.453,735.897,,,,,
71.1,,,808.781,2203.742,,797.699,417.518,1812.847,744.444,,,,,
71.2,,,811.453,2220.298,,799.791,419.499,1814.24,752.991,,,,,
71.3,,,814.124,2236.854,,801.935,421.48,1815.634,761.538,,,,,
71.4,,,816.796,2253.411,,804.086,423.461,1817.028,770.085,,,,,
71.5,,,819.468,2269.967,,806.237,425.442,1818.422,778.632,,,,,
71.6,,,822.14,2286.523,,808.387,427.423,1819.815,787.179,,,,,
71.7,,,824.811,2303.079,,810.538,429.403,1821.209,795.726,,,,,
71.8,,,827.483,2319.636,,812.688,431.384,1822.603,805.376,,,,,
71.9,,,830.155,2336.192,,814.839,433.365,1823.997,816.129,,,,,
